id,employee_code,employee_name,age,gender,city,department,job_role,education,employment_type,joining_date,experience_years,salary,performance_rating,projects_completed,status
1,EMP00001,Employee_00001,21,Male,Kolkata,HR,HR Executive,B.Tech,Full-Time,2021-04-01,4,90097,2.7,2,Active
2,EMP00002,Employee_00002,28,Female,Pune,Admin,Tester,B.Tech,Full-Time,2022-06-14,3,24956,3.7,11,On Leave
3,EMP00003,Employee_00003,31,Female,Bengaluru,HR,HR Executive,B.Tech,Part-Time,2024-09-27,1,90842,2.5,12,Inactive
4,EMP00004,Employee_00004,22,Male,Kolkata,Marketing,Support Engineer,MCA,Full-Time,2022-12-19,3,138435,3.6,6,On Leave
5,EMP00005,Employee_00005,22,Male,Bengaluru,Support,Tester,MBA,Contract,2020-10-11,5,77742,4.3,1,Inactive
6,EMP00006,Employee_00006,32,Male,Kochi,Finance,Executive,B.Sc,Part-Time,2021-10-28,4,111132,2.6,4,Inactive
7,EMP00007,Employee_00007,41,Male,Pune,IT,Support Engineer,MBA,Part-Time,2023-01-10,2,75570,4.1,12,Active
8,EMP00008,Employee_00008,39,Female,Vijayawada,Finance,Tester,B.Sc,Full-Time,2022-05-14,3,100490,2.6,7,On Leave
9,EMP00009,Employee_00009,38,Female,Delhi,Sales,Manager,MCA,Part-Time,2026-04-18,0,86876,4.2,6,Active
10,EMP00010,Employee_00010,24,Female,Kochi,HR,HR Executive,MBA,Contract,2020-07-11,5,58066,3.9,12,Inactive
11,EMP00011,Employee_00011,29,Female,Delhi,HR,Tester,MBA,Full-Time,2025-12-07,0,21009,4.0,1,Inactive
12,EMP00012,Employee_00012,44,Male,Kolkata,HR,Tester,M.Tech,Contract,2020-01-14,5,87045,4.9,12,On Leave
13,EMP00013,Employee_00013,25,Male,Kochi,Operations,Accountant,B.Tech,Full-Time,2022-03-25,3,116019,4.3,8,Inactive
14,EMP00014,Employee_00014,28,Male,Bengaluru,Admin,Analyst,MCA,Full-Time,2023-06-13,2,33184,2.7,9,Active
15,EMP00015,Employee_00015,38,Female,Pune,Sales,Tester,MBA,Contract,2025-04-30,0,61287,2.8,9,On Leave
16,EMP00016,Employee_00016,35,Male,Delhi,IT,Executive,MCA,Full-Time,2024-03-09,1,136354,2.4,3,Active
17,EMP00017,Employee_00017,43,Female,Bengaluru,Sales,Tester,M.Tech,Part-Time,2020-10-17,5,33433,2.7,0,Active
18,EMP00018,Employee_00018,25,Female,Pune,HR,Analyst,M.Tech,Part-Time,2026-01-17,0,141907,2.7,7,Inactive
19,EMP00019,Employee_00019,34,Male,Hyderabad,Support,Support Engineer,B.Tech,Full-Time,2024-09-30,1,140427,4.6,0,Active
20,EMP00020,Employee_00020,38,Female,Vijayawada,Sales,Analyst,MBA,Contract,2022-02-18,3,135601,2.4,2,Active
21,EMP00021,Employee_00021,41,Male,Chennai,Support,Accountant,MBA,Full-Time,2020-07-26,5,21868,4.9,12,Inactive
22,EMP00022,Employee_00022,26,Female,Vijayawada,Marketing,HR Executive,M.Tech,Contract,2020-08-28,5,117345,2.0,6,On Leave
23,EMP00023,Employee_00023,25,Male,Delhi,IT,Developer,MCA,Part-Time,2025-06-16,0,67780,2.9,0,On Leave
24,EMP00024,Employee_00024,26,Male,Bengaluru,HR,Executive,MBA,Full-Time,2025-12-15,0,32910,4.9,1,On Leave
25,EMP00025,Employee_00025,39,Female,Mumbai,Sales,Support Engineer,B.Sc,Part-Time,2022-10-05,3,28418,3.9,6,Inactive
26,EMP00026,Employee_00026,42,Male,Hyderabad,Admin,Analyst,B.Tech,Contract,2021-06-20,4,96642,3.4,12,Active
27,EMP00027,Employee_00027,29,Male,Delhi,Marketing,Manager,MBA,Contract,2025-09-03,0,52722,4.8,1,On Leave
28,EMP00028,Employee_00028,40,Female,Bengaluru,Finance,Tester,B.Tech,Full-Time,2023-05-24,2,20050,4.0,8,On Leave
29,EMP00029,Employee_00029,25,Female,Pune,Marketing,Accountant,B.Com,Full-Time,2026-03-16,0,89394,2.8,3,Active
30,EMP00030,Employee_00030,29,Male,Mumbai,Finance,Accountant,MCA,Contract,2024-09-30,1,29557,2.0,12,Inactive
31,EMP00031,Employee_00031,21,Male,Kolkata,IT,Support Engineer,MCA,Contract,2026-04-16,0,47327,2.2,11,Active
32,EMP00032,Employee_00032,25,Male,Delhi,Sales,Executive,M.Tech,Full-Time,2024-10-26,1,28965,2.9,12,Inactive
33,EMP00033,Employee_00033,34,Male,Chennai,Support,Developer,B.Sc,Contract,2026-04-12,0,58515,4.8,3,Inactive
34,EMP00034,Employee_00034,42,Male,Guntur,IT,Accountant,B.Sc,Full-Time,2024-08-13,1,83055,2.8,12,Inactive
35,EMP00035,Employee_00035,30,Male,Guntur,Operations,Tester,B.Tech,Part-Time,2023-12-03,2,77662,2.7,10,Inactive
36,EMP00036,Employee_00036,33,Female,Chennai,Marketing,Developer,B.Tech,Contract,2025-09-17,0,104808,4.8,1,Inactive
37,EMP00037,Employee_00037,44,Male,Guntur,Sales,Tester,B.Tech,Contract,2023-11-16,2,100228,3.3,8,Inactive
38,EMP00038,Employee_00038,37,Female,Kochi,Operations,Analyst,M.Tech,Part-Time,2020-01-07,5,69651,3.1,1,On Leave
39,EMP00039,Employee_00039,42,Female,Kolkata,Finance,Executive,MBA,Contract,2023-06-20,2,125057,3.0,11,Inactive
40,EMP00040,Employee_00040,40,Female,Mumbai,Sales,HR Executive,MCA,Contract,2021-12-13,4,96892,3.2,0,On Leave
41,EMP00041,Employee_00041,35,Female,Chennai,HR,Tester,MCA,Contract,2023-08-12,2,133811,3.3,3,On Leave
42,EMP00042,Employee_00042,23,Male,Chennai,IT,Developer,B.Sc,Part-Time,2023-10-04,2,79569,4.0,3,On Leave
43,EMP00043,Employee_00043,35,Male,Guntur,Admin,HR Executive,B.Sc,Full-Time,2020-10-25,5,126643,4.7,9,On Leave
44,EMP00044,Employee_00044,45,Male,Kolkata,Admin,Developer,MCA,Full-Time,2020-01-23,5,45941,4.3,3,Active
45,EMP00045,Employee_00045,25,Female,Vijayawada,Support,Accountant,B.Sc,Contract,2025-02-12,0,139803,4.0,8,Inactive
46,EMP00046,Employee_00046,29,Female,Pune,Marketing,Accountant,B.Tech,Contract,2025-01-17,0,82812,4.5,4,Inactive
47,EMP00047,Employee_00047,29,Male,Chennai,Finance,Executive,MBA,Contract,2022-08-18,3,106040,3.0,8,Active
48,EMP00048,Employee_00048,23,Female,Guntur,IT,Executive,MBA,Part-Time,2022-05-26,3,126755,3.2,8,On Leave
49,EMP00049,Employee_00049,45,Female,Guntur,Support,Executive,MBA,Full-Time,2020-03-21,5,117714,3.4,5,Inactive
50,EMP00050,Employee_00050,36,Female,Chennai,Admin,Manager,MCA,Contract,2024-11-20,1,25608,3.2,10,Active
51,EMP00051,Employee_00051,39,Male,Vijayawada,Finance,Developer,B.Com,Part-Time,2024-06-01,1,25104,2.3,6,Inactive
52,EMP00052,Employee_00052,35,Female,Guntur,Marketing,Analyst,MBA,Full-Time,2022-05-16,3,103680,3.0,6,On Leave
53,EMP00053,Employee_00053,22,Male,Hyderabad,Sales,Executive,B.Tech,Contract,2026-01-18,0,109740,2.7,1,Active
54,EMP00054,Employee_00054,25,Male,Vijayawada,Marketing,Support Engineer,B.Sc,Contract,2022-09-04,3,142141,4.0,9,On Leave
55,EMP00055,Employee_00055,45,Male,Mumbai,Support,HR Executive,M.Tech,Full-Time,2021-04-14,4,60930,4.9,1,Active
56,EMP00056,Employee_00056,24,Male,Kochi,IT,Support Engineer,MCA,Part-Time,2022-09-21,3,97058,4.6,9,On Leave
57,EMP00057,Employee_00057,23,Female,Bengaluru,Support,Support Engineer,M.Tech,Part-Time,2024-02-26,1,107451,2.0,6,On Leave
58,EMP00058,Employee_00058,34,Female,Kochi,Admin,Accountant,MBA,Contract,2021-09-18,4,64173,4.2,10,On Leave
59,EMP00059,Employee_00059,31,Female,Vijayawada,Sales,Accountant,MCA,Contract,2023-01-04,2,82355,4.5,1,On Leave
60,EMP00060,Employee_00060,31,Male,Vijayawada,Sales,Support Engineer,B.Com,Part-Time,2024-04-01,1,25523,3.5,5,Inactive
61,EMP00061,Employee_00061,38,Male,Pune,Support,Accountant,MCA,Full-Time,2023-02-05,2,20661,3.5,3,On Leave
62,EMP00062,Employee_00062,41,Male,Mumbai,Sales,HR Executive,M.Tech,Full-Time,2025-05-04,0,146665,3.3,0,Inactive
63,EMP00063,Employee_00063,32,Female,Kolkata,Operations,Support Engineer,M.Tech,Part-Time,2026-07-10,0,142062,3.7,5,Inactive
64,EMP00064,Employee_00064,29,Female,Bengaluru,Finance,Executive,B.Sc,Contract,2023-06-09,2,78434,2.4,3,Inactive
65,EMP00065,Employee_00065,44,Female,Pune,Operations,Manager,B.Com,Full-Time,2023-02-06,2,92186,4.9,3,On Leave
66,EMP00066,Employee_00066,25,Female,Chennai,Admin,Analyst,B.Tech,Contract,2025-12-27,0,89909,2.1,0,Inactive
67,EMP00067,Employee_00067,36,Female,Vijayawada,HR,Analyst,MBA,Part-Time,2025-04-06,0,133466,3.0,0,Active
68,EMP00068,Employee_00068,41,Female,Bengaluru,Sales,Analyst,MCA,Part-Time,2026-06-21,0,32053,2.5,12,On Leave
69,EMP00069,Employee_00069,45,Female,Kochi,Support,Tester,MCA,Contract,2022-07-13,3,117713,3.4,7,Active
70,EMP00070,Employee_00070,45,Male,Chennai,Sales,Manager,MCA,Full-Time,2021-02-10,4,72470,3.9,4,Active
71,EMP00071,Employee_00071,34,Female,Hyderabad,Sales,Tester,M.Tech,Part-Time,2020-01-11,5,136096,4.1,7,On Leave
72,EMP00072,Employee_00072,23,Male,Guntur,HR,Executive,M.Tech,Full-Time,2025-02-02,0,79190,4.8,12,Inactive
73,EMP00073,Employee_00073,23,Female,Vijayawada,HR,Accountant,M.Tech,Part-Time,2021-08-05,4,33633,2.5,4,On Leave
74,EMP00074,Employee_00074,29,Male,Kochi,IT,HR Executive,M.Tech,Part-Time,2024-07-06,1,149195,3.6,7,On Leave
75,EMP00075,Employee_00075,21,Male,Mumbai,IT,Manager,MBA,Contract,2022-10-22,3,41940,2.7,10,On Leave
76,EMP00076,Employee_00076,29,Female,Bengaluru,Admin,Support Engineer,MBA,Part-Time,2024-12-16,1,65576,5.0,6,Inactive
77,EMP00077,Employee_00077,26,Female,Guntur,IT,Accountant,B.Tech,Part-Time,2021-03-04,4,104456,3.2,7,Inactive
78,EMP00078,Employee_00078,24,Female,Guntur,IT,Executive,MCA,Part-Time,2023-08-17,2,123952,4.6,0,On Leave
79,EMP00079,Employee_00079,41,Female,Kolkata,Finance,Tester,MBA,Contract,2025-08-03,0,133878,4.3,3,Inactive
80,EMP00080,Employee_00080,21,Male,Kolkata,Support,Analyst,B.Sc,Full-Time,2021-05-12,4,80730,4.1,4,Inactive
81,EMP00081,Employee_00081,41,Female,Kolkata,Marketing,HR Executive,MBA,Part-Time,2021-04-26,4,58362,3.5,11,Active
82,EMP00082,Employee_00082,38,Male,Bengaluru,Marketing,HR Executive,B.Com,Contract,2025-02-13,0,55917,3.2,9,Inactive
83,EMP00083,Employee_00083,30,Female,Chennai,Admin,Accountant,B.Com,Part-Time,2020-01-11,5,96264,4.5,9,On Leave
84,EMP00084,Employee_00084,33,Male,Kochi,Support,Executive,MBA,Full-Time,2026-02-03,0,137365,4.8,3,Inactive
85,EMP00085,Employee_00085,43,Male,Vijayawada,IT,Manager,MCA,Contract,2025-04-21,0,117937,3.2,10,Inactive
86,EMP00086,Employee_00086,35,Male,Chennai,Support,Manager,B.Tech,Part-Time,2021-02-15,4,44138,3.6,7,Inactive
87,EMP00087,Employee_00087,40,Female,Delhi,Admin,Developer,MCA,Full-Time,2023-10-18,2,122197,3.9,5,Active
88,EMP00088,Employee_00088,28,Male,Vijayawada,Finance,Tester,B.Tech,Full-Time,2023-03-23,2,41692,3.3,1,Inactive
89,EMP00089,Employee_00089,30,Male,Kolkata,Support,Manager,B.Sc,Full-Time,2020-08-17,5,111969,3.1,2,Active
90,EMP00090,Employee_00090,40,Male,Pune,Admin,Tester,MBA,Part-Time,2024-04-15,1,81132,3.5,9,On Leave
91,EMP00091,Employee_00091,35,Male,Vijayawada,Operations,Tester,M.Tech,Part-Time,2020-02-08,5,93400,4.0,2,On Leave
92,EMP00092,Employee_00092,35,Female,Bengaluru,Sales,HR Executive,MCA,Part-Time,2022-10-21,3,97199,2.6,6,On Leave
93,EMP00093,Employee_00093,43,Female,Mumbai,IT,Developer,MCA,Contract,2023-04-26,2,95392,2.1,10,Inactive
94,EMP00094,Employee_00094,45,Male,Pune,Marketing,Manager,M.Tech,Full-Time,2023-03-18,2,78324,3.8,5,On Leave
95,EMP00095,Employee_00095,30,Male,Bengaluru,Marketing,Support Engineer,M.Tech,Part-Time,2020-06-10,5,133559,2.1,5,Active
96,EMP00096,Employee_00096,25,Male,Mumbai,Admin,Tester,M.Tech,Part-Time,2022-04-02,3,113907,3.6,4,Active
97,EMP00097,Employee_00097,23,Female,Kolkata,Operations,Analyst,MBA,Full-Time,2025-04-02,0,54898,4.3,3,Inactive
98,EMP00098,Employee_00098,24,Female,Kochi,Support,Support Engineer,B.Tech,Contract,2026-01-06,0,137219,3.1,11,Active
99,EMP00099,Employee_00099,21,Male,Vijayawada,Marketing,HR Executive,B.Tech,Full-Time,2025-04-15,0,103984,4.7,3,Active
100,EMP00100,Employee_00100,30,Male,Guntur,Admin,Support Engineer,M.Tech,Contract,2020-06-01,5,147138,2.3,3,On Leave
101,EMP00101,Employee_00101,34,Male,Vijayawada,Support,Tester,B.Tech,Contract,2026-01-21,0,58507,4.7,10,Inactive
102,EMP00102,Employee_00102,35,Male,Delhi,Operations,Developer,MBA,Part-Time,2022-06-08,3,134574,4.9,5,Active
103,EMP00103,Employee_00103,35,Male,Hyderabad,Operations,Executive,B.Sc,Contract,2021-05-15,4,42031,4.0,10,Active
104,EMP00104,Employee_00104,45,Female,Chennai,IT,Tester,B.Sc,Full-Time,2020-10-08,5,72305,3.8,3,On Leave
105,EMP00105,Employee_00105,26,Male,Hyderabad,Operations,Executive,MCA,Part-Time,2022-10-23,3,46816,4.0,0,Active
106,EMP00106,Employee_00106,29,Male,Bengaluru,Admin,Accountant,B.Com,Contract,2021-12-14,4,31736,2.4,6,On Leave
107,EMP00107,Employee_00107,35,Female,Vijayawada,IT,Developer,MBA,Part-Time,2021-03-22,4,76077,4.8,0,Inactive
108,EMP00108,Employee_00108,36,Female,Kochi,Finance,Analyst,B.Sc,Part-Time,2021-03-18,4,134277,2.2,1,On Leave
109,EMP00109,Employee_00109,38,Female,Vijayawada,Support,Analyst,M.Tech,Full-Time,2026-07-25,0,103245,3.1,9,On Leave
110,EMP00110,Employee_00110,44,Female,Delhi,Admin,HR Executive,MBA,Contract,2026-03-08,0,74367,3.3,3,Active
111,EMP00111,Employee_00111,34,Male,Vijayawada,HR,Analyst,B.Tech,Full-Time,2023-07-04,2,99926,4.0,5,Inactive
112,EMP00112,Employee_00112,44,Male,Kochi,Operations,Analyst,MBA,Part-Time,2021-01-30,4,115687,4.4,8,On Leave
113,EMP00113,Employee_00113,44,Female,Delhi,HR,Executive,B.Sc,Contract,2024-09-28,1,31486,4.9,9,Inactive
114,EMP00114,Employee_00114,24,Male,Mumbai,Sales,HR Executive,MCA,Contract,2022-07-07,3,109780,4.5,5,On Leave
115,EMP00115,Employee_00115,21,Female,Delhi,Operations,Developer,B.Sc,Full-Time,2026-03-30,0,88109,2.1,4,On Leave
116,EMP00116,Employee_00116,23,Male,Kolkata,Sales,HR Executive,MBA,Part-Time,2024-06-29,1,55191,4.2,0,Inactive
117,EMP00117,Employee_00117,32,Male,Hyderabad,Finance,Manager,MCA,Full-Time,2021-10-06,4,99693,4.2,12,On Leave
118,EMP00118,Employee_00118,29,Female,Guntur,Marketing,Executive,MCA,Full-Time,2020-11-30,5,134159,4.0,7,Inactive
119,EMP00119,Employee_00119,24,Female,Kolkata,Marketing,Developer,B.Sc,Part-Time,2024-10-26,1,92251,4.0,9,On Leave
120,EMP00120,Employee_00120,21,Male,Mumbai,Marketing,Support Engineer,B.Tech,Full-Time,2020-08-12,5,71588,2.9,3,Inactive
121,EMP00121,Employee_00121,26,Male,Kolkata,Operations,Analyst,MBA,Contract,2024-10-29,1,51865,3.1,11,Active
122,EMP00122,Employee_00122,21,Female,Kochi,Support,HR Executive,B.Com,Full-Time,2024-11-21,1,138521,4.8,5,Inactive
123,EMP00123,Employee_00123,31,Female,Delhi,HR,HR Executive,B.Tech,Full-Time,2020-03-26,5,63055,4.4,9,Inactive
124,EMP00124,Employee_00124,37,Female,Pune,Operations,Manager,B.Tech,Contract,2024-06-28,1,38616,3.2,4,On Leave
125,EMP00125,Employee_00125,37,Female,Chennai,Sales,Analyst,B.Sc,Part-Time,2021-04-12,4,68830,4.7,5,Active
126,EMP00126,Employee_00126,40,Male,Chennai,Admin,Accountant,MCA,Contract,2021-12-11,4,58073,4.3,10,Inactive
127,EMP00127,Employee_00127,41,Female,Chennai,Admin,Analyst,MBA,Part-Time,2026-05-01,0,102727,4.6,10,On Leave
128,EMP00128,Employee_00128,29,Female,Vijayawada,Admin,Developer,B.Tech,Part-Time,2023-05-25,2,32725,3.1,1,Inactive
129,EMP00129,Employee_00129,41,Female,Vijayawada,IT,Accountant,MCA,Contract,2020-11-10,5,41670,3.8,8,Active
130,EMP00130,Employee_00130,40,Female,Bengaluru,Operations,Analyst,MCA,Contract,2023-08-09,2,142683,3.5,0,Active
131,EMP00131,Employee_00131,28,Male,Delhi,Operations,Tester,MBA,Part-Time,2020-06-09,5,132755,5.0,8,Inactive
132,EMP00132,Employee_00132,41,Female,Mumbai,Marketing,Manager,B.Com,Full-Time,2020-08-02,5,105726,2.2,1,On Leave
133,EMP00133,Employee_00133,32,Female,Chennai,HR,Tester,MCA,Part-Time,2021-08-02,4,99325,4.9,11,On Leave
134,EMP00134,Employee_00134,25,Female,Hyderabad,Operations,Tester,B.Sc,Full-Time,2023-09-07,2,42498,3.9,6,Inactive
135,EMP00135,Employee_00135,27,Male,Mumbai,HR,Developer,M.Tech,Part-Time,2025-06-14,0,77386,5.0,2,On Leave
136,EMP00136,Employee_00136,40,Male,Vijayawada,IT,HR Executive,B.Com,Contract,2021-06-20,4,116754,2.5,2,On Leave
137,EMP00137,Employee_00137,35,Female,Pune,Sales,Tester,MBA,Full-Time,2022-08-30,3,92692,4.3,12,Inactive
138,EMP00138,Employee_00138,35,Female,Kolkata,Support,Manager,B.Sc,Contract,2026-05-25,0,139026,4.3,12,Active
139,EMP00139,Employee_00139,22,Male,Kolkata,HR,Tester,B.Tech,Full-Time,2022-10-21,3,143983,4.6,8,Inactive
140,EMP00140,Employee_00140,37,Male,Vijayawada,Operations,Developer,MBA,Full-Time,2025-01-14,0,56626,4.5,1,Inactive
141,EMP00141,Employee_00141,32,Female,Pune,IT,Support Engineer,B.Tech,Contract,2025-08-18,0,79807,3.2,1,On Leave
142,EMP00142,Employee_00142,25,Male,Vijayawada,Admin,Developer,B.Tech,Full-Time,2023-10-05,2,54070,2.1,7,Inactive
143,EMP00143,Employee_00143,25,Male,Mumbai,HR,Developer,B.Sc,Part-Time,2022-06-02,3,128953,2.3,4,On Leave
144,EMP00144,Employee_00144,23,Male,Kolkata,Sales,Manager,B.Com,Part-Time,2025-02-15,0,47060,4.5,7,Active
145,EMP00145,Employee_00145,28,Male,Kolkata,Operations,Analyst,MCA,Contract,2023-12-16,2,127200,2.6,10,On Leave
146,EMP00146,Employee_00146,38,Male,Guntur,Operations,Tester,M.Tech,Full-Time,2025-09-10,0,23330,3.2,7,Inactive
147,EMP00147,Employee_00147,32,Male,Kochi,Operations,Manager,B.Tech,Part-Time,2020-10-03,5,81209,4.2,10,On Leave
148,EMP00148,Employee_00148,41,Female,Vijayawada,Finance,Manager,B.Tech,Contract,2023-10-18,2,63898,4.5,10,Inactive
149,EMP00149,Employee_00149,30,Male,Delhi,Marketing,HR Executive,MCA,Part-Time,2020-05-31,5,70845,2.1,3,Inactive
150,EMP00150,Employee_00150,45,Male,Delhi,Marketing,Analyst,B.Com,Part-Time,2020-05-29,5,68096,2.9,12,Inactive
151,EMP00151,Employee_00151,33,Female,Delhi,Marketing,Analyst,M.Tech,Part-Time,2024-12-06,1,106876,4.9,7,Active
152,EMP00152,Employee_00152,40,Male,Bengaluru,Operations,Tester,B.Com,Part-Time,2024-10-29,1,65305,3.6,5,On Leave
153,EMP00153,Employee_00153,26,Female,Kochi,Support,Tester,M.Tech,Full-Time,2024-10-11,1,134367,3.1,0,Active
154,EMP00154,Employee_00154,32,Female,Hyderabad,Finance,Analyst,B.Sc,Contract,2024-07-21,1,59939,4.9,2,Inactive
155,EMP00155,Employee_00155,33,Female,Delhi,Operations,Accountant,B.Tech,Contract,2024-01-23,1,26489,3.8,10,Active
156,EMP00156,Employee_00156,32,Male,Bengaluru,IT,Manager,MBA,Contract,2025-12-08,0,122342,2.9,4,Inactive
157,EMP00157,Employee_00157,24,Female,Pune,Marketing,Accountant,B.Sc,Full-Time,2026-04-19,0,86623,4.3,11,Active
158,EMP00158,Employee_00158,35,Male,Delhi,Operations,Analyst,MCA,Contract,2020-10-30,5,63260,4.7,7,Inactive
159,EMP00159,Employee_00159,26,Male,Bengaluru,Sales,Manager,B.Sc,Part-Time,2023-05-13,2,63636,4.4,8,Active
160,EMP00160,Employee_00160,38,Male,Kochi,HR,Analyst,B.Com,Part-Time,2024-01-18,1,114707,3.4,8,On Leave
161,EMP00161,Employee_00161,37,Male,Chennai,Operations,Analyst,MBA,Part-Time,2025-05-14,0,125687,4.3,9,On Leave
162,EMP00162,Employee_00162,32,Male,Chennai,Support,Developer,B.Tech,Contract,2025-10-20,0,51642,4.6,12,Active
163,EMP00163,Employee_00163,26,Male,Delhi,Marketing,Analyst,B.Com,Full-Time,2023-05-30,2,60458,3.0,11,On Leave
164,EMP00164,Employee_00164,29,Male,Kolkata,Finance,Manager,B.Sc,Contract,2026-03-06,0,50812,3.9,9,On Leave
165,EMP00165,Employee_00165,39,Male,Hyderabad,Marketing,Executive,MCA,Part-Time,2023-10-14,2,28798,4.5,0,On Leave
166,EMP00166,Employee_00166,36,Female,Pune,Support,Tester,MBA,Full-Time,2020-05-04,5,93935,3.9,4,On Leave
167,EMP00167,Employee_00167,26,Male,Delhi,Finance,Support Engineer,M.Tech,Part-Time,2020-09-02,5,133239,3.2,7,On Leave
168,EMP00168,Employee_00168,33,Male,Delhi,Sales,Accountant,B.Tech,Part-Time,2023-11-15,2,52279,4.3,8,Inactive
169,EMP00169,Employee_00169,25,Female,Pune,Finance,Support Engineer,MCA,Contract,2022-10-12,3,43378,2.2,6,Inactive
170,EMP00170,Employee_00170,45,Female,Vijayawada,Marketing,Accountant,B.Tech,Full-Time,2022-02-16,3,59770,3.5,8,Inactive
171,EMP00171,Employee_00171,35,Male,Hyderabad,Marketing,Accountant,MCA,Contract,2025-09-01,0,81105,2.6,5,On Leave
172,EMP00172,Employee_00172,30,Male,Mumbai,Operations,HR Executive,B.Com,Full-Time,2025-04-11,0,20143,4.5,6,Inactive
173,EMP00173,Employee_00173,39,Male,Guntur,Admin,Tester,MCA,Contract,2020-07-28,5,69027,3.1,4,On Leave
174,EMP00174,Employee_00174,25,Female,Kolkata,Operations,Manager,B.Sc,Contract,2021-05-01,4,43344,3.2,12,On Leave
175,EMP00175,Employee_00175,37,Female,Vijayawada,Admin,Manager,MCA,Contract,2024-07-02,1,28552,2.1,2,Active
176,EMP00176,Employee_00176,40,Female,Kochi,Operations,Accountant,M.Tech,Contract,2023-09-05,2,101500,2.5,9,Inactive
177,EMP00177,Employee_00177,21,Female,Kochi,Marketing,Developer,MCA,Part-Time,2025-04-29,0,114562,3.0,1,Inactive
178,EMP00178,Employee_00178,39,Female,Chennai,Support,Manager,M.Tech,Full-Time,2026-06-27,0,77649,4.2,9,Active
179,EMP00179,Employee_00179,43,Female,Guntur,Finance,HR Executive,M.Tech,Full-Time,2026-06-03,0,46808,2.6,7,Inactive
180,EMP00180,Employee_00180,45,Male,Chennai,Sales,Support Engineer,M.Tech,Part-Time,2025-08-17,0,141628,4.6,11,On Leave
181,EMP00181,Employee_00181,31,Female,Kolkata,Operations,Tester,MCA,Part-Time,2024-03-23,1,63398,3.4,8,Active
182,EMP00182,Employee_00182,29,Female,Pune,Admin,Support Engineer,MBA,Part-Time,2022-10-06,3,96249,2.7,4,On Leave
183,EMP00183,Employee_00183,30,Female,Guntur,Operations,Manager,B.Com,Full-Time,2023-01-25,2,49948,3.7,8,Inactive
184,EMP00184,Employee_00184,32,Female,Pune,Sales,Tester,MCA,Contract,2020-11-19,5,133966,4.0,11,Inactive
185,EMP00185,Employee_00185,24,Male,Pune,IT,Analyst,MBA,Part-Time,2021-07-16,4,80726,2.7,10,On Leave
186,EMP00186,Employee_00186,24,Male,Guntur,Admin,Accountant,M.Tech,Full-Time,2025-04-18,0,54036,2.0,8,Inactive
187,EMP00187,Employee_00187,30,Male,Kolkata,IT,Manager,MBA,Full-Time,2023-08-08,2,33509,4.7,1,Active
188,EMP00188,Employee_00188,36,Male,Hyderabad,Marketing,Analyst,B.Com,Part-Time,2024-06-14,1,66840,4.8,4,Inactive
189,EMP00189,Employee_00189,37,Female,Mumbai,Sales,Analyst,B.Com,Full-Time,2026-02-03,0,147476,4.7,2,On Leave
190,EMP00190,Employee_00190,41,Female,Mumbai,Sales,Manager,MCA,Contract,2025-02-22,0,85440,4.2,0,Inactive
191,EMP00191,Employee_00191,37,Male,Chennai,Finance,Accountant,B.Com,Full-Time,2024-10-17,1,103964,2.3,10,Active
192,EMP00192,Employee_00192,33,Female,Mumbai,IT,Tester,M.Tech,Part-Time,2022-12-04,3,79740,3.3,4,On Leave
193,EMP00193,Employee_00193,22,Female,Kolkata,Marketing,Analyst,M.Tech,Part-Time,2022-08-25,3,48991,3.4,2,Inactive
194,EMP00194,Employee_00194,28,Female,Guntur,Admin,Executive,B.Sc,Contract,2022-06-23,3,53014,3.4,7,On Leave
195,EMP00195,Employee_00195,37,Male,Kochi,HR,Developer,MCA,Contract,2020-12-01,5,135112,3.6,5,Active
196,EMP00196,Employee_00196,38,Female,Bengaluru,Sales,Accountant,B.Tech,Contract,2026-06-03,0,57282,2.5,8,Inactive
197,EMP00197,Employee_00197,35,Male,Kolkata,Admin,Tester,M.Tech,Full-Time,2020-08-15,5,52588,3.5,7,Inactive
198,EMP00198,Employee_00198,21,Female,Delhi,HR,Developer,B.Tech,Part-Time,2022-11-08,3,75121,3.7,0,Active
199,EMP00199,Employee_00199,34,Female,Delhi,Support,Accountant,MBA,Part-Time,2023-03-21,2,65181,4.3,12,Active
200,EMP00200,Employee_00200,25,Female,Kolkata,Finance,Executive,B.Tech,Full-Time,2026-01-17,0,109165,2.4,8,Inactive
201,EMP00201,Employee_00201,42,Male,Vijayawada,Operations,Manager,B.Com,Full-Time,2025-03-11,0,129182,3.6,3,On Leave
202,EMP00202,Employee_00202,22,Male,Pune,HR,Analyst,MCA,Full-Time,2021-04-07,4,127901,3.8,0,Inactive
203,EMP00203,Employee_00203,28,Male,Hyderabad,Finance,Tester,B.Sc,Contract,2020-07-18,5,29596,3.2,3,On Leave
204,EMP00204,Employee_00204,39,Male,Guntur,Marketing,Tester,B.Tech,Contract,2023-07-30,2,102060,2.7,2,On Leave
205,EMP00205,Employee_00205,41,Female,Guntur,Operations,HR Executive,MBA,Full-Time,2021-12-18,4,129988,3.7,0,Inactive
206,EMP00206,Employee_00206,26,Female,Chennai,Admin,Developer,MCA,Part-Time,2024-03-21,1,142130,2.7,3,Inactive
207,EMP00207,Employee_00207,37,Male,Delhi,HR,Accountant,B.Com,Full-Time,2026-04-01,0,53151,3.2,4,On Leave
208,EMP00208,Employee_00208,22,Male,Bengaluru,Sales,Executive,MBA,Full-Time,2022-02-19,3,88375,3.1,9,Inactive
209,EMP00209,Employee_00209,21,Male,Vijayawada,Sales,Executive,MBA,Full-Time,2023-05-26,2,73524,4.8,11,On Leave
210,EMP00210,Employee_00210,45,Female,Mumbai,Marketing,Support Engineer,MCA,Part-Time,2023-08-10,2,92202,3.1,8,Inactive
211,EMP00211,Employee_00211,44,Male,Delhi,Operations,HR Executive,B.Tech,Contract,2021-02-07,4,141074,4.3,5,Active
212,EMP00212,Employee_00212,21,Female,Mumbai,Finance,Executive,B.Com,Full-Time,2021-08-20,4,86360,3.7,9,Inactive
213,EMP00213,Employee_00213,28,Female,Mumbai,Admin,Accountant,MBA,Full-Time,2026-05-22,0,148888,3.7,10,On Leave
214,EMP00214,Employee_00214,26,Male,Kolkata,IT,Developer,B.Tech,Contract,2023-12-13,2,54689,4.2,7,Active
215,EMP00215,Employee_00215,34,Male,Chennai,IT,Executive,MCA,Part-Time,2020-01-27,5,54042,4.5,3,Inactive
216,EMP00216,Employee_00216,40,Male,Kolkata,Support,Developer,B.Tech,Contract,2020-09-04,5,144669,4.0,0,On Leave
217,EMP00217,Employee_00217,38,Female,Chennai,HR,Analyst,MCA,Full-Time,2023-01-30,2,93153,2.1,11,Active
218,EMP00218,Employee_00218,40,Female,Bengaluru,Operations,HR Executive,MBA,Contract,2022-02-25,3,84169,4.4,4,Active
219,EMP00219,Employee_00219,30,Male,Bengaluru,Support,HR Executive,MBA,Contract,2022-07-14,3,39133,4.0,10,Inactive
220,EMP00220,Employee_00220,41,Female,Guntur,Operations,Analyst,MCA,Full-Time,2020-08-17,5,20477,4.1,1,Active
221,EMP00221,Employee_00221,43,Female,Kolkata,IT,Manager,B.Com,Full-Time,2022-05-15,3,142649,2.8,1,Active
222,EMP00222,Employee_00222,45,Male,Kochi,Sales,HR Executive,M.Tech,Contract,2021-08-13,4,122410,4.8,4,Inactive
223,EMP00223,Employee_00223,45,Male,Kolkata,Operations,Developer,B.Tech,Part-Time,2024-04-21,1,54687,4.4,11,Active
224,EMP00224,Employee_00224,31,Male,Mumbai,Admin,Accountant,B.Sc,Part-Time,2020-11-07,5,121993,4.9,5,On Leave
225,EMP00225,Employee_00225,34,Female,Bengaluru,Marketing,Executive,M.Tech,Full-Time,2024-03-17,1,66690,4.0,10,Active
226,EMP00226,Employee_00226,25,Male,Guntur,Operations,Support Engineer,B.Tech,Full-Time,2023-01-02,3,117614,4.1,10,Active
227,EMP00227,Employee_00227,35,Male,Bengaluru,Finance,HR Executive,MBA,Contract,2023-06-16,2,112350,4.3,1,On Leave
228,EMP00228,Employee_00228,34,Male,Kochi,Operations,HR Executive,B.Tech,Part-Time,2025-09-29,0,45077,2.1,5,Inactive
229,EMP00229,Employee_00229,45,Male,Kochi,Finance,HR Executive,B.Sc,Full-Time,2024-05-07,1,40203,4.2,8,Inactive
230,EMP00230,Employee_00230,29,Female,Mumbai,Support,Tester,MBA,Full-Time,2023-05-18,2,147269,2.4,2,Inactive
231,EMP00231,Employee_00231,28,Female,Bengaluru,Finance,Tester,B.Tech,Part-Time,2022-10-27,3,147971,3.8,3,Inactive
232,EMP00232,Employee_00232,31,Male,Mumbai,Operations,Executive,MBA,Part-Time,2024-04-05,1,133401,3.0,10,Active
233,EMP00233,Employee_00233,31,Female,Kochi,Sales,Support Engineer,MBA,Part-Time,2024-06-19,1,94401,4.2,10,Inactive
234,EMP00234,Employee_00234,24,Male,Kolkata,IT,Accountant,M.Tech,Full-Time,2024-02-04,1,70376,3.8,8,Inactive
235,EMP00235,Employee_00235,43,Female,Vijayawada,Finance,Tester,B.Sc,Part-Time,2023-04-08,2,36129,4.5,12,On Leave
236,EMP00236,Employee_00236,43,Female,Kochi,Admin,HR Executive,MCA,Contract,2021-09-23,4,128920,4.4,1,On Leave
237,EMP00237,Employee_00237,38,Male,Bengaluru,Sales,Support Engineer,B.Sc,Contract,2024-09-09,1,27637,4.4,5,On Leave
238,EMP00238,Employee_00238,39,Female,Bengaluru,IT,Analyst,B.Com,Full-Time,2020-06-30,5,122757,4.9,5,On Leave
239,EMP00239,Employee_00239,38,Female,Kochi,Finance,Support Engineer,B.Tech,Part-Time,2025-10-25,0,75942,3.3,6,Active
240,EMP00240,Employee_00240,34,Male,Delhi,Marketing,Support Engineer,MBA,Full-Time,2023-04-25,2,40506,2.3,11,On Leave
241,EMP00241,Employee_00241,32,Female,Delhi,HR,Tester,B.Tech,Contract,2025-06-01,0,142823,2.3,11,Active
242,EMP00242,Employee_00242,31,Male,Kolkata,Finance,Manager,B.Com,Contract,2020-04-02,5,46668,4.0,2,Inactive
243,EMP00243,Employee_00243,28,Female,Guntur,IT,Executive,MBA,Contract,2025-03-07,0,124180,3.9,2,Inactive
244,EMP00244,Employee_00244,21,Male,Kochi,HR,Manager,B.Com,Part-Time,2024-05-11,1,74307,2.6,12,Active
245,EMP00245,Employee_00245,24,Female,Kochi,Support,HR Executive,MCA,Full-Time,2025-02-17,0,86774,4.0,7,Inactive
246,EMP00246,Employee_00246,35,Female,Kochi,HR,Manager,B.Com,Full-Time,2023-12-12,2,63227,4.4,11,Active
247,EMP00247,Employee_00247,24,Female,Guntur,Finance,HR Executive,MBA,Full-Time,2023-06-04,2,65984,3.1,2,Inactive
248,EMP00248,Employee_00248,43,Female,Chennai,Finance,Support Engineer,MBA,Contract,2026-01-10,0,63412,3.7,7,Active
249,EMP00249,Employee_00249,21,Female,Guntur,Admin,HR Executive,M.Tech,Part-Time,2024-01-10,1,145037,2.4,6,Inactive
250,EMP00250,Employee_00250,23,Female,Hyderabad,Marketing,Executive,MCA,Part-Time,2021-11-16,4,26089,4.4,3,Active
251,EMP00251,Employee_00251,39,Male,Mumbai,Operations,Developer,M.Tech,Part-Time,2025-02-16,0,147843,3.6,1,On Leave
252,EMP00252,Employee_00252,34,Male,Mumbai,IT,Accountant,B.Com,Part-Time,2022-06-14,3,44847,4.2,10,Active
253,EMP00253,Employee_00253,24,Female,Kochi,Support,Manager,MCA,Full-Time,2024-12-03,1,80113,2.6,11,Active
254,EMP00254,Employee_00254,22,Male,Delhi,Marketing,Tester,MCA,Part-Time,2022-04-27,3,109964,3.6,9,On Leave
255,EMP00255,Employee_00255,25,Male,Chennai,Sales,Manager,M.Tech,Part-Time,2021-01-25,4,125897,4.8,4,Active
256,EMP00256,Employee_00256,36,Female,Guntur,Admin,Analyst,M.Tech,Full-Time,2024-05-27,1,55269,3.7,4,Inactive
257,EMP00257,Employee_00257,44,Female,Vijayawada,Operations,Developer,M.Tech,Full-Time,2025-10-12,0,90935,4.1,5,On Leave
258,EMP00258,Employee_00258,41,Female,Pune,Support,Executive,MBA,Part-Time,2025-02-20,0,111905,4.6,12,Inactive
259,EMP00259,Employee_00259,31,Female,Hyderabad,IT,Analyst,M.Tech,Part-Time,2023-03-07,2,52234,3.7,7,Active
260,EMP00260,Employee_00260,26,Male,Chennai,Marketing,Manager,B.Com,Full-Time,2021-05-23,4,133680,3.4,6,On Leave
261,EMP00261,Employee_00261,29,Male,Hyderabad,Support,Tester,M.Tech,Contract,2024-01-16,1,39606,3.1,10,Active
262,EMP00262,Employee_00262,41,Male,Vijayawada,HR,Manager,MCA,Full-Time,2024-10-24,1,41907,4.1,0,On Leave
263,EMP00263,Employee_00263,21,Female,Chennai,Admin,Analyst,B.Sc,Part-Time,2024-12-27,1,20113,4.1,1,Active
264,EMP00264,Employee_00264,24,Male,Guntur,Finance,Manager,B.Tech,Contract,2021-02-23,4,100143,3.1,4,On Leave
265,EMP00265,Employee_00265,40,Male,Chennai,Support,Accountant,B.Sc,Full-Time,2020-02-04,5,61022,3.3,11,Active
266,EMP00266,Employee_00266,45,Female,Guntur,Operations,Manager,B.Sc,Part-Time,2021-07-27,4,50284,3.8,6,On Leave
267,EMP00267,Employee_00267,28,Male,Mumbai,Sales,Executive,M.Tech,Part-Time,2020-12-11,5,92690,4.3,11,Inactive
268,EMP00268,Employee_00268,28,Female,Kochi,HR,Developer,B.Com,Part-Time,2020-08-11,5,147731,3.2,3,Active
269,EMP00269,Employee_00269,39,Male,Vijayawada,HR,Developer,MCA,Full-Time,2024-05-03,1,128326,3.1,10,Active
270,EMP00270,Employee_00270,27,Female,Kolkata,Marketing,HR Executive,MBA,Contract,2022-12-09,3,28440,4.8,12,Inactive
271,EMP00271,Employee_00271,41,Male,Kolkata,Sales,Manager,MCA,Part-Time,2020-12-03,5,58024,2.8,4,Inactive
272,EMP00272,Employee_00272,30,Male,Pune,HR,HR Executive,B.Tech,Part-Time,2020-09-27,5,132684,4.2,3,On Leave
273,EMP00273,Employee_00273,30,Male,Hyderabad,Finance,Accountant,B.Com,Contract,2020-08-13,5,64044,2.4,11,On Leave
274,EMP00274,Employee_00274,26,Female,Bengaluru,IT,Support Engineer,MBA,Part-Time,2022-11-27,3,115483,2.4,12,On Leave
275,EMP00275,Employee_00275,29,Female,Hyderabad,Admin,Manager,B.Com,Full-Time,2020-09-18,5,38203,3.5,8,Inactive
276,EMP00276,Employee_00276,39,Male,Hyderabad,IT,Executive,B.Tech,Part-Time,2021-02-25,4,48234,2.7,8,Inactive
277,EMP00277,Employee_00277,25,Female,Pune,Operations,Executive,MBA,Contract,2024-04-17,1,64913,4.8,0,Inactive
278,EMP00278,Employee_00278,23,Male,Chennai,Sales,Developer,MBA,Full-Time,2023-01-16,2,115729,2.4,10,Inactive
279,EMP00279,Employee_00279,45,Female,Hyderabad,Operations,Executive,B.Com,Contract,2023-03-02,2,99447,3.0,8,Inactive
280,EMP00280,Employee_00280,35,Male,Kolkata,Sales,Manager,B.Tech,Part-Time,2022-09-20,3,114540,3.8,7,Active
281,EMP00281,Employee_00281,38,Male,Delhi,IT,HR Executive,M.Tech,Contract,2022-08-12,3,108812,3.9,11,Inactive
282,EMP00282,Employee_00282,27,Male,Mumbai,HR,Developer,B.Sc,Contract,2021-03-01,4,80434,3.3,0,Inactive
283,EMP00283,Employee_00283,35,Male,Guntur,HR,Developer,MBA,Contract,2024-03-05,1,40256,3.7,8,Active
284,EMP00284,Employee_00284,30,Female,Delhi,Operations,Accountant,B.Com,Full-Time,2022-08-27,3,86417,4.6,12,Active
285,EMP00285,Employee_00285,25,Female,Vijayawada,Operations,HR Executive,B.Tech,Contract,2022-04-10,3,46566,2.5,2,Inactive
286,EMP00286,Employee_00286,35,Male,Chennai,Marketing,Developer,B.Sc,Part-Time,2022-04-30,3,98821,3.4,1,Active
287,EMP00287,Employee_00287,43,Male,Mumbai,Marketing,Manager,B.Tech,Part-Time,2021-01-08,4,83069,4.9,6,Inactive
288,EMP00288,Employee_00288,44,Male,Bengaluru,IT,Developer,B.Sc,Full-Time,2026-03-27,0,83497,2.3,1,Active
289,EMP00289,Employee_00289,32,Male,Hyderabad,HR,Executive,M.Tech,Part-Time,2024-06-28,1,40030,3.7,4,Active
290,EMP00290,Employee_00290,31,Male,Chennai,Support,HR Executive,MBA,Full-Time,2021-01-11,4,50119,2.1,7,Inactive
291,EMP00291,Employee_00291,26,Female,Mumbai,Admin,Manager,B.Tech,Contract,2024-10-13,1,110784,2.6,2,On Leave
292,EMP00292,Employee_00292,41,Female,Hyderabad,HR,Tester,MBA,Full-Time,2022-10-03,3,95360,3.5,8,Inactive
293,EMP00293,Employee_00293,41,Male,Guntur,Operations,Accountant,MCA,Part-Time,2022-03-27,3,83312,3.9,12,Inactive
294,EMP00294,Employee_00294,37,Male,Delhi,Sales,Developer,B.Com,Full-Time,2026-05-05,0,102306,3.2,2,Inactive
295,EMP00295,Employee_00295,32,Male,Pune,Marketing,Developer,B.Sc,Contract,2025-12-08,0,79017,4.9,1,Inactive
296,EMP00296,Employee_00296,26,Female,Kochi,IT,Support Engineer,MCA,Contract,2023-12-24,2,64163,2.7,5,Active
297,EMP00297,Employee_00297,27,Female,Hyderabad,HR,Developer,B.Sc,Contract,2026-04-25,0,147034,3.6,2,Active
298,EMP00298,Employee_00298,37,Male,Chennai,Operations,Manager,B.Com,Full-Time,2020-03-22,5,143301,2.0,9,Active
299,EMP00299,Employee_00299,39,Female,Bengaluru,Operations,HR Executive,MCA,Full-Time,2021-08-28,4,55133,4.3,8,Inactive
300,EMP00300,Employee_00300,31,Female,Vijayawada,Operations,Manager,M.Tech,Contract,2023-05-21,2,53769,4.9,11,On Leave
301,EMP00301,Employee_00301,28,Female,Chennai,Finance,Developer,M.Tech,Contract,2024-01-01,2,63967,3.1,11,Inactive
302,EMP00302,Employee_00302,22,Male,Kochi,HR,Accountant,B.Sc,Part-Time,2026-05-13,0,65731,3.8,12,On Leave
303,EMP00303,Employee_00303,28,Male,Delhi,Admin,Developer,B.Com,Full-Time,2020-11-14,5,108914,4.9,2,Active
304,EMP00304,Employee_00304,32,Male,Hyderabad,Support,Accountant,M.Tech,Part-Time,2020-10-04,5,85281,4.4,11,Active
305,EMP00305,Employee_00305,36,Male,Vijayawada,Sales,Manager,MBA,Full-Time,2024-08-22,1,117277,3.1,6,Active
306,EMP00306,Employee_00306,21,Male,Delhi,Finance,HR Executive,B.Sc,Contract,2023-04-22,2,101549,2.8,1,Active
307,EMP00307,Employee_00307,23,Female,Hyderabad,Support,Manager,MCA,Part-Time,2026-02-18,0,106591,3.8,9,Active
308,EMP00308,Employee_00308,24,Female,Kolkata,Marketing,Tester,B.Com,Full-Time,2020-08-07,5,104794,2.6,3,Active
309,EMP00309,Employee_00309,33,Male,Guntur,HR,Tester,M.Tech,Contract,2020-07-22,5,146699,2.5,5,On Leave
310,EMP00310,Employee_00310,27,Female,Bengaluru,Admin,Analyst,B.Com,Part-Time,2025-05-21,0,43424,2.1,2,Inactive
311,EMP00311,Employee_00311,42,Female,Chennai,Operations,HR Executive,B.Com,Full-Time,2025-06-26,0,87469,2.3,8,Inactive
312,EMP00312,Employee_00312,29,Female,Kochi,IT,Manager,M.Tech,Contract,2020-07-01,5,133275,3.4,3,Active
313,EMP00313,Employee_00313,42,Male,Kolkata,IT,HR Executive,MCA,Part-Time,2020-12-17,5,108122,4.4,6,On Leave
314,EMP00314,Employee_00314,39,Female,Hyderabad,Finance,Analyst,MBA,Full-Time,2025-04-28,0,79772,3.4,1,Active
315,EMP00315,Employee_00315,27,Female,Pune,Finance,Tester,B.Com,Contract,2022-05-17,3,51078,2.1,1,Active
316,EMP00316,Employee_00316,33,Female,Hyderabad,Support,Analyst,MBA,Full-Time,2020-12-22,5,122164,3.7,4,Active
317,EMP00317,Employee_00317,39,Male,Mumbai,Operations,HR Executive,B.Com,Part-Time,2026-05-09,0,44267,4.8,9,On Leave
318,EMP00318,Employee_00318,39,Female,Chennai,Support,Developer,MBA,Part-Time,2025-06-11,0,142006,2.1,4,On Leave
319,EMP00319,Employee_00319,22,Male,Delhi,Marketing,Tester,B.Com,Part-Time,2022-08-31,3,142575,4.8,5,On Leave
320,EMP00320,Employee_00320,28,Female,Delhi,Marketing,HR Executive,MCA,Contract,2021-02-06,4,53228,2.9,11,Active
321,EMP00321,Employee_00321,35,Female,Kolkata,Operations,Developer,MCA,Full-Time,2022-02-08,3,73414,4.7,6,Active
322,EMP00322,Employee_00322,43,Male,Chennai,Sales,Executive,B.Tech,Full-Time,2023-06-28,2,123744,2.4,8,Active
323,EMP00323,Employee_00323,22,Female,Vijayawada,Support,Analyst,M.Tech,Full-Time,2025-02-12,0,112470,4.1,4,Active
324,EMP00324,Employee_00324,36,Female,Delhi,Finance,Tester,M.Tech,Contract,2024-03-05,1,134943,2.5,7,Active
325,EMP00325,Employee_00325,21,Male,Pune,Sales,Executive,B.Com,Contract,2023-03-13,2,119335,2.1,9,Inactive
326,EMP00326,Employee_00326,21,Male,Kochi,IT,Executive,B.Com,Contract,2025-10-03,0,20332,3.4,2,Inactive
327,EMP00327,Employee_00327,34,Female,Pune,Admin,Tester,M.Tech,Contract,2023-02-01,2,116690,4.6,7,On Leave
328,EMP00328,Employee_00328,39,Female,Kolkata,Marketing,Tester,M.Tech,Full-Time,2024-06-14,1,44820,2.0,10,Inactive
329,EMP00329,Employee_00329,31,Female,Mumbai,Sales,Manager,MCA,Full-Time,2020-09-18,5,90478,3.9,4,Active
330,EMP00330,Employee_00330,42,Male,Vijayawada,Marketing,Tester,MBA,Part-Time,2024-07-13,1,101777,4.0,11,Inactive
331,EMP00331,Employee_00331,39,Male,Kolkata,Admin,Support Engineer,MCA,Part-Time,2020-05-24,5,67785,3.0,11,Active
332,EMP00332,Employee_00332,26,Female,Kolkata,Finance,Support Engineer,M.Tech,Full-Time,2026-04-05,0,95013,2.3,2,Active
333,EMP00333,Employee_00333,28,Female,Mumbai,Marketing,Accountant,B.Tech,Part-Time,2023-12-26,2,98500,3.3,5,Active
334,EMP00334,Employee_00334,39,Male,Guntur,Marketing,HR Executive,B.Tech,Full-Time,2026-07-18,0,36668,3.4,3,Active
335,EMP00335,Employee_00335,31,Male,Delhi,Finance,Analyst,MBA,Part-Time,2022-03-31,3,125267,5.0,7,On Leave
336,EMP00336,Employee_00336,31,Male,Chennai,Finance,Accountant,B.Tech,Full-Time,2021-12-25,4,33207,2.0,4,On Leave
337,EMP00337,Employee_00337,41,Female,Hyderabad,IT,Executive,M.Tech,Part-Time,2024-11-11,1,130567,3.2,7,Active
338,EMP00338,Employee_00338,45,Male,Pune,Operations,Tester,B.Sc,Full-Time,2023-08-12,2,67958,2.1,0,Inactive
339,EMP00339,Employee_00339,39,Female,Mumbai,Admin,Support Engineer,MBA,Contract,2025-08-23,0,98246,2.5,0,Active
340,EMP00340,Employee_00340,36,Female,Hyderabad,Sales,Executive,M.Tech,Full-Time,2023-11-04,2,112175,4.3,2,Active
341,EMP00341,Employee_00341,39,Male,Guntur,Marketing,Developer,MCA,Full-Time,2020-03-30,5,62298,2.4,11,On Leave
342,EMP00342,Employee_00342,41,Female,Vijayawada,Support,Analyst,MCA,Part-Time,2021-03-18,4,23175,2.1,1,Inactive
343,EMP00343,Employee_00343,27,Male,Kolkata,Marketing,Manager,MBA,Full-Time,2021-09-19,4,20439,2.9,10,On Leave
344,EMP00344,Employee_00344,30,Male,Kochi,Sales,Tester,MCA,Full-Time,2021-04-27,4,47887,4.4,7,Inactive
345,EMP00345,Employee_00345,30,Male,Vijayawada,Operations,Executive,B.Tech,Full-Time,2024-08-05,1,60040,2.1,7,On Leave
346,EMP00346,Employee_00346,24,Male,Bengaluru,Marketing,Executive,MBA,Part-Time,2020-12-30,5,147526,2.4,1,Inactive
347,EMP00347,Employee_00347,22,Female,Delhi,Operations,HR Executive,M.Tech,Full-Time,2025-03-16,0,44164,4.4,0,Active
348,EMP00348,Employee_00348,21,Female,Delhi,Admin,Tester,M.Tech,Full-Time,2020-07-06,5,54279,4.0,2,Inactive
349,EMP00349,Employee_00349,26,Female,Guntur,Admin,HR Executive,M.Tech,Full-Time,2023-11-04,2,47840,3.2,7,Active
350,EMP00350,Employee_00350,43,Male,Guntur,Admin,Accountant,B.Sc,Contract,2021-06-26,4,33373,4.9,2,Inactive
351,EMP00351,Employee_00351,40,Male,Vijayawada,Admin,Analyst,MBA,Part-Time,2024-01-08,1,25554,4.6,11,Active
352,EMP00352,Employee_00352,29,Male,Delhi,HR,HR Executive,M.Tech,Contract,2020-09-16,5,100375,2.0,10,Active
353,EMP00353,Employee_00353,32,Male,Hyderabad,Finance,Accountant,MBA,Full-Time,2025-05-27,0,118893,2.4,8,Active
354,EMP00354,Employee_00354,31,Male,Kolkata,Sales,HR Executive,MBA,Full-Time,2025-07-06,0,81148,3.0,4,Active
355,EMP00355,Employee_00355,35,Female,Delhi,HR,Accountant,M.Tech,Contract,2025-02-23,0,135466,2.3,7,Active
356,EMP00356,Employee_00356,33,Male,Bengaluru,Marketing,Executive,M.Tech,Contract,2021-02-24,4,126092,2.1,8,Inactive
357,EMP00357,Employee_00357,32,Female,Kolkata,Admin,Support Engineer,M.Tech,Part-Time,2023-10-28,2,32227,4.4,7,Active
358,EMP00358,Employee_00358,45,Female,Kolkata,Operations,Analyst,B.Tech,Full-Time,2021-02-03,4,76129,2.0,5,Inactive
359,EMP00359,Employee_00359,43,Male,Pune,HR,HR Executive,B.Sc,Part-Time,2021-07-29,4,125272,2.3,9,Active
360,EMP00360,Employee_00360,24,Male,Vijayawada,Admin,Manager,MBA,Full-Time,2023-10-16,2,126650,2.1,10,On Leave
361,EMP00361,Employee_00361,38,Male,Kochi,Finance,Manager,B.Tech,Part-Time,2020-07-17,5,131458,4.5,7,On Leave
362,EMP00362,Employee_00362,37,Male,Mumbai,Support,Support Engineer,B.Com,Part-Time,2023-08-11,2,118837,3.3,9,Active
363,EMP00363,Employee_00363,34,Female,Kolkata,Sales,Executive,B.Sc,Contract,2021-07-19,4,96358,4.5,8,On Leave
364,EMP00364,Employee_00364,42,Male,Kolkata,Operations,Analyst,B.Com,Contract,2023-04-05,2,108516,4.8,2,Inactive
365,EMP00365,Employee_00365,39,Female,Guntur,IT,Analyst,B.Tech,Part-Time,2026-07-15,0,127439,4.0,8,Active
366,EMP00366,Employee_00366,42,Male,Mumbai,Marketing,Manager,B.Tech,Contract,2020-08-05,5,32838,2.6,12,Inactive
367,EMP00367,Employee_00367,45,Male,Kochi,Sales,HR Executive,B.Sc,Contract,2022-04-15,3,26468,3.1,7,On Leave
368,EMP00368,Employee_00368,43,Female,Delhi,IT,Developer,M.Tech,Part-Time,2023-03-24,2,30315,4.8,6,Active
369,EMP00369,Employee_00369,28,Male,Pune,Marketing,Accountant,B.Sc,Contract,2024-12-19,1,114401,4.3,8,Active
370,EMP00370,Employee_00370,26,Female,Kolkata,Marketing,Manager,B.Sc,Contract,2022-02-04,3,49287,3.1,6,Inactive
371,EMP00371,Employee_00371,31,Male,Chennai,Operations,Developer,M.Tech,Contract,2020-01-24,5,140245,4.1,2,On Leave
372,EMP00372,Employee_00372,36,Female,Kolkata,Sales,Manager,MCA,Full-Time,2023-05-18,2,111869,2.2,11,On Leave
373,EMP00373,Employee_00373,34,Male,Delhi,Operations,Support Engineer,B.Com,Full-Time,2021-10-14,4,123753,2.3,3,On Leave
374,EMP00374,Employee_00374,36,Female,Pune,Sales,Developer,M.Tech,Part-Time,2025-12-12,0,20307,2.3,5,Inactive
375,EMP00375,Employee_00375,33,Male,Kolkata,Operations,Accountant,MBA,Full-Time,2021-04-09,4,85263,3.6,4,Inactive
376,EMP00376,Employee_00376,31,Male,Bengaluru,Sales,Executive,M.Tech,Part-Time,2022-02-27,3,39586,4.8,2,Active
377,EMP00377,Employee_00377,38,Male,Hyderabad,Admin,Support Engineer,B.Tech,Full-Time,2022-04-22,3,132094,3.9,1,Active
378,EMP00378,Employee_00378,26,Male,Mumbai,Support,HR Executive,MBA,Contract,2020-08-10,5,84036,3.7,9,Inactive
379,EMP00379,Employee_00379,31,Male,Kochi,HR,Developer,M.Tech,Full-Time,2024-11-08,1,22427,3.2,1,Inactive
380,EMP00380,Employee_00380,24,Male,Mumbai,Admin,HR Executive,MBA,Contract,2025-08-21,0,93978,4.4,4,Active
381,EMP00381,Employee_00381,26,Female,Chennai,Marketing,Support Engineer,B.Tech,Contract,2025-04-25,0,75636,2.4,6,On Leave
382,EMP00382,Employee_00382,24,Female,Kolkata,HR,Tester,B.Sc,Contract,2021-08-02,4,28950,2.0,9,On Leave
383,EMP00383,Employee_00383,27,Male,Chennai,Finance,Executive,MCA,Part-Time,2023-11-09,2,126174,4.7,8,Active
384,EMP00384,Employee_00384,26,Female,Kolkata,HR,Tester,M.Tech,Full-Time,2021-04-14,4,32257,4.6,8,Inactive
385,EMP00385,Employee_00385,27,Male,Pune,HR,Tester,MCA,Full-Time,2021-02-06,4,145714,4.9,5,Active
386,EMP00386,Employee_00386,36,Female,Kochi,Finance,Support Engineer,B.Com,Part-Time,2023-07-25,2,136134,3.0,10,Active
387,EMP00387,Employee_00387,31,Female,Mumbai,Operations,Manager,M.Tech,Contract,2020-01-20,5,82533,4.4,11,Inactive
388,EMP00388,Employee_00388,35,Female,Kolkata,HR,Manager,M.Tech,Contract,2025-05-19,0,134747,3.1,4,Active
389,EMP00389,Employee_00389,25,Male,Bengaluru,IT,Developer,MCA,Contract,2023-02-23,2,69493,2.8,10,Inactive
390,EMP00390,Employee_00390,22,Female,Chennai,Operations,HR Executive,B.Sc,Contract,2022-05-21,3,86319,3.6,8,On Leave
391,EMP00391,Employee_00391,25,Female,Delhi,IT,Executive,MCA,Contract,2023-04-06,2,139818,3.5,1,Active
392,EMP00392,Employee_00392,25,Male,Vijayawada,Operations,Developer,B.Sc,Part-Time,2025-10-06,0,134974,2.5,9,Active
393,EMP00393,Employee_00393,29,Male,Kolkata,Operations,HR Executive,MBA,Part-Time,2020-09-14,5,114845,2.7,10,Active
394,EMP00394,Employee_00394,41,Female,Mumbai,Finance,HR Executive,M.Tech,Part-Time,2020-06-12,5,102953,2.3,8,Inactive
395,EMP00395,Employee_00395,37,Female,Delhi,Operations,Accountant,MBA,Contract,2020-11-14,5,83951,3.1,3,Active
396,EMP00396,Employee_00396,25,Female,Pune,Finance,Manager,B.Sc,Part-Time,2025-08-17,0,133316,2.5,1,On Leave
397,EMP00397,Employee_00397,42,Male,Vijayawada,Admin,Accountant,B.Sc,Contract,2021-04-29,4,78383,3.2,5,Active
398,EMP00398,Employee_00398,21,Male,Chennai,IT,Manager,B.Tech,Full-Time,2024-08-10,1,81876,2.1,9,Inactive
399,EMP00399,Employee_00399,37,Male,Mumbai,HR,Executive,MBA,Contract,2022-01-07,3,124287,3.8,9,Inactive
400,EMP00400,Employee_00400,26,Male,Kochi,Finance,Tester,B.Sc,Contract,2025-05-26,0,75504,4.5,9,On Leave
401,EMP00401,Employee_00401,35,Male,Bengaluru,IT,Executive,MCA,Contract,2023-11-04,2,36046,2.7,6,On Leave
402,EMP00402,Employee_00402,25,Male,Kolkata,HR,Analyst,MBA,Contract,2024-09-15,1,43244,2.5,9,Active
403,EMP00403,Employee_00403,21,Male,Kolkata,Support,Executive,MBA,Part-Time,2026-01-17,0,131114,3.6,5,Inactive
404,EMP00404,Employee_00404,24,Male,Bengaluru,Marketing,HR Executive,B.Com,Full-Time,2026-06-17,0,129539,2.4,7,Active
405,EMP00405,Employee_00405,39,Male,Delhi,Support,Support Engineer,B.Tech,Full-Time,2020-01-30,5,48888,3.6,6,Inactive
406,EMP00406,Employee_00406,29,Female,Kochi,Marketing,HR Executive,B.Sc,Part-Time,2026-07-25,0,86498,4.6,6,On Leave
407,EMP00407,Employee_00407,36,Female,Mumbai,Marketing,Support Engineer,M.Tech,Part-Time,2026-04-02,0,64850,3.1,8,On Leave
408,EMP00408,Employee_00408,42,Male,Bengaluru,Sales,HR Executive,B.Com,Contract,2021-07-19,4,49217,4.2,7,On Leave
409,EMP00409,Employee_00409,26,Male,Chennai,Admin,HR Executive,B.Tech,Full-Time,2020-08-01,5,120001,4.9,0,Inactive
410,EMP00410,Employee_00410,32,Female,Guntur,Marketing,Developer,B.Sc,Contract,2022-06-27,3,38981,3.8,11,Inactive
411,EMP00411,Employee_00411,21,Female,Pune,IT,Executive,MCA,Full-Time,2024-12-03,1,70876,4.6,12,On Leave
412,EMP00412,Employee_00412,32,Male,Mumbai,Support,Support Engineer,M.Tech,Part-Time,2020-05-27,5,80719,4.0,2,Inactive
413,EMP00413,Employee_00413,27,Male,Kolkata,Marketing,Support Engineer,B.Com,Part-Time,2026-07-28,0,22028,4.2,1,Active
414,EMP00414,Employee_00414,35,Male,Guntur,HR,Analyst,MCA,Part-Time,2022-03-07,3,123894,3.7,4,Inactive
415,EMP00415,Employee_00415,37,Female,Vijayawada,Support,Accountant,B.Sc,Part-Time,2021-04-24,4,85552,4.6,12,Inactive
416,EMP00416,Employee_00416,39,Male,Guntur,Sales,Executive,B.Com,Part-Time,2025-03-02,0,25169,3.4,4,Inactive
417,EMP00417,Employee_00417,38,Male,Mumbai,HR,HR Executive,M.Tech,Contract,2025-10-16,0,20548,4.1,4,Inactive
418,EMP00418,Employee_00418,38,Male,Kochi,Marketing,Manager,M.Tech,Contract,2020-11-07,5,64788,3.4,5,Active
419,EMP00419,Employee_00419,44,Female,Pune,Sales,Executive,B.Sc,Contract,2025-08-05,0,70341,2.7,3,Inactive
420,EMP00420,Employee_00420,45,Female,Kochi,IT,Developer,MBA,Part-Time,2021-09-30,4,45967,2.4,1,On Leave
421,EMP00421,Employee_00421,36,Female,Guntur,Sales,Manager,B.Tech,Contract,2023-07-15,2,90019,3.5,12,Inactive
422,EMP00422,Employee_00422,38,Male,Vijayawada,HR,Accountant,B.Com,Contract,2025-05-13,0,26536,3.5,6,Active
423,EMP00423,Employee_00423,42,Female,Delhi,Marketing,Manager,MCA,Part-Time,2020-02-18,5,73247,3.1,1,Active
424,EMP00424,Employee_00424,36,Female,Pune,Support,Support Engineer,B.Com,Part-Time,2023-01-08,2,107940,3.1,7,Inactive
425,EMP00425,Employee_00425,26,Male,Bengaluru,Marketing,Executive,MCA,Part-Time,2025-01-20,0,52377,4.9,10,Inactive
426,EMP00426,Employee_00426,25,Male,Guntur,Admin,Manager,M.Tech,Contract,2022-03-14,3,57203,3.4,0,On Leave
427,EMP00427,Employee_00427,36,Male,Guntur,HR,Manager,B.Tech,Full-Time,2023-07-17,2,96652,2.8,9,Inactive
428,EMP00428,Employee_00428,41,Female,Delhi,Operations,Tester,B.Com,Full-Time,2025-05-05,0,43244,3.3,5,Inactive
429,EMP00429,Employee_00429,32,Male,Mumbai,Operations,Support Engineer,M.Tech,Contract,2021-05-11,4,70155,3.7,10,Inactive
430,EMP00430,Employee_00430,23,Male,Chennai,Operations,HR Executive,M.Tech,Contract,2025-01-04,0,117895,3.8,7,On Leave
431,EMP00431,Employee_00431,23,Female,Delhi,Marketing,Tester,MCA,Contract,2024-07-15,1,38738,2.5,3,Inactive
432,EMP00432,Employee_00432,35,Female,Guntur,Finance,Manager,B.Tech,Full-Time,2023-01-16,2,113201,4.2,8,On Leave
433,EMP00433,Employee_00433,42,Male,Pune,Finance,HR Executive,B.Tech,Full-Time,2022-08-19,3,83967,4.8,11,Active
434,EMP00434,Employee_00434,38,Male,Bengaluru,Marketing,Manager,B.Tech,Contract,2025-04-22,0,32110,2.1,6,Inactive
435,EMP00435,Employee_00435,28,Male,Chennai,Finance,Developer,B.Tech,Contract,2023-06-21,2,82853,4.2,7,Inactive
436,EMP00436,Employee_00436,36,Female,Kolkata,Admin,Manager,M.Tech,Contract,2023-08-25,2,140471,4.9,8,Active
437,EMP00437,Employee_00437,41,Female,Delhi,Admin,Executive,B.Tech,Part-Time,2025-02-13,0,132026,3.6,10,Inactive
438,EMP00438,Employee_00438,34,Male,Kolkata,Finance,Support Engineer,B.Com,Part-Time,2024-02-07,1,86106,2.5,0,On Leave
439,EMP00439,Employee_00439,43,Female,Hyderabad,Support,Tester,MCA,Full-Time,2020-02-04,5,146956,4.8,7,Active
440,EMP00440,Employee_00440,32,Female,Guntur,Sales,Manager,M.Tech,Contract,2026-02-23,0,67432,3.2,8,On Leave
441,EMP00441,Employee_00441,33,Male,Kolkata,Marketing,Tester,M.Tech,Contract,2024-05-15,1,75826,2.8,6,On Leave
442,EMP00442,Employee_00442,34,Male,Mumbai,HR,Accountant,MCA,Part-Time,2023-01-06,2,67283,4.6,2,Inactive
443,EMP00443,Employee_00443,27,Male,Chennai,HR,Tester,B.Com,Full-Time,2025-07-08,0,102054,2.1,0,On Leave
444,EMP00444,Employee_00444,44,Male,Vijayawada,Sales,Support Engineer,MBA,Part-Time,2024-11-30,1,20150,2.7,2,Inactive
445,EMP00445,Employee_00445,35,Male,Hyderabad,Marketing,HR Executive,B.Tech,Contract,2024-03-01,1,26319,3.0,12,Inactive
446,EMP00446,Employee_00446,27,Male,Pune,Support,Accountant,B.Sc,Contract,2022-01-13,3,83556,4.5,0,Active
447,EMP00447,Employee_00447,35,Female,Guntur,Marketing,Support Engineer,B.Sc,Contract,2022-03-26,3,42631,3.6,3,On Leave
448,EMP00448,Employee_00448,44,Female,Pune,Operations,Developer,M.Tech,Full-Time,2020-06-21,5,50018,2.8,10,Active
449,EMP00449,Employee_00449,41,Female,Kochi,HR,HR Executive,B.Sc,Full-Time,2022-08-24,3,131812,3.0,2,Active
450,EMP00450,Employee_00450,43,Female,Bengaluru,Sales,Manager,MBA,Full-Time,2026-07-08,0,142589,4.1,2,On Leave
451,EMP00451,Employee_00451,45,Male,Kolkata,HR,Manager,MBA,Full-Time,2023-10-18,2,33742,2.2,10,Inactive
452,EMP00452,Employee_00452,41,Male,Hyderabad,Support,Support Engineer,M.Tech,Full-Time,2026-04-06,0,109047,4.4,7,Inactive
453,EMP00453,Employee_00453,36,Female,Pune,Finance,Support Engineer,B.Com,Contract,2020-06-10,5,132688,3.7,8,Inactive
454,EMP00454,Employee_00454,40,Female,Mumbai,Marketing,Support Engineer,MBA,Full-Time,2023-02-01,2,60033,2.2,2,On Leave
455,EMP00455,Employee_00455,33,Female,Kochi,Sales,Support Engineer,M.Tech,Full-Time,2025-09-03,0,66636,4.6,9,On Leave
456,EMP00456,Employee_00456,33,Male,Kochi,Marketing,Support Engineer,MBA,Contract,2026-01-16,0,67773,3.6,7,Inactive
457,EMP00457,Employee_00457,24,Male,Hyderabad,Sales,Analyst,MBA,Full-Time,2021-03-28,4,35479,2.1,2,Active
458,EMP00458,Employee_00458,39,Female,Hyderabad,Operations,Executive,MCA,Contract,2020-05-10,5,119868,4.0,8,Active
459,EMP00459,Employee_00459,27,Female,Hyderabad,Operations,HR Executive,B.Com,Contract,2020-02-23,5,146819,4.8,1,Active
460,EMP00460,Employee_00460,37,Male,Pune,HR,Analyst,M.Tech,Full-Time,2022-12-24,3,28656,4.2,4,On Leave
461,EMP00461,Employee_00461,27,Male,Kolkata,Support,Analyst,M.Tech,Contract,2024-04-27,1,68625,3.6,3,Inactive
462,EMP00462,Employee_00462,43,Male,Kolkata,Support,Support Engineer,M.Tech,Full-Time,2025-02-21,0,129955,4.6,2,On Leave
463,EMP00463,Employee_00463,32,Female,Guntur,Support,Support Engineer,MCA,Full-Time,2024-12-19,1,100615,3.7,5,On Leave
464,EMP00464,Employee_00464,27,Female,Delhi,Admin,Accountant,MBA,Full-Time,2026-02-12,0,116320,4.3,11,On Leave
465,EMP00465,Employee_00465,30,Male,Mumbai,Sales,Executive,B.Com,Full-Time,2020-05-21,5,22273,3.6,4,On Leave
466,EMP00466,Employee_00466,38,Female,Chennai,Finance,Tester,B.Com,Contract,2023-02-04,2,58557,2.3,7,Active
467,EMP00467,Employee_00467,29,Male,Bengaluru,Operations,Accountant,B.Sc,Part-Time,2022-08-12,3,96722,2.3,6,On Leave
468,EMP00468,Employee_00468,24,Female,Bengaluru,IT,Support Engineer,B.Com,Part-Time,2026-06-18,0,96746,2.1,12,Inactive
469,EMP00469,Employee_00469,45,Male,Guntur,IT,Tester,MCA,Full-Time,2021-05-08,4,77432,4.2,9,Inactive
470,EMP00470,Employee_00470,39,Male,Chennai,IT,HR Executive,MBA,Contract,2026-01-20,0,57211,3.0,11,On Leave
471,EMP00471,Employee_00471,23,Female,Chennai,Finance,Support Engineer,B.Tech,Part-Time,2025-08-29,0,76218,3.3,12,On Leave
472,EMP00472,Employee_00472,38,Female,Chennai,Finance,Accountant,MCA,Full-Time,2020-07-20,5,122645,2.8,6,Inactive
473,EMP00473,Employee_00473,41,Male,Pune,HR,Tester,MBA,Part-Time,2024-06-07,1,69406,3.7,11,On Leave
474,EMP00474,Employee_00474,23,Female,Delhi,Sales,Support Engineer,B.Com,Contract,2026-06-17,0,47499,4.0,6,On Leave
475,EMP00475,Employee_00475,45,Female,Kochi,Finance,Accountant,B.Tech,Full-Time,2020-04-09,5,97906,2.5,5,Active
476,EMP00476,Employee_00476,25,Male,Kochi,Finance,Tester,B.Tech,Part-Time,2024-03-11,1,40495,2.3,0,On Leave
477,EMP00477,Employee_00477,30,Male,Kolkata,Sales,Executive,MCA,Contract,2021-03-31,4,135980,3.4,5,Inactive
478,EMP00478,Employee_00478,36,Male,Guntur,IT,Tester,B.Sc,Full-Time,2026-02-25,0,55053,4.1,10,Inactive
479,EMP00479,Employee_00479,43,Male,Bengaluru,Support,Tester,M.Tech,Contract,2022-04-02,3,89114,2.2,10,Inactive
480,EMP00480,Employee_00480,21,Female,Pune,Support,Analyst,B.Com,Part-Time,2021-03-17,4,94675,4.6,10,On Leave
481,EMP00481,Employee_00481,23,Male,Hyderabad,Sales,Tester,B.Com,Part-Time,2025-12-17,0,66868,2.6,7,Inactive
482,EMP00482,Employee_00482,21,Female,Pune,Marketing,Developer,M.Tech,Part-Time,2021-10-05,4,108906,4.1,5,Inactive
483,EMP00483,Employee_00483,38,Female,Chennai,HR,HR Executive,MCA,Contract,2020-04-30,5,91451,2.7,5,On Leave
484,EMP00484,Employee_00484,34,Female,Kochi,Operations,Accountant,MCA,Full-Time,2022-07-20,3,81009,3.7,6,Active
485,EMP00485,Employee_00485,39,Male,Guntur,Finance,Manager,B.Com,Full-Time,2021-07-21,4,71034,4.6,4,On Leave
486,EMP00486,Employee_00486,44,Male,Delhi,Support,HR Executive,B.Com,Part-Time,2025-12-23,0,49034,2.6,2,On Leave
487,EMP00487,Employee_00487,25,Male,Kochi,Marketing,Executive,MCA,Full-Time,2023-01-26,2,67265,2.3,2,Active
488,EMP00488,Employee_00488,32,Male,Kolkata,Admin,Support Engineer,B.Sc,Part-Time,2020-04-16,5,38834,4.1,7,Inactive
489,EMP00489,Employee_00489,25,Female,Hyderabad,Marketing,HR Executive,B.Sc,Contract,2025-04-24,0,60935,2.6,0,On Leave
490,EMP00490,Employee_00490,45,Female,Delhi,Admin,Executive,MBA,Part-Time,2022-04-10,3,71624,2.2,7,Active
491,EMP00491,Employee_00491,44,Male,Kolkata,HR,Accountant,MBA,Full-Time,2024-04-07,1,100024,3.2,11,Active
492,EMP00492,Employee_00492,38,Female,Kolkata,IT,Executive,B.Com,Part-Time,2025-10-25,0,121707,5.0,0,Inactive
493,EMP00493,Employee_00493,45,Female,Kochi,IT,Manager,MBA,Contract,2023-06-01,2,92950,3.4,6,Inactive
494,EMP00494,Employee_00494,44,Male,Guntur,Support,Support Engineer,MBA,Full-Time,2021-01-05,4,149244,2.3,12,Active
495,EMP00495,Employee_00495,39,Female,Delhi,Finance,Analyst,B.Tech,Full-Time,2025-02-01,0,70935,4.6,1,On Leave
496,EMP00496,Employee_00496,41,Female,Kolkata,Finance,HR Executive,MCA,Part-Time,2025-01-14,0,113143,2.3,11,Active
497,EMP00497,Employee_00497,31,Male,Hyderabad,Support,Tester,B.Com,Contract,2021-11-30,4,57345,2.5,2,Inactive
498,EMP00498,Employee_00498,41,Male,Hyderabad,Marketing,Developer,MBA,Part-Time,2023-03-28,2,65368,2.4,2,Inactive
499,EMP00499,Employee_00499,21,Female,Vijayawada,Support,Accountant,B.Tech,Contract,2026-02-04,0,147359,2.7,9,On Leave
500,EMP00500,Employee_00500,28,Male,Hyderabad,Finance,Manager,B.Tech,Contract,2020-01-27,5,90905,3.9,8,Inactive
501,EMP00501,Employee_00501,25,Female,Delhi,HR,Developer,B.Tech,Part-Time,2020-05-30,5,26501,4.0,9,Active
502,EMP00502,Employee_00502,42,Male,Vijayawada,Operations,Developer,B.Tech,Part-Time,2021-10-22,4,92548,3.8,11,Inactive
503,EMP00503,Employee_00503,33,Male,Mumbai,Admin,Manager,B.Tech,Contract,2024-02-18,1,35738,4.3,8,Inactive
504,EMP00504,Employee_00504,37,Male,Kochi,IT,Analyst,MCA,Contract,2023-09-10,2,126464,3.6,11,On Leave
505,EMP00505,Employee_00505,23,Female,Guntur,Operations,Tester,MCA,Contract,2025-12-06,0,144789,4.2,9,On Leave
506,EMP00506,Employee_00506,25,Female,Vijayawada,Finance,Executive,M.Tech,Part-Time,2023-12-20,2,148127,3.6,10,Active
507,EMP00507,Employee_00507,24,Male,Pune,Support,HR Executive,B.Tech,Part-Time,2020-01-07,5,24287,3.4,12,Inactive
508,EMP00508,Employee_00508,41,Female,Mumbai,HR,Tester,B.Com,Contract,2026-04-14,0,73663,2.0,3,On Leave
509,EMP00509,Employee_00509,45,Female,Guntur,IT,Manager,B.Sc,Part-Time,2023-08-19,2,19607,2.3,5,Inactive
510,EMP00510,Employee_00510,36,Male,Vijayawada,Operations,Accountant,MBA,Contract,2025-05-16,0,27321,3.9,7,Active
511,EMP00511,Employee_00511,30,Male,Kochi,Operations,Support Engineer,B.Tech,Full-Time,2025-11-04,0,100707,3.7,0,Inactive
512,EMP00512,Employee_00512,31,Female,Chennai,HR,Tester,M.Tech,Part-Time,2020-05-07,5,116367,3.9,2,On Leave
513,EMP00513,Employee_00513,29,Female,Vijayawada,Marketing,Executive,MCA,Part-Time,2020-05-09,5,126493,2.3,3,Active
514,EMP00514,Employee_00514,32,Female,Kolkata,IT,Accountant,MCA,Full-Time,2021-04-04,4,27802,4.3,1,Active
515,EMP00515,Employee_00515,36,Male,Kolkata,Finance,Executive,M.Tech,Full-Time,2023-10-25,2,99358,4.3,2,Inactive
516,EMP00516,Employee_00516,43,Male,Delhi,Admin,Developer,B.Tech,Contract,2024-05-06,1,48365,2.0,0,On Leave
517,EMP00517,Employee_00517,21,Female,Pune,Sales,Tester,B.Com,Contract,2023-07-03,2,99826,3.9,3,Inactive
518,EMP00518,Employee_00518,42,Female,Bengaluru,IT,Analyst,B.Sc,Contract,2024-12-11,1,48841,2.8,2,Inactive
519,EMP00519,Employee_00519,31,Female,Kochi,Sales,Manager,B.Tech,Part-Time,2026-02-28,0,89054,2.4,11,On Leave
520,EMP00520,Employee_00520,38,Female,Hyderabad,HR,HR Executive,B.Tech,Full-Time,2023-10-19,2,134299,2.2,0,Inactive
521,EMP00521,Employee_00521,26,Female,Pune,HR,Accountant,MCA,Full-Time,2024-05-24,1,134873,3.8,4,Active
522,EMP00522,Employee_00522,24,Female,Vijayawada,Sales,Executive,B.Sc,Contract,2025-04-02,0,137428,2.9,10,Inactive
523,EMP00523,Employee_00523,33,Female,Delhi,Admin,Accountant,B.Tech,Full-Time,2024-01-28,1,66064,4.1,10,Inactive
524,EMP00524,Employee_00524,32,Female,Delhi,Finance,Analyst,MBA,Contract,2021-04-07,4,143475,3.4,2,Active
525,EMP00525,Employee_00525,38,Female,Guntur,Support,Executive,MCA,Full-Time,2023-08-27,2,36592,4.4,8,On Leave
526,EMP00526,Employee_00526,36,Female,Guntur,Operations,Executive,B.Sc,Contract,2021-10-13,4,118615,2.2,3,On Leave
527,EMP00527,Employee_00527,44,Female,Delhi,HR,Accountant,B.Sc,Part-Time,2020-11-15,5,145567,2.3,9,Inactive
528,EMP00528,Employee_00528,40,Female,Delhi,Admin,Developer,B.Tech,Full-Time,2020-10-12,5,46506,4.1,9,Active
529,EMP00529,Employee_00529,45,Male,Vijayawada,Marketing,HR Executive,MCA,Contract,2026-07-06,0,18048,4.3,10,Inactive
530,EMP00530,Employee_00530,27,Female,Guntur,Operations,Analyst,MCA,Full-Time,2022-03-12,3,100994,2.9,12,On Leave
531,EMP00531,Employee_00531,33,Female,Kolkata,IT,Developer,M.Tech,Contract,2025-09-21,0,51437,4.6,0,Inactive
532,EMP00532,Employee_00532,30,Female,Delhi,Support,HR Executive,MBA,Part-Time,2021-03-25,4,26174,2.7,11,On Leave
533,EMP00533,Employee_00533,42,Female,Delhi,Support,Manager,B.Com,Contract,2022-05-15,3,63458,3.4,3,Active
534,EMP00534,Employee_00534,21,Female,Guntur,Finance,Analyst,B.Sc,Contract,2021-07-04,4,36807,3.9,2,Inactive
535,EMP00535,Employee_00535,43,Female,Kolkata,Admin,HR Executive,B.Com,Full-Time,2025-02-10,0,129595,3.9,7,Active
536,EMP00536,Employee_00536,40,Male,Kolkata,Marketing,HR Executive,MCA,Contract,2024-10-05,1,19947,3.7,11,Inactive
537,EMP00537,Employee_00537,22,Female,Bengaluru,Finance,Tester,MBA,Contract,2020-05-17,5,144685,4.1,1,Active
538,EMP00538,Employee_00538,40,Male,Kolkata,Marketing,Developer,B.Com,Contract,2025-11-13,0,41185,2.7,10,Active
539,EMP00539,Employee_00539,35,Female,Delhi,Marketing,Tester,B.Sc,Full-Time,2025-04-04,0,141006,3.7,5,On Leave
540,EMP00540,Employee_00540,44,Male,Kochi,IT,Tester,M.Tech,Contract,2023-05-30,2,86273,2.2,7,Active
541,EMP00541,Employee_00541,36,Female,Mumbai,Finance,Tester,B.Com,Part-Time,2023-03-20,2,39629,2.4,1,Active
542,EMP00542,Employee_00542,40,Male,Vijayawada,Operations,Manager,B.Com,Contract,2021-04-01,4,63773,4.7,11,Active
543,EMP00543,Employee_00543,26,Male,Kochi,Finance,Accountant,MBA,Part-Time,2025-06-09,0,26674,3.0,1,Active
544,EMP00544,Employee_00544,44,Female,Hyderabad,Marketing,Analyst,B.Tech,Full-Time,2024-12-07,1,61852,2.6,11,Inactive
545,EMP00545,Employee_00545,36,Male,Guntur,Support,Accountant,B.Com,Full-Time,2024-06-21,1,97001,3.4,12,On Leave
546,EMP00546,Employee_00546,21,Female,Delhi,IT,Analyst,MCA,Contract,2024-11-15,1,93705,4.8,7,Inactive
547,EMP00547,Employee_00547,40,Male,Mumbai,Support,Accountant,M.Tech,Contract,2024-11-03,1,89457,3.0,4,Active
548,EMP00548,Employee_00548,37,Female,Kolkata,IT,Developer,B.Tech,Full-Time,2022-03-09,3,106449,4.0,2,Inactive
549,EMP00549,Employee_00549,37,Male,Mumbai,Marketing,Executive,B.Tech,Full-Time,2021-02-04,4,45238,4.1,5,On Leave
550,EMP00550,Employee_00550,22,Male,Bengaluru,HR,Manager,MBA,Contract,2021-01-11,4,74839,4.9,10,On Leave
551,EMP00551,Employee_00551,26,Female,Vijayawada,HR,Accountant,B.Com,Part-Time,2026-05-07,0,47057,4.1,4,On Leave
552,EMP00552,Employee_00552,29,Male,Guntur,Support,Support Engineer,B.Tech,Part-Time,2023-08-17,2,60458,4.3,4,Inactive
553,EMP00553,Employee_00553,35,Female,Chennai,Admin,Analyst,B.Sc,Contract,2021-12-29,4,36192,3.5,3,Inactive
554,EMP00554,Employee_00554,40,Female,Bengaluru,IT,Analyst,B.Tech,Contract,2022-06-13,3,45852,4.7,11,On Leave
555,EMP00555,Employee_00555,45,Male,Hyderabad,IT,HR Executive,B.Com,Full-Time,2022-10-23,3,134885,2.1,7,On Leave
556,EMP00556,Employee_00556,33,Female,Vijayawada,Support,HR Executive,M.Tech,Full-Time,2023-09-12,2,18970,3.5,12,On Leave
557,EMP00557,Employee_00557,21,Female,Bengaluru,Operations,Support Engineer,M.Tech,Part-Time,2022-07-14,3,118774,4.9,12,Inactive
558,EMP00558,Employee_00558,41,Male,Vijayawada,Marketing,Executive,B.Sc,Contract,2020-08-14,5,41767,3.1,5,Active
559,EMP00559,Employee_00559,42,Male,Delhi,Admin,Analyst,M.Tech,Part-Time,2024-04-22,1,68070,2.9,6,On Leave
560,EMP00560,Employee_00560,25,Male,Vijayawada,Support,Analyst,MCA,Contract,2022-02-15,3,27358,2.6,11,Inactive
561,EMP00561,Employee_00561,38,Male,Delhi,IT,Support Engineer,M.Tech,Full-Time,2025-08-08,0,135783,4.9,0,Inactive
562,EMP00562,Employee_00562,27,Male,Kochi,Sales,Analyst,B.Tech,Contract,2021-04-29,4,138159,4.8,8,Active
563,EMP00563,Employee_00563,41,Male,Pune,Finance,Developer,B.Sc,Contract,2025-06-25,0,22997,3.4,9,Active
564,EMP00564,Employee_00564,24,Male,Bengaluru,HR,Accountant,MCA,Contract,2023-06-12,2,137586,3.8,9,Active
565,EMP00565,Employee_00565,27,Female,Delhi,HR,Manager,B.Com,Full-Time,2020-09-15,5,129728,3.0,11,Active
566,EMP00566,Employee_00566,31,Female,Chennai,Operations,Manager,MBA,Full-Time,2021-12-11,4,34573,2.4,2,On Leave
567,EMP00567,Employee_00567,25,Female,Chennai,IT,Accountant,B.Tech,Full-Time,2020-06-15,5,44205,4.4,10,Active
568,EMP00568,Employee_00568,23,Female,Chennai,Sales,Manager,M.Tech,Part-Time,2022-01-04,3,92378,3.2,12,On Leave
569,EMP00569,Employee_00569,34,Male,Kochi,Finance,Accountant,MCA,Full-Time,2025-01-18,0,80718,4.8,9,On Leave
570,EMP00570,Employee_00570,32,Male,Bengaluru,HR,Support Engineer,MCA,Contract,2023-05-18,2,127782,2.0,3,Active
571,EMP00571,Employee_00571,45,Male,Chennai,Admin,Accountant,B.Sc,Full-Time,2025-03-16,0,72554,2.8,3,On Leave
572,EMP00572,Employee_00572,22,Female,Delhi,Admin,Developer,B.Tech,Contract,2020-06-25,5,113471,2.9,6,Active
573,EMP00573,Employee_00573,26,Male,Bengaluru,Sales,Accountant,MCA,Contract,2026-01-10,0,59430,4.4,7,Inactive
574,EMP00574,Employee_00574,27,Female,Pune,HR,Executive,M.Tech,Part-Time,2024-09-12,1,103376,2.7,1,Active
575,EMP00575,Employee_00575,28,Male,Guntur,Finance,Executive,MCA,Part-Time,2024-03-18,1,37275,3.4,7,Active
576,EMP00576,Employee_00576,32,Female,Mumbai,Sales,Support Engineer,B.Sc,Full-Time,2024-05-05,1,53757,3.4,3,On Leave
577,EMP00577,Employee_00577,22,Female,Guntur,Finance,Support Engineer,B.Sc,Part-Time,2026-05-18,0,91558,2.4,7,On Leave
578,EMP00578,Employee_00578,41,Male,Bengaluru,Support,Accountant,B.Sc,Contract,2021-10-04,4,62547,3.7,8,Inactive
579,EMP00579,Employee_00579,29,Male,Pune,Operations,HR Executive,MCA,Full-Time,2025-03-10,0,21802,4.2,11,On Leave
580,EMP00580,Employee_00580,39,Male,Vijayawada,IT,HR Executive,MCA,Part-Time,2021-09-02,4,19331,3.3,0,Inactive
581,EMP00581,Employee_00581,35,Male,Guntur,Sales,Manager,B.Com,Part-Time,2021-02-05,4,147836,2.7,8,Active
582,EMP00582,Employee_00582,21,Female,Kochi,IT,Accountant,MBA,Full-Time,2021-01-06,4,143772,4.0,2,On Leave
583,EMP00583,Employee_00583,26,Male,Bengaluru,Support,Support Engineer,MCA,Full-Time,2024-07-18,1,115103,3.9,11,Inactive
584,EMP00584,Employee_00584,45,Male,Bengaluru,Operations,Developer,MCA,Contract,2024-10-10,1,88723,4.1,9,Inactive
585,EMP00585,Employee_00585,24,Male,Delhi,Operations,Manager,M.Tech,Contract,2020-07-30,5,118389,3.1,9,On Leave
586,EMP00586,Employee_00586,38,Male,Kolkata,HR,Accountant,M.Tech,Contract,2020-10-01,5,71664,2.4,5,On Leave
587,EMP00587,Employee_00587,45,Female,Mumbai,IT,Analyst,B.Com,Part-Time,2022-05-09,3,77097,3.0,4,Inactive
588,EMP00588,Employee_00588,37,Female,Vijayawada,Operations,Analyst,B.Sc,Part-Time,2025-06-14,0,50167,3.4,8,Active
589,EMP00589,Employee_00589,33,Male,Chennai,Marketing,Analyst,M.Tech,Full-Time,2020-11-24,5,64874,2.9,1,Inactive
590,EMP00590,Employee_00590,27,Male,Vijayawada,Operations,HR Executive,MBA,Contract,2021-09-08,4,23948,2.9,10,On Leave
591,EMP00591,Employee_00591,30,Male,Kolkata,Operations,HR Executive,MCA,Part-Time,2020-03-28,5,67561,2.2,12,On Leave
592,EMP00592,Employee_00592,36,Male,Mumbai,Finance,Tester,B.Sc,Part-Time,2023-08-29,2,134721,3.4,9,Inactive
593,EMP00593,Employee_00593,45,Female,Chennai,Finance,Tester,B.Sc,Full-Time,2023-03-26,2,30404,2.4,4,On Leave
594,EMP00594,Employee_00594,26,Male,Vijayawada,Marketing,Support Engineer,B.Sc,Full-Time,2021-09-20,4,80365,2.4,5,On Leave
595,EMP00595,Employee_00595,42,Female,Vijayawada,Finance,Tester,B.Tech,Full-Time,2020-05-22,5,101084,4.9,2,Inactive
596,EMP00596,Employee_00596,45,Male,Hyderabad,Operations,Tester,MBA,Part-Time,2025-08-07,0,56111,4.8,5,On Leave
597,EMP00597,Employee_00597,39,Female,Hyderabad,Finance,Analyst,B.Com,Full-Time,2021-08-25,4,133895,3.0,1,Inactive
598,EMP00598,Employee_00598,35,Male,Kochi,Sales,Tester,B.Sc,Full-Time,2022-06-21,3,111688,2.3,0,Active
599,EMP00599,Employee_00599,35,Male,Vijayawada,Operations,Developer,M.Tech,Part-Time,2026-01-14,0,40905,4.9,6,Inactive
600,EMP00600,Employee_00600,43,Male,Mumbai,Operations,Support Engineer,B.Com,Part-Time,2021-08-28,4,130103,3.1,5,On Leave
601,EMP00601,Employee_00601,27,Female,Mumbai,Finance,HR Executive,M.Tech,Part-Time,2020-12-24,5,134449,4.2,6,Active
602,EMP00602,Employee_00602,25,Female,Bengaluru,Support,Analyst,B.Tech,Part-Time,2020-12-18,5,72469,2.9,8,On Leave
603,EMP00603,Employee_00603,34,Male,Pune,Finance,HR Executive,B.Com,Contract,2023-01-24,2,63847,3.7,11,Inactive
604,EMP00604,Employee_00604,30,Female,Pune,IT,Developer,B.Sc,Part-Time,2020-06-21,5,97669,3.5,11,Inactive
605,EMP00605,Employee_00605,24,Male,Hyderabad,HR,Tester,MBA,Full-Time,2025-04-19,0,93415,3.3,7,On Leave
606,EMP00606,Employee_00606,39,Female,Bengaluru,Operations,Developer,B.Com,Full-Time,2024-01-21,1,143956,3.7,4,On Leave
607,EMP00607,Employee_00607,25,Male,Delhi,Finance,Developer,B.Com,Part-Time,2020-08-27,5,101802,3.4,11,Inactive
608,EMP00608,Employee_00608,22,Male,Kolkata,Sales,Manager,B.Tech,Contract,2023-12-29,2,93984,2.9,10,Active
609,EMP00609,Employee_00609,31,Female,Mumbai,Operations,Analyst,MCA,Contract,2026-02-05,0,100892,4.5,10,Inactive
610,EMP00610,Employee_00610,21,Female,Guntur,Operations,Manager,B.Tech,Full-Time,2021-08-11,4,53900,3.6,5,Active
611,EMP00611,Employee_00611,28,Male,Guntur,Admin,Analyst,B.Tech,Full-Time,2025-08-23,0,67392,4.4,8,Active
612,EMP00612,Employee_00612,32,Female,Kochi,Operations,Manager,M.Tech,Part-Time,2025-05-18,0,99677,4.1,2,Active
613,EMP00613,Employee_00613,28,Male,Mumbai,Finance,Executive,B.Sc,Full-Time,2021-04-30,4,51741,4.6,2,Inactive
614,EMP00614,Employee_00614,23,Female,Hyderabad,Sales,Analyst,B.Tech,Contract,2021-04-02,4,22929,4.3,12,On Leave
615,EMP00615,Employee_00615,36,Male,Mumbai,IT,Analyst,B.Tech,Contract,2020-08-30,5,49174,4.7,0,Active
616,EMP00616,Employee_00616,26,Female,Kochi,Operations,Support Engineer,B.Sc,Contract,2022-03-30,3,110152,2.1,2,On Leave
617,EMP00617,Employee_00617,37,Male,Kolkata,Sales,Executive,B.Com,Full-Time,2022-09-17,3,35914,2.3,9,On Leave
618,EMP00618,Employee_00618,44,Female,Delhi,Finance,Accountant,M.Tech,Full-Time,2020-01-18,5,43869,4.8,8,Active
619,EMP00619,Employee_00619,33,Female,Bengaluru,Operations,Analyst,MBA,Full-Time,2023-12-24,2,129173,2.6,3,On Leave
620,EMP00620,Employee_00620,36,Male,Bengaluru,Operations,Accountant,B.Tech,Part-Time,2021-07-10,4,112699,4.1,8,Inactive
621,EMP00621,Employee_00621,40,Male,Kolkata,Support,Tester,MBA,Full-Time,2025-02-14,0,99790,4.1,7,Active
622,EMP00622,Employee_00622,42,Female,Bengaluru,Support,Accountant,MCA,Contract,2025-05-02,0,114322,2.5,10,On Leave
623,EMP00623,Employee_00623,24,Male,Chennai,HR,Support Engineer,B.Sc,Part-Time,2020-12-14,5,55582,3.2,11,Active
624,EMP00624,Employee_00624,24,Female,Mumbai,Marketing,HR Executive,B.Com,Part-Time,2024-07-13,1,79045,4.5,11,On Leave
625,EMP00625,Employee_00625,36,Male,Bengaluru,Marketing,Accountant,MBA,Full-Time,2024-07-14,1,91109,2.4,7,On Leave
626,EMP00626,Employee_00626,21,Female,Hyderabad,Finance,HR Executive,MCA,Contract,2021-07-05,4,44110,4.2,1,Inactive
627,EMP00627,Employee_00627,30,Female,Vijayawada,Sales,Tester,M.Tech,Part-Time,2021-09-17,4,43253,4.3,10,Inactive
628,EMP00628,Employee_00628,29,Male,Hyderabad,Support,Analyst,MBA,Part-Time,2025-08-29,0,108076,4.4,8,Inactive
629,EMP00629,Employee_00629,35,Female,Chennai,Admin,HR Executive,B.Sc,Part-Time,2024-03-21,1,138496,2.1,2,On Leave
630,EMP00630,Employee_00630,36,Female,Vijayawada,Finance,Developer,MBA,Part-Time,2024-05-12,1,46673,3.7,7,Inactive
631,EMP00631,Employee_00631,40,Female,Hyderabad,IT,Developer,B.Sc,Part-Time,2024-03-27,1,110474,4.3,4,Inactive
632,EMP00632,Employee_00632,21,Female,Delhi,Support,Support Engineer,B.Tech,Contract,2026-07-19,0,107458,3.1,6,Active
633,EMP00633,Employee_00633,28,Male,Mumbai,HR,Support Engineer,B.Sc,Full-Time,2022-10-11,3,99815,3.8,11,On Leave
634,EMP00634,Employee_00634,22,Female,Mumbai,IT,Accountant,MCA,Full-Time,2023-08-28,2,138824,4.0,6,Inactive
635,EMP00635,Employee_00635,39,Female,Bengaluru,Sales,Support Engineer,MBA,Contract,2024-03-27,1,120315,3.0,1,On Leave
636,EMP00636,Employee_00636,26,Male,Vijayawada,HR,Executive,B.Com,Part-Time,2023-10-22,2,96517,3.1,6,Active
637,EMP00637,Employee_00637,39,Male,Kochi,HR,Support Engineer,B.Com,Full-Time,2023-05-02,2,123389,4.4,9,On Leave
638,EMP00638,Employee_00638,36,Male,Mumbai,Marketing,HR Executive,M.Tech,Contract,2025-12-15,0,129963,2.6,12,Inactive
639,EMP00639,Employee_00639,34,Female,Kolkata,Finance,Developer,M.Tech,Contract,2022-03-30,3,123460,2.8,8,On Leave
640,EMP00640,Employee_00640,39,Female,Mumbai,Support,Developer,MCA,Full-Time,2022-02-03,3,148863,2.6,11,Inactive
641,EMP00641,Employee_00641,25,Female,Guntur,Support,Support Engineer,B.Tech,Contract,2025-03-09,0,81012,2.5,10,Active
642,EMP00642,Employee_00642,29,Male,Guntur,Sales,Analyst,B.Sc,Full-Time,2024-08-16,1,93247,3.9,4,Active
643,EMP00643,Employee_00643,30,Female,Hyderabad,Sales,Manager,B.Com,Full-Time,2022-10-02,3,139676,3.5,6,Active
644,EMP00644,Employee_00644,29,Female,Hyderabad,IT,Analyst,B.Com,Contract,2022-11-24,3,64133,3.9,0,Inactive
645,EMP00645,Employee_00645,34,Female,Chennai,Sales,Analyst,MCA,Contract,2020-09-17,5,113272,4.0,1,On Leave
646,EMP00646,Employee_00646,37,Male,Kochi,HR,Support Engineer,B.Com,Contract,2021-05-09,4,84009,3.5,1,On Leave
647,EMP00647,Employee_00647,44,Male,Bengaluru,Finance,Executive,B.Com,Part-Time,2024-05-16,1,79849,4.8,3,Inactive
648,EMP00648,Employee_00648,39,Male,Delhi,Support,Accountant,M.Tech,Full-Time,2022-11-07,3,32660,3.5,5,Inactive
649,EMP00649,Employee_00649,32,Male,Kochi,IT,Developer,M.Tech,Contract,2021-08-16,4,142576,4.1,4,Active
650,EMP00650,Employee_00650,38,Female,Bengaluru,Sales,Accountant,MBA,Full-Time,2022-11-02,3,118844,2.9,11,Inactive
651,EMP00651,Employee_00651,30,Male,Mumbai,Sales,Manager,MBA,Contract,2022-11-12,3,41658,4.8,12,Inactive
652,EMP00652,Employee_00652,22,Female,Vijayawada,Support,Support Engineer,M.Tech,Part-Time,2024-07-22,1,89837,4.6,12,Active
653,EMP00653,Employee_00653,43,Female,Kochi,Operations,Accountant,M.Tech,Full-Time,2021-10-18,4,86411,3.5,5,Active
654,EMP00654,Employee_00654,41,Male,Guntur,Sales,Tester,B.Com,Contract,2022-01-22,3,134235,4.4,2,Active
655,EMP00655,Employee_00655,26,Male,Kochi,Support,Support Engineer,MBA,Part-Time,2021-03-29,4,83432,3.5,12,On Leave
656,EMP00656,Employee_00656,29,Female,Pune,HR,HR Executive,B.Com,Full-Time,2021-06-30,4,63476,4.1,5,Inactive
657,EMP00657,Employee_00657,39,Male,Bengaluru,Admin,Executive,B.Com,Contract,2024-03-25,1,76847,2.1,0,Active
658,EMP00658,Employee_00658,33,Male,Delhi,Finance,Analyst,B.Tech,Contract,2020-07-22,5,130434,3.8,2,On Leave
659,EMP00659,Employee_00659,45,Male,Pune,Sales,Executive,B.Com,Part-Time,2024-11-17,1,136936,4.5,7,On Leave
660,EMP00660,Employee_00660,33,Male,Mumbai,Sales,HR Executive,B.Sc,Part-Time,2025-07-17,0,52130,3.3,3,Active
661,EMP00661,Employee_00661,30,Male,Delhi,Admin,Analyst,B.Tech,Part-Time,2020-04-27,5,86629,2.7,7,Active
662,EMP00662,Employee_00662,43,Female,Guntur,Marketing,Analyst,B.Tech,Contract,2023-08-17,2,122216,4.1,11,Active
663,EMP00663,Employee_00663,31,Male,Hyderabad,Marketing,HR Executive,B.Com,Part-Time,2020-08-01,5,79562,3.4,5,On Leave
664,EMP00664,Employee_00664,25,Male,Kolkata,Admin,Support Engineer,MBA,Full-Time,2024-02-28,1,28780,3.7,4,Active
665,EMP00665,Employee_00665,43,Female,Hyderabad,Finance,Accountant,B.Com,Contract,2023-07-23,2,131489,2.4,1,Inactive
666,EMP00666,Employee_00666,30,Female,Kolkata,Operations,HR Executive,B.Sc,Part-Time,2024-10-27,1,87000,3.8,12,On Leave
667,EMP00667,Employee_00667,45,Female,Hyderabad,Sales,Manager,B.Tech,Full-Time,2025-07-05,0,57653,3.7,10,Active
668,EMP00668,Employee_00668,36,Female,Bengaluru,Admin,Developer,MBA,Part-Time,2020-05-26,5,86216,2.5,7,On Leave
669,EMP00669,Employee_00669,36,Male,Bengaluru,Operations,Analyst,B.Sc,Part-Time,2026-04-16,0,137998,3.5,11,Active
670,EMP00670,Employee_00670,44,Male,Kochi,IT,Manager,MBA,Full-Time,2021-11-20,4,89510,3.7,10,Active
671,EMP00671,Employee_00671,42,Female,Bengaluru,Support,Support Engineer,MCA,Full-Time,2025-08-02,0,42721,4.7,0,Inactive
672,EMP00672,Employee_00672,21,Female,Vijayawada,Marketing,Developer,B.Com,Full-Time,2021-09-21,4,39250,3.4,11,On Leave
673,EMP00673,Employee_00673,31,Female,Delhi,IT,Analyst,MCA,Contract,2025-01-29,0,51900,2.6,0,Inactive
674,EMP00674,Employee_00674,33,Female,Bengaluru,IT,Executive,B.Sc,Part-Time,2021-01-14,4,84889,2.5,12,Inactive
675,EMP00675,Employee_00675,41,Female,Mumbai,Finance,Support Engineer,M.Tech,Full-Time,2023-03-13,2,58405,2.4,7,Inactive
676,EMP00676,Employee_00676,27,Female,Mumbai,Support,Analyst,MBA,Part-Time,2025-09-30,0,146351,3.3,6,On Leave
677,EMP00677,Employee_00677,34,Female,Vijayawada,Sales,Manager,MBA,Contract,2022-02-02,3,129677,2.3,8,On Leave
678,EMP00678,Employee_00678,23,Female,Mumbai,Finance,Manager,M.Tech,Part-Time,2025-11-19,0,94206,3.4,1,Active
679,EMP00679,Employee_00679,34,Male,Hyderabad,HR,HR Executive,MBA,Full-Time,2025-11-12,0,95458,3.7,8,Inactive
680,EMP00680,Employee_00680,29,Male,Bengaluru,Admin,Manager,B.Sc,Part-Time,2026-05-17,0,111181,2.8,1,Active
681,EMP00681,Employee_00681,34,Female,Vijayawada,Marketing,Support Engineer,B.Sc,Full-Time,2020-12-07,5,96026,2.9,11,Active
682,EMP00682,Employee_00682,44,Female,Kolkata,IT,Developer,MBA,Full-Time,2020-11-16,5,85978,4.6,1,Active
683,EMP00683,Employee_00683,41,Female,Mumbai,Operations,HR Executive,B.Com,Full-Time,2021-12-04,4,143074,3.4,6,Active
684,EMP00684,Employee_00684,21,Male,Hyderabad,Sales,Accountant,M.Tech,Full-Time,2021-07-07,4,68017,2.3,0,On Leave
685,EMP00685,Employee_00685,34,Female,Chennai,Admin,HR Executive,B.Tech,Full-Time,2022-09-17,3,68047,2.3,12,Active
686,EMP00686,Employee_00686,44,Male,Vijayawada,Sales,Executive,B.Com,Contract,2021-09-16,4,134723,4.9,7,Inactive
687,EMP00687,Employee_00687,31,Female,Guntur,Admin,Tester,B.Tech,Part-Time,2020-07-27,5,20064,2.3,11,Inactive
688,EMP00688,Employee_00688,37,Male,Guntur,Operations,Analyst,B.Com,Contract,2025-06-14,0,145900,2.7,0,Inactive
689,EMP00689,Employee_00689,24,Female,Vijayawada,Support,Developer,B.Sc,Part-Time,2025-04-22,0,147705,3.9,10,On Leave
690,EMP00690,Employee_00690,36,Male,Kochi,Operations,Accountant,B.Sc,Part-Time,2022-02-26,3,108137,3.3,8,On Leave
691,EMP00691,Employee_00691,34,Male,Kochi,Sales,Tester,M.Tech,Contract,2024-05-17,1,112438,4.4,12,Active
692,EMP00692,Employee_00692,25,Female,Bengaluru,Support,Accountant,B.Com,Full-Time,2025-05-31,0,63427,2.6,9,Active
693,EMP00693,Employee_00693,22,Female,Chennai,Finance,Developer,B.Tech,Part-Time,2026-03-30,0,22752,3.1,4,Inactive
694,EMP00694,Employee_00694,40,Female,Mumbai,Operations,Support Engineer,B.Tech,Contract,2021-04-11,4,77425,2.4,3,Inactive
695,EMP00695,Employee_00695,43,Female,Bengaluru,HR,Analyst,MCA,Full-Time,2021-09-11,4,45300,4.1,7,On Leave
696,EMP00696,Employee_00696,26,Male,Mumbai,Admin,Accountant,M.Tech,Full-Time,2021-03-07,4,48948,4.6,5,Active
697,EMP00697,Employee_00697,31,Female,Guntur,IT,Executive,MBA,Part-Time,2024-01-29,1,54116,2.4,3,Inactive
698,EMP00698,Employee_00698,26,Female,Delhi,Sales,Manager,MCA,Part-Time,2025-08-30,0,40343,2.8,11,Active
699,EMP00699,Employee_00699,34,Female,Hyderabad,Admin,Manager,B.Tech,Contract,2021-07-19,4,126372,4.8,7,On Leave
700,EMP00700,Employee_00700,23,Male,Guntur,IT,HR Executive,B.Tech,Contract,2020-10-12,5,106684,2.9,12,On Leave
701,EMP00701,Employee_00701,39,Female,Guntur,Support,Tester,M.Tech,Contract,2021-09-10,4,33154,4.9,11,Inactive
702,EMP00702,Employee_00702,21,Male,Guntur,Admin,Executive,MCA,Contract,2023-11-10,2,91342,4.7,9,On Leave
703,EMP00703,Employee_00703,43,Female,Pune,Marketing,Analyst,B.Tech,Contract,2024-12-16,1,108505,4.7,12,Inactive
704,EMP00704,Employee_00704,44,Female,Pune,HR,Tester,MCA,Part-Time,2024-05-16,1,51031,3.6,8,On Leave
705,EMP00705,Employee_00705,21,Female,Pune,Marketing,HR Executive,MCA,Full-Time,2021-10-17,4,25311,4.7,8,On Leave
706,EMP00706,Employee_00706,32,Male,Hyderabad,HR,Accountant,B.Com,Contract,2020-09-02,5,86093,3.9,5,On Leave
707,EMP00707,Employee_00707,35,Male,Delhi,Marketing,Tester,M.Tech,Contract,2020-01-22,5,106861,4.9,12,On Leave
708,EMP00708,Employee_00708,43,Male,Delhi,Sales,Support Engineer,MBA,Full-Time,2021-07-27,4,117002,3.6,3,Active
709,EMP00709,Employee_00709,34,Male,Vijayawada,Sales,Accountant,B.Tech,Part-Time,2024-10-09,1,39481,2.3,6,On Leave
710,EMP00710,Employee_00710,33,Female,Guntur,Admin,Accountant,M.Tech,Part-Time,2025-11-25,0,121489,4.6,9,Active
711,EMP00711,Employee_00711,37,Male,Kolkata,HR,Executive,MBA,Part-Time,2021-08-14,4,51324,3.5,7,Active
712,EMP00712,Employee_00712,38,Female,Bengaluru,HR,Support Engineer,MCA,Part-Time,2021-10-04,4,114818,4.8,1,Active
713,EMP00713,Employee_00713,25,Female,Mumbai,Admin,Developer,B.Sc,Full-Time,2025-11-11,0,48865,3.1,5,On Leave
714,EMP00714,Employee_00714,22,Male,Vijayawada,IT,Analyst,MCA,Part-Time,2024-09-23,1,97996,4.7,3,Active
715,EMP00715,Employee_00715,34,Female,Delhi,Support,Accountant,M.Tech,Contract,2020-07-02,5,144137,3.7,9,Active
716,EMP00716,Employee_00716,37,Female,Chennai,Operations,Analyst,MCA,Contract,2021-07-21,4,138831,4.3,10,On Leave
717,EMP00717,Employee_00717,33,Male,Vijayawada,Marketing,Analyst,B.Sc,Contract,2024-08-04,1,79032,4.7,5,Active
718,EMP00718,Employee_00718,41,Male,Pune,IT,Executive,MBA,Contract,2026-05-31,0,98962,3.7,1,Active
719,EMP00719,Employee_00719,42,Male,Pune,Admin,Analyst,MCA,Contract,2021-05-07,4,65118,4.9,4,Inactive
720,EMP00720,Employee_00720,39,Female,Guntur,Finance,HR Executive,B.Tech,Contract,2024-07-03,1,29792,3.5,0,Inactive
721,EMP00721,Employee_00721,29,Male,Mumbai,Finance,Manager,B.Com,Full-Time,2024-04-13,1,41861,2.3,1,Active
722,EMP00722,Employee_00722,34,Male,Hyderabad,IT,Tester,MBA,Full-Time,2023-06-10,2,62352,2.2,5,Inactive
723,EMP00723,Employee_00723,34,Male,Pune,Sales,Executive,MBA,Contract,2021-08-06,4,102991,2.8,1,On Leave
724,EMP00724,Employee_00724,24,Female,Bengaluru,Admin,Developer,MBA,Contract,2024-04-26,1,88592,2.2,7,Active
725,EMP00725,Employee_00725,29,Male,Mumbai,Support,Accountant,B.Tech,Contract,2020-03-17,5,44610,2.7,8,On Leave
726,EMP00726,Employee_00726,25,Male,Kolkata,Support,Accountant,B.Tech,Full-Time,2022-04-13,3,115859,3.6,2,Inactive
727,EMP00727,Employee_00727,41,Female,Kochi,Marketing,HR Executive,B.Com,Contract,2023-03-30,2,61878,2.0,7,Active
728,EMP00728,Employee_00728,37,Male,Mumbai,HR,HR Executive,M.Tech,Full-Time,2026-07-24,0,91744,2.1,11,Active
729,EMP00729,Employee_00729,29,Female,Delhi,Marketing,Accountant,B.Com,Full-Time,2026-03-29,0,131236,2.6,8,On Leave
730,EMP00730,Employee_00730,31,Female,Hyderabad,Finance,Developer,MCA,Part-Time,2023-08-10,2,73213,3.4,9,Active
731,EMP00731,Employee_00731,42,Female,Guntur,HR,Analyst,MCA,Full-Time,2020-02-09,5,63491,3.2,11,On Leave
732,EMP00732,Employee_00732,42,Female,Guntur,Finance,Developer,B.Tech,Part-Time,2024-12-28,1,50352,3.1,6,Inactive
733,EMP00733,Employee_00733,35,Female,Delhi,Sales,Analyst,MCA,Contract,2022-03-01,3,20454,2.7,0,Inactive
734,EMP00734,Employee_00734,28,Female,Vijayawada,Sales,Developer,B.Sc,Contract,2022-06-24,3,147448,4.9,0,Inactive
735,EMP00735,Employee_00735,29,Male,Kochi,Finance,Analyst,MCA,Full-Time,2021-03-30,4,149157,3.5,8,On Leave
736,EMP00736,Employee_00736,25,Female,Pune,IT,Tester,M.Tech,Contract,2020-09-23,5,86058,4.8,3,Inactive
737,EMP00737,Employee_00737,34,Female,Guntur,Marketing,Analyst,M.Tech,Contract,2020-01-09,5,31595,4.6,5,Inactive
738,EMP00738,Employee_00738,32,Male,Mumbai,Support,Accountant,B.Com,Full-Time,2025-07-22,0,29394,4.7,3,Inactive
739,EMP00739,Employee_00739,31,Male,Pune,Support,Analyst,B.Sc,Full-Time,2022-03-08,3,39445,4.6,12,Active
740,EMP00740,Employee_00740,30,Male,Vijayawada,Support,Developer,MCA,Contract,2023-09-10,2,34474,3.9,1,Inactive
741,EMP00741,Employee_00741,28,Male,Delhi,Sales,Analyst,MCA,Contract,2022-10-22,3,46269,3.4,5,Inactive
742,EMP00742,Employee_00742,41,Male,Hyderabad,Support,Support Engineer,M.Tech,Full-Time,2021-01-26,4,135035,3.7,1,Active
743,EMP00743,Employee_00743,35,Female,Bengaluru,HR,Developer,MCA,Full-Time,2020-09-10,5,32362,2.9,10,Inactive
744,EMP00744,Employee_00744,33,Male,Kochi,IT,Accountant,MBA,Part-Time,2024-04-11,1,43121,3.9,6,Inactive
745,EMP00745,Employee_00745,31,Male,Bengaluru,HR,Developer,MCA,Contract,2021-02-18,4,24808,3.4,5,Active
746,EMP00746,Employee_00746,39,Female,Guntur,Admin,Accountant,B.Sc,Full-Time,2022-03-04,3,51025,3.9,4,Active
747,EMP00747,Employee_00747,22,Female,Mumbai,Finance,Manager,MBA,Part-Time,2020-06-29,5,51470,2.9,6,On Leave
748,EMP00748,Employee_00748,30,Male,Hyderabad,Sales,Developer,MBA,Part-Time,2023-11-05,2,114686,4.9,8,Active
749,EMP00749,Employee_00749,41,Male,Vijayawada,Admin,Support Engineer,MCA,Contract,2022-03-31,3,70759,4.4,5,Inactive
750,EMP00750,Employee_00750,34,Male,Vijayawada,Sales,Developer,M.Tech,Full-Time,2023-05-12,2,104145,2.5,7,On Leave
751,EMP00751,Employee_00751,35,Female,Guntur,Sales,HR Executive,B.Sc,Full-Time,2022-08-01,3,73872,2.7,11,Inactive
752,EMP00752,Employee_00752,23,Male,Mumbai,Admin,Executive,M.Tech,Contract,2020-02-10,5,111817,2.1,1,Inactive
753,EMP00753,Employee_00753,21,Male,Mumbai,Finance,Support Engineer,MCA,Full-Time,2020-06-28,5,70198,2.6,2,Active
754,EMP00754,Employee_00754,21,Male,Chennai,Support,Analyst,B.Com,Full-Time,2022-03-13,3,64157,4.5,1,Inactive
755,EMP00755,Employee_00755,28,Male,Kolkata,Support,Analyst,B.Tech,Full-Time,2025-02-11,0,114899,4.4,10,Active
756,EMP00756,Employee_00756,27,Female,Pune,IT,Executive,MCA,Part-Time,2022-02-15,3,117141,4.1,5,Active
757,EMP00757,Employee_00757,28,Male,Kolkata,Admin,Executive,M.Tech,Full-Time,2023-09-04,2,31961,3.9,4,Inactive
758,EMP00758,Employee_00758,26,Female,Vijayawada,Admin,Manager,B.Com,Contract,2020-09-22,5,119742,4.3,10,Inactive
759,EMP00759,Employee_00759,43,Female,Mumbai,Support,Developer,B.Sc,Full-Time,2025-11-22,0,144693,4.1,7,Active
760,EMP00760,Employee_00760,28,Female,Kochi,Finance,Support Engineer,B.Com,Contract,2025-01-25,0,121782,2.7,6,Active
761,EMP00761,Employee_00761,45,Female,Pune,IT,Accountant,MCA,Contract,2021-07-04,4,40027,2.9,8,Inactive
762,EMP00762,Employee_00762,35,Female,Delhi,Marketing,HR Executive,B.Tech,Full-Time,2024-10-11,1,140565,3.3,5,Inactive
763,EMP00763,Employee_00763,29,Female,Kolkata,HR,Tester,B.Sc,Full-Time,2022-08-15,3,37893,3.1,1,Active
764,EMP00764,Employee_00764,32,Male,Delhi,Marketing,Tester,M.Tech,Contract,2020-10-19,5,28035,3.6,5,Inactive
765,EMP00765,Employee_00765,43,Female,Hyderabad,Marketing,Tester,B.Com,Part-Time,2022-02-19,3,54140,5.0,12,Inactive
766,EMP00766,Employee_00766,45,Male,Guntur,Sales,Executive,M.Tech,Contract,2026-07-03,0,21117,3.4,8,Active
767,EMP00767,Employee_00767,28,Female,Bengaluru,Operations,Executive,MBA,Contract,2025-04-27,0,140876,4.2,7,Inactive
768,EMP00768,Employee_00768,35,Female,Chennai,Finance,Tester,M.Tech,Full-Time,2022-05-08,3,135957,4.6,0,Inactive
769,EMP00769,Employee_00769,31,Female,Kolkata,Marketing,Support Engineer,MCA,Full-Time,2023-12-23,2,77111,3.3,10,On Leave
770,EMP00770,Employee_00770,25,Female,Guntur,Sales,HR Executive,B.Tech,Contract,2020-05-11,5,58289,4.9,5,Inactive
771,EMP00771,Employee_00771,36,Female,Bengaluru,Finance,Analyst,M.Tech,Contract,2022-02-10,3,46478,3.0,7,Active
772,EMP00772,Employee_00772,43,Male,Guntur,Marketing,Executive,B.Sc,Part-Time,2020-05-11,5,146087,2.1,3,On Leave
773,EMP00773,Employee_00773,23,Male,Chennai,Operations,HR Executive,MBA,Full-Time,2025-11-17,0,137187,2.2,8,Active
774,EMP00774,Employee_00774,38,Female,Pune,Finance,Executive,B.Com,Part-Time,2021-06-12,4,127684,3.4,1,On Leave
775,EMP00775,Employee_00775,26,Female,Mumbai,Sales,Developer,B.Sc,Part-Time,2025-04-28,0,99346,3.8,8,Active
776,EMP00776,Employee_00776,40,Female,Vijayawada,Admin,Developer,M.Tech,Full-Time,2024-06-23,1,82707,3.6,9,Inactive
777,EMP00777,Employee_00777,32,Male,Guntur,Sales,Manager,MCA,Contract,2025-02-12,0,95974,3.2,12,Inactive
778,EMP00778,Employee_00778,33,Female,Hyderabad,Sales,Manager,B.Com,Contract,2025-02-18,0,66088,4.1,1,On Leave
779,EMP00779,Employee_00779,42,Male,Vijayawada,Support,Analyst,B.Com,Full-Time,2023-04-10,2,35496,4.1,11,Active
780,EMP00780,Employee_00780,45,Female,Pune,IT,Accountant,B.Tech,Full-Time,2025-08-28,0,103462,3.2,2,On Leave
781,EMP00781,Employee_00781,33,Female,Hyderabad,IT,Tester,B.Tech,Contract,2025-03-06,0,108087,4.2,3,Active
782,EMP00782,Employee_00782,42,Male,Kolkata,Sales,Accountant,B.Sc,Part-Time,2023-09-01,2,139699,3.5,1,Inactive
783,EMP00783,Employee_00783,26,Female,Bengaluru,Support,Manager,B.Tech,Contract,2021-10-22,4,22735,3.8,2,Active
784,EMP00784,Employee_00784,25,Male,Kolkata,Sales,Accountant,M.Tech,Full-Time,2023-01-24,2,133515,3.1,3,On Leave
785,EMP00785,Employee_00785,41,Female,Hyderabad,IT,Developer,MBA,Full-Time,2025-11-11,0,44946,3.2,4,Active
786,EMP00786,Employee_00786,28,Male,Hyderabad,Operations,Executive,M.Tech,Contract,2024-03-14,1,70425,2.3,6,Active
787,EMP00787,Employee_00787,24,Female,Kolkata,HR,Support Engineer,B.Com,Contract,2022-06-22,3,62009,4.2,0,On Leave
788,EMP00788,Employee_00788,40,Female,Bengaluru,Sales,Executive,B.Tech,Part-Time,2022-02-15,3,72295,4.8,6,Inactive
789,EMP00789,Employee_00789,21,Female,Pune,Admin,Executive,B.Tech,Contract,2021-12-12,4,123418,4.0,0,Inactive
790,EMP00790,Employee_00790,22,Female,Kochi,Admin,Analyst,M.Tech,Contract,2024-02-20,1,35650,4.7,6,On Leave
791,EMP00791,Employee_00791,29,Female,Chennai,Operations,Manager,M.Tech,Contract,2021-12-03,4,42836,3.8,10,Inactive
792,EMP00792,Employee_00792,23,Female,Guntur,Sales,Developer,B.Sc,Full-Time,2025-05-28,0,105845,2.1,9,On Leave
793,EMP00793,Employee_00793,30,Male,Kochi,HR,Developer,B.Sc,Part-Time,2021-05-23,4,79969,4.2,12,Inactive
794,EMP00794,Employee_00794,27,Male,Pune,Admin,Support Engineer,B.Sc,Part-Time,2023-04-29,2,57759,3.1,10,Inactive
795,EMP00795,Employee_00795,37,Male,Pune,Operations,Support Engineer,B.Sc,Full-Time,2020-06-11,5,126761,3.9,4,On Leave
796,EMP00796,Employee_00796,42,Male,Kochi,Support,Support Engineer,B.Sc,Part-Time,2020-08-09,5,83100,4.4,11,On Leave
797,EMP00797,Employee_00797,23,Male,Chennai,Sales,Manager,B.Tech,Full-Time,2020-01-25,5,146881,2.2,3,On Leave
798,EMP00798,Employee_00798,27,Female,Mumbai,Finance,Executive,B.Sc,Part-Time,2026-02-26,0,79947,3.5,6,Active
799,EMP00799,Employee_00799,30,Male,Mumbai,Admin,Analyst,B.Com,Part-Time,2022-10-16,3,92803,3.7,10,Inactive
800,EMP00800,Employee_00800,36,Female,Chennai,Admin,Developer,MBA,Part-Time,2021-11-18,4,133704,3.3,9,Active
801,EMP00801,Employee_00801,40,Female,Guntur,Admin,Tester,MBA,Part-Time,2023-05-14,2,58055,3.7,2,Inactive
802,EMP00802,Employee_00802,40,Female,Pune,Finance,Executive,B.Tech,Full-Time,2026-04-21,0,144050,2.2,2,On Leave
803,EMP00803,Employee_00803,36,Female,Guntur,Admin,Tester,M.Tech,Contract,2024-03-12,1,124051,4.8,6,Active
804,EMP00804,Employee_00804,22,Male,Pune,Support,Tester,M.Tech,Part-Time,2024-08-01,1,50631,3.2,9,On Leave
805,EMP00805,Employee_00805,41,Female,Guntur,Sales,Executive,MBA,Full-Time,2025-06-24,0,114516,4.1,10,Inactive
806,EMP00806,Employee_00806,43,Male,Mumbai,Sales,Manager,B.Tech,Full-Time,2020-04-25,5,56766,2.8,7,Active
807,EMP00807,Employee_00807,33,Female,Chennai,Support,Tester,M.Tech,Part-Time,2024-04-23,1,39062,3.6,3,On Leave
808,EMP00808,Employee_00808,42,Female,Bengaluru,HR,Support Engineer,B.Sc,Part-Time,2025-12-23,0,118345,3.8,11,On Leave
809,EMP00809,Employee_00809,44,Male,Vijayawada,IT,Analyst,B.Tech,Contract,2022-05-08,3,122325,4.1,0,Inactive
810,EMP00810,Employee_00810,34,Male,Delhi,Finance,Manager,B.Sc,Part-Time,2025-11-20,0,93586,4.2,2,Active
811,EMP00811,Employee_00811,24,Male,Pune,IT,Manager,B.Sc,Part-Time,2025-08-20,0,136138,3.7,3,Inactive
812,EMP00812,Employee_00812,41,Male,Mumbai,HR,HR Executive,B.Tech,Part-Time,2024-12-10,1,46624,4.6,2,Active
813,EMP00813,Employee_00813,21,Male,Hyderabad,IT,Tester,B.Tech,Contract,2023-11-02,2,79546,3.4,10,On Leave
814,EMP00814,Employee_00814,24,Female,Kochi,Marketing,Accountant,MBA,Part-Time,2020-06-20,5,73330,3.6,0,On Leave
815,EMP00815,Employee_00815,31,Female,Pune,Operations,HR Executive,MBA,Contract,2024-10-25,1,115199,4.0,5,Active
816,EMP00816,Employee_00816,31,Female,Chennai,IT,Analyst,MCA,Part-Time,2023-12-29,2,44260,2.0,11,On Leave
817,EMP00817,Employee_00817,32,Female,Kolkata,Support,Executive,B.Tech,Contract,2022-10-15,3,136467,3.9,10,Inactive
818,EMP00818,Employee_00818,41,Female,Vijayawada,Sales,Accountant,MBA,Contract,2020-03-09,5,112425,4.6,12,On Leave
819,EMP00819,Employee_00819,32,Male,Guntur,Marketing,Executive,M.Tech,Full-Time,2020-11-29,5,130175,4.8,7,On Leave
820,EMP00820,Employee_00820,43,Male,Mumbai,Admin,Manager,MBA,Full-Time,2026-05-31,0,26321,2.4,12,Inactive
821,EMP00821,Employee_00821,28,Male,Bengaluru,Support,Developer,B.Sc,Part-Time,2026-01-23,0,81794,2.6,12,Inactive
822,EMP00822,Employee_00822,28,Male,Chennai,Admin,Analyst,M.Tech,Part-Time,2023-02-22,2,85535,4.0,10,Active
823,EMP00823,Employee_00823,45,Female,Kolkata,Support,Executive,B.Sc,Part-Time,2026-06-17,0,34952,3.9,6,Active
824,EMP00824,Employee_00824,23,Male,Bengaluru,Operations,Manager,B.Com,Part-Time,2023-04-06,2,47198,2.3,11,On Leave
825,EMP00825,Employee_00825,30,Female,Guntur,Operations,Support Engineer,M.Tech,Full-Time,2020-01-07,5,34222,3.8,3,On Leave
826,EMP00826,Employee_00826,24,Female,Chennai,Marketing,Executive,MBA,Contract,2022-06-28,3,121628,2.0,7,Inactive
827,EMP00827,Employee_00827,40,Male,Kochi,Operations,Tester,MCA,Contract,2021-08-26,4,92289,2.4,10,Active
828,EMP00828,Employee_00828,43,Female,Mumbai,Support,Developer,B.Com,Full-Time,2023-01-25,2,143378,3.9,3,On Leave
829,EMP00829,Employee_00829,44,Male,Vijayawada,Support,Tester,M.Tech,Full-Time,2022-05-12,3,77001,4.1,0,Active
830,EMP00830,Employee_00830,33,Female,Guntur,Support,Analyst,MCA,Contract,2026-02-22,0,106450,3.3,7,Inactive
831,EMP00831,Employee_00831,43,Female,Bengaluru,Finance,Support Engineer,MCA,Full-Time,2023-03-02,2,69142,4.1,8,On Leave
832,EMP00832,Employee_00832,35,Female,Mumbai,Finance,Executive,B.Sc,Contract,2023-05-30,2,60911,3.7,7,Active
833,EMP00833,Employee_00833,32,Female,Guntur,Finance,Developer,B.Tech,Part-Time,2020-02-07,5,44725,4.0,2,Inactive
834,EMP00834,Employee_00834,22,Female,Kochi,Support,Manager,M.Tech,Contract,2022-01-05,3,48761,4.9,10,Inactive
835,EMP00835,Employee_00835,22,Female,Kochi,Finance,HR Executive,M.Tech,Contract,2022-09-30,3,49143,2.7,7,On Leave
836,EMP00836,Employee_00836,45,Female,Mumbai,Admin,Support Engineer,B.Tech,Full-Time,2021-01-02,5,139549,4.6,10,Active
837,EMP00837,Employee_00837,24,Male,Hyderabad,Admin,Tester,M.Tech,Contract,2020-12-04,5,146245,3.9,8,Active
838,EMP00838,Employee_00838,33,Female,Mumbai,Finance,Analyst,B.Com,Full-Time,2022-01-11,3,144927,5.0,11,On Leave
839,EMP00839,Employee_00839,26,Female,Kolkata,Admin,Analyst,MCA,Contract,2026-01-10,0,124254,4.4,0,On Leave
840,EMP00840,Employee_00840,45,Male,Kochi,Finance,Developer,MCA,Part-Time,2021-05-23,4,72385,4.9,1,Inactive
841,EMP00841,Employee_00841,22,Male,Bengaluru,Marketing,Developer,B.Tech,Full-Time,2021-05-18,4,51768,3.7,10,On Leave
842,EMP00842,Employee_00842,32,Male,Pune,Marketing,Developer,MCA,Part-Time,2023-05-07,2,62984,3.3,10,On Leave
843,EMP00843,Employee_00843,35,Female,Kolkata,Operations,Executive,M.Tech,Full-Time,2025-12-27,0,54662,3.7,11,On Leave
844,EMP00844,Employee_00844,28,Male,Chennai,Sales,Support Engineer,B.Com,Full-Time,2020-07-02,5,27629,2.6,4,On Leave
845,EMP00845,Employee_00845,23,Male,Guntur,Admin,Analyst,B.Com,Contract,2024-09-24,1,84838,2.8,10,Inactive
846,EMP00846,Employee_00846,38,Female,Pune,Operations,Manager,MBA,Full-Time,2021-08-09,4,71415,2.2,11,Inactive
847,EMP00847,Employee_00847,33,Male,Mumbai,HR,Analyst,M.Tech,Contract,2024-11-11,1,24792,4.9,3,Inactive
848,EMP00848,Employee_00848,31,Female,Chennai,Sales,Tester,B.Tech,Full-Time,2020-09-27,5,41324,3.1,5,Inactive
849,EMP00849,Employee_00849,33,Male,Kolkata,Marketing,Accountant,B.Tech,Contract,2022-06-29,3,45525,4.3,1,Inactive
850,EMP00850,Employee_00850,30,Male,Delhi,Support,Manager,B.Com,Contract,2026-06-01,0,89055,3.8,0,On Leave
851,EMP00851,Employee_00851,38,Female,Hyderabad,Finance,Manager,B.Sc,Part-Time,2025-12-17,0,123552,3.4,2,On Leave
852,EMP00852,Employee_00852,22,Female,Vijayawada,Finance,Accountant,B.Com,Part-Time,2022-12-31,3,115032,4.1,3,On Leave
853,EMP00853,Employee_00853,29,Male,Mumbai,HR,Tester,MBA,Part-Time,2023-03-20,2,130136,3.6,11,Active
854,EMP00854,Employee_00854,23,Male,Bengaluru,Marketing,Accountant,B.Tech,Part-Time,2020-11-21,5,80924,4.8,2,On Leave
855,EMP00855,Employee_00855,44,Male,Guntur,IT,Executive,M.Tech,Full-Time,2025-09-14,0,53763,3.4,8,On Leave
856,EMP00856,Employee_00856,43,Male,Kochi,Admin,Manager,M.Tech,Contract,2024-10-06,1,108455,2.7,11,Active
857,EMP00857,Employee_00857,23,Female,Hyderabad,Support,Accountant,MBA,Full-Time,2021-12-17,4,114220,4.5,8,Inactive
858,EMP00858,Employee_00858,31,Male,Mumbai,Marketing,Accountant,B.Com,Part-Time,2021-04-08,4,83474,4.5,12,Active
859,EMP00859,Employee_00859,44,Male,Vijayawada,Admin,Developer,B.Com,Full-Time,2020-01-10,5,121185,2.7,4,On Leave
860,EMP00860,Employee_00860,31,Female,Chennai,Support,Support Engineer,B.Tech,Full-Time,2025-02-28,0,96210,3.1,0,Inactive
861,EMP00861,Employee_00861,27,Female,Bengaluru,Admin,Developer,B.Sc,Contract,2025-07-08,0,40215,3.6,2,Inactive
862,EMP00862,Employee_00862,36,Female,Chennai,Marketing,Analyst,MBA,Contract,2022-07-15,3,121640,3.1,5,Inactive
863,EMP00863,Employee_00863,25,Female,Pune,HR,Executive,B.Com,Full-Time,2021-10-24,4,110730,4.2,0,Active
864,EMP00864,Employee_00864,34,Male,Vijayawada,Marketing,Analyst,MBA,Part-Time,2024-06-04,1,104825,4.7,2,On Leave
865,EMP00865,Employee_00865,42,Female,Kolkata,Support,Manager,B.Tech,Full-Time,2025-07-22,0,51406,3.0,12,Active
866,EMP00866,Employee_00866,25,Male,Hyderabad,Operations,HR Executive,MCA,Contract,2021-05-31,4,108209,3.5,12,Active
867,EMP00867,Employee_00867,36,Female,Pune,Finance,Manager,B.Sc,Part-Time,2024-11-14,1,93881,2.8,1,Active
868,EMP00868,Employee_00868,43,Male,Vijayawada,HR,Manager,B.Sc,Contract,2022-12-15,3,82842,4.0,6,On Leave
869,EMP00869,Employee_00869,28,Female,Pune,Finance,HR Executive,B.Tech,Contract,2021-09-01,4,49578,2.4,0,Active
870,EMP00870,Employee_00870,22,Male,Pune,Operations,HR Executive,MBA,Full-Time,2021-01-07,4,117707,3.2,4,On Leave
871,EMP00871,Employee_00871,41,Female,Mumbai,Operations,HR Executive,B.Sc,Part-Time,2024-10-15,1,31541,2.9,4,Active
872,EMP00872,Employee_00872,22,Female,Pune,Marketing,Accountant,B.Com,Contract,2022-01-14,3,18140,2.2,11,Active
873,EMP00873,Employee_00873,26,Female,Mumbai,HR,Analyst,M.Tech,Full-Time,2024-10-30,1,84129,4.8,5,On Leave
874,EMP00874,Employee_00874,45,Female,Kochi,Operations,Executive,M.Tech,Part-Time,2026-03-10,0,52159,3.0,11,Active
875,EMP00875,Employee_00875,33,Male,Hyderabad,Sales,Executive,M.Tech,Part-Time,2026-07-21,0,40867,4.7,2,Active
876,EMP00876,Employee_00876,38,Male,Kolkata,Finance,Developer,B.Sc,Full-Time,2020-11-02,5,107888,2.9,7,Inactive
877,EMP00877,Employee_00877,43,Female,Delhi,Admin,Analyst,MBA,Full-Time,2026-03-04,0,84198,4.7,12,Inactive
878,EMP00878,Employee_00878,37,Male,Mumbai,IT,Developer,M.Tech,Full-Time,2024-09-12,1,23734,2.5,4,On Leave
879,EMP00879,Employee_00879,36,Female,Kolkata,Support,HR Executive,MCA,Part-Time,2024-06-16,1,37657,2.5,12,Active
880,EMP00880,Employee_00880,21,Male,Kolkata,Admin,Tester,B.Com,Full-Time,2022-01-23,3,59943,3.7,9,Inactive
881,EMP00881,Employee_00881,38,Male,Mumbai,IT,Manager,B.Com,Full-Time,2023-01-04,2,49222,2.5,0,Inactive
882,EMP00882,Employee_00882,41,Male,Hyderabad,Operations,Support Engineer,B.Com,Full-Time,2020-07-30,5,83275,5.0,3,On Leave
883,EMP00883,Employee_00883,29,Female,Delhi,IT,Developer,B.Com,Full-Time,2026-02-27,0,53025,3.2,9,On Leave
884,EMP00884,Employee_00884,26,Male,Guntur,Marketing,Executive,MBA,Full-Time,2023-02-19,2,85105,4.9,8,Inactive
885,EMP00885,Employee_00885,27,Female,Delhi,Finance,Accountant,B.Tech,Part-Time,2023-01-05,2,121668,2.5,3,Active
886,EMP00886,Employee_00886,26,Male,Mumbai,IT,Tester,B.Sc,Full-Time,2025-02-24,0,64166,2.6,7,Inactive
887,EMP00887,Employee_00887,23,Female,Guntur,HR,Manager,M.Tech,Full-Time,2022-02-08,3,55623,2.2,3,On Leave
888,EMP00888,Employee_00888,33,Male,Chennai,Sales,Analyst,B.Com,Full-Time,2021-02-12,4,118660,2.1,0,On Leave
889,EMP00889,Employee_00889,21,Male,Pune,Finance,Accountant,MCA,Part-Time,2020-02-25,5,45876,3.6,5,Active
890,EMP00890,Employee_00890,31,Female,Kolkata,HR,Developer,B.Tech,Full-Time,2023-06-13,2,143542,2.5,0,On Leave
891,EMP00891,Employee_00891,24,Male,Pune,Support,HR Executive,B.Sc,Part-Time,2023-04-30,2,126864,2.4,3,On Leave
892,EMP00892,Employee_00892,28,Male,Vijayawada,Finance,Analyst,B.Sc,Full-Time,2023-03-20,2,118858,4.1,11,Inactive
893,EMP00893,Employee_00893,23,Male,Kochi,Finance,Manager,MBA,Contract,2024-01-03,1,105483,2.4,1,Inactive
894,EMP00894,Employee_00894,42,Female,Kochi,Marketing,Support Engineer,B.Tech,Part-Time,2022-01-12,3,129475,2.5,10,Inactive
895,EMP00895,Employee_00895,29,Male,Delhi,Finance,HR Executive,MBA,Contract,2024-02-20,1,38019,4.4,2,Inactive
896,EMP00896,Employee_00896,24,Male,Bengaluru,Operations,Manager,B.Sc,Part-Time,2020-10-02,5,130054,4.9,4,Inactive
897,EMP00897,Employee_00897,36,Female,Chennai,Sales,HR Executive,MBA,Contract,2023-07-31,2,129105,3.4,6,Inactive
898,EMP00898,Employee_00898,38,Female,Bengaluru,Support,Executive,M.Tech,Full-Time,2026-01-15,0,147132,3.6,3,Active
899,EMP00899,Employee_00899,21,Female,Kolkata,Admin,Manager,B.Tech,Full-Time,2024-01-21,1,71288,5.0,0,Inactive
900,EMP00900,Employee_00900,45,Female,Pune,Sales,Executive,B.Tech,Contract,2024-01-18,1,54529,2.9,2,Active
901,EMP00901,Employee_00901,43,Female,Delhi,IT,Analyst,M.Tech,Contract,2021-04-25,4,55506,3.1,0,Active
902,EMP00902,Employee_00902,40,Male,Bengaluru,Sales,Analyst,B.Tech,Contract,2025-05-07,0,59464,2.1,5,Inactive
903,EMP00903,Employee_00903,45,Female,Vijayawada,Support,Support Engineer,MBA,Contract,2021-09-05,4,65821,3.4,2,On Leave
904,EMP00904,Employee_00904,30,Male,Kochi,Finance,Manager,B.Tech,Part-Time,2020-02-24,5,47167,2.5,10,Inactive
905,EMP00905,Employee_00905,38,Female,Pune,Support,Manager,B.Com,Full-Time,2025-02-03,0,85647,4.8,8,On Leave
906,EMP00906,Employee_00906,25,Male,Guntur,Finance,Analyst,M.Tech,Part-Time,2024-03-26,1,73538,3.2,0,Inactive
907,EMP00907,Employee_00907,41,Male,Delhi,Support,Executive,B.Com,Full-Time,2023-07-06,2,124194,4.5,2,Active
908,EMP00908,Employee_00908,32,Male,Kolkata,HR,Analyst,B.Sc,Contract,2020-11-14,5,105941,2.1,4,Active
909,EMP00909,Employee_00909,27,Male,Mumbai,HR,Developer,MCA,Part-Time,2023-06-20,2,70881,3.9,0,Active
910,EMP00910,Employee_00910,31,Female,Mumbai,Support,Executive,B.Com,Part-Time,2020-07-15,5,42434,4.8,0,On Leave
911,EMP00911,Employee_00911,25,Male,Kolkata,Finance,Developer,MCA,Part-Time,2023-12-28,2,43527,3.0,11,Inactive
912,EMP00912,Employee_00912,30,Male,Bengaluru,Sales,Executive,M.Tech,Contract,2020-06-02,5,60263,2.5,7,Active
913,EMP00913,Employee_00913,37,Female,Mumbai,Operations,HR Executive,B.Tech,Contract,2021-10-21,4,107499,3.3,2,On Leave
914,EMP00914,Employee_00914,28,Male,Chennai,Admin,Analyst,B.Tech,Full-Time,2024-05-06,1,72741,5.0,9,Inactive
915,EMP00915,Employee_00915,23,Male,Mumbai,Finance,Analyst,B.Com,Contract,2026-02-19,0,148786,2.3,5,Inactive
916,EMP00916,Employee_00916,23,Female,Mumbai,Admin,Tester,MBA,Contract,2023-12-18,2,36647,2.5,12,Active
917,EMP00917,Employee_00917,39,Female,Guntur,Finance,Accountant,B.Com,Contract,2021-05-22,4,145994,2.1,4,On Leave
918,EMP00918,Employee_00918,32,Female,Mumbai,IT,Developer,M.Tech,Full-Time,2023-07-08,2,39886,4.0,8,On Leave
919,EMP00919,Employee_00919,21,Female,Chennai,Support,Analyst,B.Sc,Part-Time,2026-04-16,0,58517,4.6,4,Inactive
920,EMP00920,Employee_00920,32,Female,Bengaluru,HR,Manager,M.Tech,Full-Time,2021-01-17,4,140127,3.4,8,Inactive
921,EMP00921,Employee_00921,27,Female,Kochi,Admin,Executive,M.Tech,Contract,2024-11-09,1,123256,3.0,5,Inactive
922,EMP00922,Employee_00922,29,Female,Chennai,Sales,Support Engineer,MCA,Full-Time,2021-04-13,4,137165,2.1,2,On Leave
923,EMP00923,Employee_00923,22,Male,Hyderabad,Sales,Developer,M.Tech,Part-Time,2024-04-06,1,112763,4.4,7,Inactive
924,EMP00924,Employee_00924,41,Female,Guntur,HR,Tester,M.Tech,Part-Time,2022-10-29,3,64165,2.3,1,Inactive
925,EMP00925,Employee_00925,27,Male,Guntur,Operations,Tester,B.Sc,Full-Time,2025-11-19,0,86012,2.6,0,Inactive
926,EMP00926,Employee_00926,36,Male,Guntur,Operations,HR Executive,B.Tech,Contract,2024-09-12,1,142649,3.6,12,On Leave
927,EMP00927,Employee_00927,23,Female,Hyderabad,Finance,Accountant,B.Sc,Part-Time,2022-03-24,3,55910,3.0,11,Inactive
928,EMP00928,Employee_00928,42,Male,Vijayawada,Finance,Accountant,M.Tech,Contract,2021-04-10,4,124531,2.8,11,Active
929,EMP00929,Employee_00929,27,Male,Kochi,Support,Executive,B.Com,Full-Time,2020-05-29,5,67193,3.3,8,Active
930,EMP00930,Employee_00930,21,Female,Mumbai,HR,Accountant,M.Tech,Part-Time,2026-06-20,0,115060,4.4,0,Inactive
931,EMP00931,Employee_00931,32,Female,Bengaluru,Finance,Accountant,MBA,Part-Time,2024-08-07,1,110330,4.5,6,Active
932,EMP00932,Employee_00932,40,Female,Guntur,Marketing,Analyst,B.Tech,Full-Time,2026-03-14,0,60639,3.6,6,Active
933,EMP00933,Employee_00933,40,Male,Vijayawada,IT,Tester,MBA,Full-Time,2020-03-08,5,125814,2.3,11,Active
934,EMP00934,Employee_00934,38,Male,Delhi,Admin,HR Executive,M.Tech,Contract,2025-02-05,0,117897,2.3,7,On Leave
935,EMP00935,Employee_00935,21,Female,Mumbai,Marketing,Tester,MBA,Contract,2024-06-09,1,116210,4.3,8,Active
936,EMP00936,Employee_00936,34,Female,Kolkata,Operations,Support Engineer,B.Sc,Contract,2020-01-18,5,26565,2.0,2,Inactive
937,EMP00937,Employee_00937,38,Female,Hyderabad,Support,Manager,M.Tech,Part-Time,2022-09-17,3,120593,2.6,10,On Leave
938,EMP00938,Employee_00938,33,Male,Bengaluru,Finance,Analyst,M.Tech,Contract,2021-12-12,4,101394,3.6,6,Inactive
939,EMP00939,Employee_00939,38,Male,Bengaluru,IT,HR Executive,B.Tech,Contract,2022-12-01,3,59694,4.8,3,On Leave
940,EMP00940,Employee_00940,21,Male,Vijayawada,Operations,Manager,B.Sc,Contract,2021-09-18,4,38649,3.7,0,Active
941,EMP00941,Employee_00941,27,Female,Mumbai,IT,Tester,B.Tech,Full-Time,2023-05-01,2,82291,4.2,12,On Leave
942,EMP00942,Employee_00942,41,Male,Bengaluru,Finance,Tester,B.Com,Full-Time,2020-04-04,5,45110,2.3,9,Active
943,EMP00943,Employee_00943,36,Female,Bengaluru,Admin,Developer,MBA,Full-Time,2020-11-12,5,112738,4.7,3,Inactive
944,EMP00944,Employee_00944,27,Female,Chennai,Finance,Tester,B.Tech,Full-Time,2020-11-08,5,128076,3.1,5,On Leave
945,EMP00945,Employee_00945,41,Female,Vijayawada,IT,Manager,MCA,Contract,2026-05-12,0,26244,2.4,5,Inactive
946,EMP00946,Employee_00946,27,Male,Pune,Operations,Analyst,B.Sc,Full-Time,2021-05-13,4,25747,3.6,8,Inactive
947,EMP00947,Employee_00947,28,Female,Mumbai,Admin,Executive,B.Tech,Part-Time,2021-07-21,4,39874,4.2,2,On Leave
948,EMP00948,Employee_00948,41,Female,Guntur,Support,Executive,B.Com,Full-Time,2026-03-08,0,95154,3.4,12,Active
949,EMP00949,Employee_00949,33,Female,Chennai,Sales,Accountant,MBA,Part-Time,2023-02-25,2,44973,3.8,12,Inactive
950,EMP00950,Employee_00950,31,Male,Kochi,Operations,Support Engineer,M.Tech,Full-Time,2023-01-17,2,46195,3.8,6,Inactive
951,EMP00951,Employee_00951,22,Female,Guntur,IT,Analyst,B.Sc,Part-Time,2021-11-16,4,84339,3.8,4,Inactive
952,EMP00952,Employee_00952,32,Female,Delhi,Finance,Support Engineer,B.Tech,Full-Time,2022-01-31,3,82308,2.2,10,Inactive
953,EMP00953,Employee_00953,43,Female,Pune,HR,HR Executive,B.Com,Contract,2020-02-14,5,104211,2.6,9,Active
954,EMP00954,Employee_00954,27,Male,Kochi,Support,HR Executive,B.Com,Part-Time,2025-11-29,0,44979,3.7,11,Active
955,EMP00955,Employee_00955,22,Female,Bengaluru,HR,Accountant,B.Sc,Contract,2022-03-18,3,147481,3.5,4,Inactive
956,EMP00956,Employee_00956,28,Male,Vijayawada,Marketing,Manager,MBA,Full-Time,2024-04-17,1,23575,2.9,10,On Leave
957,EMP00957,Employee_00957,22,Female,Bengaluru,Support,Tester,B.Com,Part-Time,2025-11-30,0,106444,3.9,1,Inactive
958,EMP00958,Employee_00958,23,Female,Mumbai,Admin,Accountant,M.Tech,Full-Time,2024-06-27,1,100096,3.5,0,Inactive
959,EMP00959,Employee_00959,21,Male,Bengaluru,Operations,HR Executive,B.Sc,Full-Time,2021-02-24,4,76724,2.1,0,Active
960,EMP00960,Employee_00960,44,Male,Hyderabad,Marketing,Developer,B.Tech,Full-Time,2022-02-21,3,114699,4.4,8,Inactive
961,EMP00961,Employee_00961,29,Female,Mumbai,Finance,Manager,MCA,Part-Time,2020-11-03,5,104331,4.1,12,Active
962,EMP00962,Employee_00962,31,Female,Bengaluru,Sales,Accountant,M.Tech,Part-Time,2021-06-01,4,56797,4.3,6,Inactive
963,EMP00963,Employee_00963,45,Female,Bengaluru,Operations,Executive,M.Tech,Contract,2023-08-11,2,144538,2.7,4,On Leave
964,EMP00964,Employee_00964,43,Male,Pune,IT,Executive,MBA,Part-Time,2022-04-23,3,38451,2.2,7,Active
965,EMP00965,Employee_00965,24,Female,Mumbai,Admin,Manager,MCA,Full-Time,2025-06-20,0,107246,2.6,9,Active
966,EMP00966,Employee_00966,32,Male,Guntur,Sales,Analyst,B.Com,Part-Time,2022-06-15,3,119076,4.9,9,Active
967,EMP00967,Employee_00967,39,Male,Pune,IT,Accountant,B.Sc,Part-Time,2023-06-12,2,44755,2.4,1,Active
968,EMP00968,Employee_00968,42,Male,Delhi,Support,Executive,B.Sc,Part-Time,2025-05-04,0,136657,3.1,1,On Leave
969,EMP00969,Employee_00969,37,Female,Bengaluru,IT,HR Executive,M.Tech,Part-Time,2024-10-30,1,105487,2.2,4,Active
970,EMP00970,Employee_00970,27,Female,Kolkata,Support,Analyst,M.Tech,Full-Time,2023-04-19,2,123563,2.5,4,On Leave
971,EMP00971,Employee_00971,24,Female,Pune,HR,Analyst,B.Com,Full-Time,2022-10-16,3,75561,2.3,0,On Leave
972,EMP00972,Employee_00972,33,Female,Vijayawada,Sales,Manager,B.Sc,Part-Time,2024-07-15,1,120992,2.3,11,On Leave
973,EMP00973,Employee_00973,43,Male,Kolkata,Admin,Tester,M.Tech,Full-Time,2023-03-25,2,93491,4.2,1,Active
974,EMP00974,Employee_00974,42,Female,Chennai,IT,Accountant,MBA,Part-Time,2023-07-14,2,36207,2.5,5,Active
975,EMP00975,Employee_00975,29,Male,Kochi,Operations,Accountant,MCA,Full-Time,2021-12-28,4,38179,2.5,12,Inactive
976,EMP00976,Employee_00976,36,Female,Pune,Finance,Manager,B.Tech,Full-Time,2022-10-10,3,46674,2.1,0,Inactive
977,EMP00977,Employee_00977,35,Female,Vijayawada,Marketing,Support Engineer,MBA,Full-Time,2023-10-06,2,146624,4.2,8,Inactive
978,EMP00978,Employee_00978,43,Female,Bengaluru,Marketing,Developer,B.Sc,Part-Time,2023-05-18,2,105487,4.7,12,Active
979,EMP00979,Employee_00979,32,Female,Delhi,Sales,Analyst,B.Sc,Part-Time,2021-08-03,4,148503,2.1,9,On Leave
980,EMP00980,Employee_00980,29,Male,Mumbai,Operations,Support Engineer,MBA,Contract,2021-03-18,4,135773,5.0,8,Inactive
981,EMP00981,Employee_00981,30,Female,Kochi,HR,HR Executive,MBA,Contract,2023-02-05,2,67957,2.1,8,Inactive
982,EMP00982,Employee_00982,24,Male,Vijayawada,Finance,Tester,MCA,Contract,2023-03-27,2,20184,3.5,10,On Leave
983,EMP00983,Employee_00983,30,Female,Hyderabad,Admin,Developer,B.Sc,Part-Time,2021-10-28,4,145618,2.9,12,On Leave
984,EMP00984,Employee_00984,22,Female,Hyderabad,IT,Tester,B.Sc,Part-Time,2021-05-20,4,146022,2.9,6,Inactive
985,EMP00985,Employee_00985,42,Female,Chennai,Sales,HR Executive,MCA,Full-Time,2025-08-18,0,58642,4.9,11,Inactive
986,EMP00986,Employee_00986,22,Female,Guntur,Support,Analyst,B.Com,Part-Time,2022-06-15,3,142040,4.8,3,On Leave
987,EMP00987,Employee_00987,26,Male,Pune,Marketing,Manager,MBA,Contract,2023-06-26,2,132246,4.0,5,Active
988,EMP00988,Employee_00988,30,Female,Kolkata,Finance,HR Executive,MBA,Full-Time,2023-05-18,2,40438,2.9,10,Active
989,EMP00989,Employee_00989,35,Female,Vijayawada,Operations,HR Executive,MBA,Part-Time,2025-11-26,0,100119,3.5,10,Inactive
990,EMP00990,Employee_00990,21,Male,Chennai,Marketing,Executive,MCA,Contract,2025-03-04,0,24926,4.9,6,Inactive
991,EMP00991,Employee_00991,40,Male,Guntur,IT,Accountant,MCA,Part-Time,2021-06-05,4,94898,2.2,6,Active
992,EMP00992,Employee_00992,22,Male,Delhi,HR,Tester,MCA,Part-Time,2020-12-12,5,88824,4.5,10,On Leave
993,EMP00993,Employee_00993,22,Male,Pune,Finance,Accountant,B.Sc,Full-Time,2023-09-19,2,49835,4.2,10,On Leave
994,EMP00994,Employee_00994,30,Female,Kochi,Sales,Analyst,B.Tech,Full-Time,2021-09-25,4,99498,4.2,0,Active
995,EMP00995,Employee_00995,37,Female,Hyderabad,Admin,HR Executive,B.Tech,Full-Time,2021-05-10,4,43392,2.7,1,Inactive
996,EMP00996,Employee_00996,36,Female,Kochi,Admin,Analyst,MBA,Full-Time,2024-07-15,1,66246,4.5,8,On Leave
997,EMP00997,Employee_00997,26,Male,Chennai,Sales,Accountant,MBA,Part-Time,2020-03-29,5,55142,4.5,10,Inactive
998,EMP00998,Employee_00998,39,Female,Guntur,HR,Accountant,MBA,Part-Time,2021-02-13,4,147227,3.1,4,Active
999,EMP00999,Employee_00999,30,Male,Kochi,Marketing,Developer,M.Tech,Contract,2020-04-24,5,137821,2.4,6,On Leave
1000,EMP01000,Employee_01000,22,Female,Mumbai,IT,Manager,B.Com,Contract,2024-12-25,1,110989,4.9,7,On Leave
1001,EMP01001,Employee_01001,32,Male,Delhi,Operations,Accountant,M.Tech,Full-Time,2022-05-13,3,120399,3.5,2,Inactive
1002,EMP01002,Employee_01002,33,Female,Guntur,Admin,Manager,MCA,Contract,2023-05-25,2,35880,4.7,10,On Leave
1003,EMP01003,Employee_01003,29,Female,Kochi,Support,Analyst,B.Tech,Full-Time,2025-11-22,0,51927,4.1,9,On Leave
1004,EMP01004,Employee_01004,28,Female,Delhi,Sales,Executive,B.Tech,Full-Time,2021-10-13,4,43307,4.0,7,On Leave
1005,EMP01005,Employee_01005,45,Female,Bengaluru,IT,Analyst,MBA,Part-Time,2024-04-22,1,128115,4.8,0,On Leave
1006,EMP01006,Employee_01006,26,Female,Chennai,Sales,Executive,B.Com,Part-Time,2020-04-30,5,102189,2.3,7,Inactive
1007,EMP01007,Employee_01007,28,Male,Bengaluru,IT,Analyst,B.Sc,Full-Time,2023-03-17,2,70741,4.2,6,Active
1008,EMP01008,Employee_01008,32,Female,Chennai,Admin,Executive,B.Sc,Contract,2020-01-22,5,124961,3.7,1,Inactive
1009,EMP01009,Employee_01009,32,Male,Bengaluru,Admin,HR Executive,M.Tech,Part-Time,2025-08-13,0,111450,3.9,8,Active
1010,EMP01010,Employee_01010,23,Male,Bengaluru,Admin,Executive,B.Tech,Contract,2026-05-20,0,51342,4.3,4,On Leave
1011,EMP01011,Employee_01011,21,Female,Guntur,Operations,Analyst,B.Sc,Part-Time,2023-09-17,2,76725,4.5,4,Active
1012,EMP01012,Employee_01012,39,Female,Guntur,IT,Analyst,MCA,Part-Time,2025-12-28,0,81281,4.6,9,Inactive
1013,EMP01013,Employee_01013,22,Female,Hyderabad,Finance,Executive,MCA,Contract,2020-05-02,5,106616,3.3,3,Inactive
1014,EMP01014,Employee_01014,28,Male,Delhi,HR,HR Executive,MCA,Contract,2020-09-12,5,147382,2.2,9,On Leave
1015,EMP01015,Employee_01015,38,Male,Bengaluru,IT,Accountant,MCA,Full-Time,2020-11-26,5,143507,4.8,4,On Leave
1016,EMP01016,Employee_01016,34,Male,Hyderabad,IT,Executive,MCA,Contract,2023-12-05,2,143198,2.9,3,Inactive
1017,EMP01017,Employee_01017,38,Female,Chennai,Support,HR Executive,MCA,Full-Time,2020-03-15,5,144398,2.2,12,Active
1018,EMP01018,Employee_01018,24,Female,Hyderabad,Sales,Executive,B.Tech,Contract,2024-11-28,1,114392,3.1,5,Active
1019,EMP01019,Employee_01019,34,Male,Hyderabad,HR,Developer,B.Sc,Part-Time,2022-07-19,3,30000,5.0,0,Active
1020,EMP01020,Employee_01020,22,Male,Mumbai,Finance,HR Executive,MBA,Contract,2023-03-03,2,100346,3.0,10,Active
1021,EMP01021,Employee_01021,23,Female,Delhi,Sales,Accountant,M.Tech,Part-Time,2020-11-10,5,83588,4.8,3,Inactive
1022,EMP01022,Employee_01022,30,Female,Kolkata,HR,Developer,B.Com,Part-Time,2026-03-08,0,82017,3.6,4,On Leave
1023,EMP01023,Employee_01023,29,Male,Mumbai,Sales,Analyst,B.Com,Contract,2025-06-14,0,38564,2.6,2,Active
1024,EMP01024,Employee_01024,28,Male,Hyderabad,Admin,Developer,B.Com,Part-Time,2020-05-26,5,133416,3.9,7,On Leave
1025,EMP01025,Employee_01025,30,Female,Vijayawada,IT,HR Executive,MBA,Part-Time,2024-04-22,1,40149,2.2,9,Active
1026,EMP01026,Employee_01026,27,Male,Mumbai,IT,Support Engineer,B.Tech,Contract,2022-07-08,3,117438,2.6,6,Inactive
1027,EMP01027,Employee_01027,45,Female,Guntur,IT,Analyst,MCA,Part-Time,2022-12-11,3,74765,4.3,5,On Leave
1028,EMP01028,Employee_01028,38,Female,Chennai,Support,Accountant,M.Tech,Full-Time,2023-03-23,2,139504,3.3,11,Active
1029,EMP01029,Employee_01029,29,Female,Delhi,Support,Developer,MCA,Part-Time,2020-03-03,5,89930,2.3,3,Inactive
1030,EMP01030,Employee_01030,42,Male,Bengaluru,Marketing,Support Engineer,B.Com,Full-Time,2023-01-05,2,83670,4.3,12,Inactive
1031,EMP01031,Employee_01031,21,Female,Vijayawada,Sales,HR Executive,B.Tech,Contract,2025-03-10,0,133319,2.0,0,Active
1032,EMP01032,Employee_01032,40,Male,Mumbai,Marketing,Tester,MBA,Full-Time,2023-02-06,2,100320,4.9,7,Active
1033,EMP01033,Employee_01033,25,Male,Chennai,Admin,Support Engineer,B.Tech,Contract,2021-12-15,4,30997,2.7,10,On Leave
1034,EMP01034,Employee_01034,22,Female,Kolkata,IT,Executive,B.Com,Full-Time,2022-07-22,3,85909,4.9,0,Active
1035,EMP01035,Employee_01035,35,Male,Delhi,Operations,HR Executive,B.Tech,Contract,2025-09-07,0,47670,3.5,3,Inactive
1036,EMP01036,Employee_01036,25,Female,Delhi,Support,Support Engineer,MBA,Part-Time,2023-03-05,2,24473,3.0,12,On Leave
1037,EMP01037,Employee_01037,26,Male,Bengaluru,Sales,Support Engineer,MCA,Contract,2020-05-07,5,114548,2.1,2,On Leave
1038,EMP01038,Employee_01038,39,Male,Chennai,Support,Analyst,B.Tech,Full-Time,2025-09-12,0,108191,4.8,6,On Leave
1039,EMP01039,Employee_01039,39,Male,Kochi,Admin,Accountant,B.Com,Part-Time,2025-08-24,0,127597,3.6,1,Active
1040,EMP01040,Employee_01040,30,Female,Pune,Admin,Support Engineer,M.Tech,Full-Time,2026-06-14,0,81970,3.0,12,On Leave
1041,EMP01041,Employee_01041,35,Male,Delhi,Admin,Executive,MBA,Part-Time,2022-09-14,3,125459,3.1,5,Active
1042,EMP01042,Employee_01042,25,Male,Kochi,Marketing,Tester,B.Com,Part-Time,2026-05-21,0,82210,4.3,6,Active
1043,EMP01043,Employee_01043,34,Female,Pune,Finance,Accountant,B.Tech,Full-Time,2020-11-29,5,128368,3.5,2,Active
1044,EMP01044,Employee_01044,29,Male,Guntur,IT,Manager,B.Tech,Full-Time,2024-09-10,1,141171,4.2,2,On Leave
1045,EMP01045,Employee_01045,33,Male,Mumbai,HR,Support Engineer,B.Com,Contract,2025-12-08,0,128718,3.1,6,On Leave
1046,EMP01046,Employee_01046,44,Female,Guntur,Admin,HR Executive,B.Com,Part-Time,2021-03-17,4,29858,2.2,5,On Leave
1047,EMP01047,Employee_01047,44,Male,Chennai,IT,Support Engineer,M.Tech,Contract,2021-07-05,4,66090,4.2,9,Inactive
1048,EMP01048,Employee_01048,31,Female,Bengaluru,Sales,Tester,MBA,Part-Time,2024-04-02,1,132972,2.5,11,Active
1049,EMP01049,Employee_01049,37,Female,Chennai,Finance,Developer,M.Tech,Contract,2026-04-29,0,129854,2.9,6,Active
1050,EMP01050,Employee_01050,37,Female,Bengaluru,Operations,Tester,B.Sc,Full-Time,2024-10-29,1,90943,3.7,9,Inactive
1051,EMP01051,Employee_01051,36,Female,Mumbai,HR,Executive,M.Tech,Part-Time,2023-01-26,2,133059,2.7,2,Active
1052,EMP01052,Employee_01052,27,Male,Hyderabad,Admin,Developer,B.Com,Full-Time,2021-01-28,4,62263,2.1,0,Inactive
1053,EMP01053,Employee_01053,34,Female,Bengaluru,HR,Accountant,MBA,Part-Time,2026-05-28,0,134608,3.6,7,Inactive
1054,EMP01054,Employee_01054,25,Female,Bengaluru,Sales,Analyst,B.Com,Full-Time,2020-12-21,5,90994,4.2,1,On Leave
1055,EMP01055,Employee_01055,29,Male,Delhi,IT,HR Executive,B.Tech,Contract,2023-10-05,2,136872,3.9,8,On Leave
1056,EMP01056,Employee_01056,27,Male,Pune,Finance,HR Executive,B.Sc,Contract,2023-07-24,2,27341,4.8,10,Active
1057,EMP01057,Employee_01057,36,Female,Mumbai,Finance,Executive,M.Tech,Full-Time,2022-12-22,3,57697,3.5,2,On Leave
1058,EMP01058,Employee_01058,21,Male,Chennai,IT,HR Executive,M.Tech,Part-Time,2022-05-27,3,131854,2.2,8,On Leave
1059,EMP01059,Employee_01059,41,Male,Mumbai,Sales,Tester,M.Tech,Part-Time,2024-04-06,1,79529,3.9,7,Inactive
1060,EMP01060,Employee_01060,40,Male,Pune,HR,Tester,MBA,Part-Time,2024-05-25,1,111618,3.6,4,Inactive
1061,EMP01061,Employee_01061,42,Female,Bengaluru,Operations,HR Executive,M.Tech,Full-Time,2022-10-10,3,129375,2.3,7,Inactive
1062,EMP01062,Employee_01062,40,Female,Mumbai,Sales,HR Executive,B.Tech,Contract,2025-06-26,0,126004,4.1,0,Inactive
1063,EMP01063,Employee_01063,42,Female,Guntur,Support,Tester,B.Tech,Part-Time,2022-12-07,3,101261,3.2,12,Inactive
1064,EMP01064,Employee_01064,31,Male,Kochi,Finance,Executive,M.Tech,Full-Time,2022-06-15,3,29961,2.9,6,On Leave
1065,EMP01065,Employee_01065,25,Female,Bengaluru,Operations,Support Engineer,MCA,Full-Time,2023-09-12,2,23221,4.9,0,On Leave
1066,EMP01066,Employee_01066,37,Male,Kolkata,Support,Executive,B.Com,Full-Time,2020-07-20,5,73171,3.1,3,Inactive
1067,EMP01067,Employee_01067,34,Male,Hyderabad,IT,Analyst,MCA,Part-Time,2023-09-19,2,74522,3.7,3,Inactive
1068,EMP01068,Employee_01068,26,Male,Hyderabad,Marketing,Analyst,MBA,Contract,2020-06-22,5,92210,2.9,3,Inactive
1069,EMP01069,Employee_01069,44,Male,Kolkata,Support,Developer,B.Tech,Contract,2021-06-21,4,88778,4.6,1,On Leave
1070,EMP01070,Employee_01070,24,Female,Delhi,Support,Developer,B.Com,Part-Time,2021-09-13,4,120530,2.6,9,Inactive
1071,EMP01071,Employee_01071,24,Female,Guntur,Marketing,HR Executive,B.Tech,Full-Time,2022-04-10,3,87276,4.9,9,Inactive
1072,EMP01072,Employee_01072,29,Male,Guntur,IT,Accountant,M.Tech,Part-Time,2026-04-16,0,144707,2.9,11,Inactive
1073,EMP01073,Employee_01073,43,Male,Guntur,Sales,Accountant,B.Com,Part-Time,2026-02-16,0,46391,3.4,9,On Leave
1074,EMP01074,Employee_01074,41,Male,Bengaluru,Finance,Executive,MBA,Contract,2021-03-22,4,99424,3.0,12,Active
1075,EMP01075,Employee_01075,25,Male,Hyderabad,Admin,Tester,MBA,Part-Time,2020-12-09,5,123695,3.8,7,On Leave
1076,EMP01076,Employee_01076,25,Female,Hyderabad,Marketing,Executive,MCA,Part-Time,2023-10-15,2,27570,3.0,9,On Leave
1077,EMP01077,Employee_01077,31,Female,Kolkata,HR,Analyst,MBA,Contract,2025-08-09,0,79797,3.0,11,Active
1078,EMP01078,Employee_01078,25,Male,Chennai,Sales,Accountant,B.Tech,Full-Time,2024-03-18,1,21571,2.5,11,Inactive
1079,EMP01079,Employee_01079,26,Female,Guntur,IT,Tester,B.Tech,Part-Time,2025-07-21,0,145714,2.4,8,Inactive
1080,EMP01080,Employee_01080,37,Male,Chennai,Marketing,Executive,MCA,Contract,2023-01-15,2,102511,3.8,5,Inactive
1081,EMP01081,Employee_01081,40,Female,Chennai,Finance,Accountant,B.Tech,Part-Time,2025-10-28,0,83860,3.4,3,Inactive
1082,EMP01082,Employee_01082,25,Female,Pune,Sales,Analyst,MCA,Part-Time,2022-01-04,3,141337,2.2,0,Inactive
1083,EMP01083,Employee_01083,22,Female,Kolkata,Sales,Support Engineer,M.Tech,Full-Time,2021-01-22,4,140865,3.8,1,Active
1084,EMP01084,Employee_01084,30,Female,Kochi,Support,Tester,MCA,Contract,2023-01-29,2,129716,3.8,4,On Leave
1085,EMP01085,Employee_01085,23,Female,Chennai,Marketing,Analyst,B.Sc,Contract,2022-04-09,3,57956,2.3,3,On Leave
1086,EMP01086,Employee_01086,31,Female,Pune,Finance,Developer,B.Sc,Full-Time,2024-04-17,1,90676,4.9,11,Active
1087,EMP01087,Employee_01087,25,Female,Bengaluru,IT,Manager,MCA,Part-Time,2021-08-23,4,61206,3.4,0,Inactive
1088,EMP01088,Employee_01088,31,Male,Kolkata,Support,HR Executive,MBA,Contract,2025-04-16,0,97313,3.5,1,Inactive
1089,EMP01089,Employee_01089,30,Male,Chennai,Marketing,Manager,MBA,Contract,2023-12-25,2,101092,3.6,9,Inactive
1090,EMP01090,Employee_01090,43,Female,Delhi,Finance,Developer,B.Com,Part-Time,2025-06-30,0,83677,4.1,8,On Leave
1091,EMP01091,Employee_01091,44,Male,Guntur,Operations,Manager,M.Tech,Full-Time,2023-11-18,2,129169,2.6,8,Active
1092,EMP01092,Employee_01092,32,Female,Bengaluru,Operations,Tester,MCA,Full-Time,2024-12-15,1,69088,2.0,4,On Leave
1093,EMP01093,Employee_01093,22,Male,Mumbai,Marketing,Developer,MCA,Full-Time,2023-01-23,2,90076,3.9,6,On Leave
1094,EMP01094,Employee_01094,40,Male,Hyderabad,Operations,Developer,MCA,Contract,2025-04-12,0,137139,3.5,7,Active
1095,EMP01095,Employee_01095,25,Male,Vijayawada,IT,Support Engineer,B.Tech,Contract,2021-12-25,4,39711,3.3,1,Inactive
1096,EMP01096,Employee_01096,41,Female,Chennai,Operations,Developer,M.Tech,Part-Time,2022-03-06,3,22371,3.0,10,Inactive
1097,EMP01097,Employee_01097,23,Male,Mumbai,HR,Manager,MBA,Full-Time,2020-09-08,5,68578,4.5,8,Inactive
1098,EMP01098,Employee_01098,43,Male,Mumbai,Marketing,Support Engineer,B.Tech,Part-Time,2022-03-24,3,125282,2.5,11,Inactive
1099,EMP01099,Employee_01099,43,Male,Bengaluru,HR,Manager,M.Tech,Full-Time,2026-05-16,0,40569,3.7,7,Active
1100,EMP01100,Employee_01100,39,Male,Pune,Operations,Accountant,B.Tech,Contract,2023-07-24,2,23271,4.3,12,Active
1101,EMP01101,Employee_01101,42,Male,Mumbai,IT,HR Executive,M.Tech,Part-Time,2023-06-14,2,68092,4.2,11,Active
1102,EMP01102,Employee_01102,25,Female,Pune,Finance,Tester,B.Com,Contract,2023-02-16,2,100717,3.2,3,Inactive
1103,EMP01103,Employee_01103,23,Female,Kolkata,Admin,Manager,B.Tech,Contract,2022-12-19,3,146420,3.1,5,Inactive
1104,EMP01104,Employee_01104,38,Female,Mumbai,Sales,Support Engineer,M.Tech,Contract,2021-09-29,4,73223,5.0,6,On Leave
1105,EMP01105,Employee_01105,23,Female,Hyderabad,HR,Manager,MBA,Full-Time,2023-01-06,2,73239,2.8,7,Inactive
1106,EMP01106,Employee_01106,32,Female,Bengaluru,Operations,Developer,B.Sc,Part-Time,2023-08-15,2,117066,4.0,0,Inactive
1107,EMP01107,Employee_01107,31,Female,Chennai,Admin,Manager,B.Tech,Part-Time,2023-10-02,2,44268,2.6,5,On Leave
1108,EMP01108,Employee_01108,39,Male,Mumbai,Operations,Support Engineer,MBA,Contract,2025-02-12,0,132024,4.2,7,Inactive
1109,EMP01109,Employee_01109,22,Male,Guntur,Support,Tester,MCA,Part-Time,2023-05-14,2,79421,4.3,8,On Leave
1110,EMP01110,Employee_01110,26,Male,Kochi,Finance,Manager,M.Tech,Part-Time,2020-04-26,5,61616,4.8,9,Active
1111,EMP01111,Employee_01111,30,Female,Chennai,Admin,Developer,M.Tech,Full-Time,2021-01-05,4,55083,4.4,7,Active
1112,EMP01112,Employee_01112,30,Male,Guntur,HR,Executive,B.Sc,Contract,2021-12-05,4,98616,2.2,3,On Leave
1113,EMP01113,Employee_01113,21,Female,Kolkata,Support,Executive,MBA,Contract,2024-03-12,1,143132,2.5,1,Inactive
1114,EMP01114,Employee_01114,43,Female,Chennai,Operations,Manager,MBA,Part-Time,2025-03-13,0,81633,4.3,1,Inactive
1115,EMP01115,Employee_01115,40,Female,Kochi,IT,Executive,MCA,Full-Time,2024-10-05,1,121245,3.6,5,Active
1116,EMP01116,Employee_01116,32,Female,Bengaluru,Sales,Manager,MBA,Full-Time,2024-02-20,1,107089,3.5,0,Active
1117,EMP01117,Employee_01117,30,Male,Guntur,Finance,Tester,B.Com,Part-Time,2022-05-15,3,132137,2.3,6,On Leave
1118,EMP01118,Employee_01118,22,Male,Chennai,Support,Analyst,MBA,Full-Time,2025-05-22,0,86424,4.9,6,Inactive
1119,EMP01119,Employee_01119,41,Male,Delhi,Finance,HR Executive,M.Tech,Part-Time,2021-02-19,4,124030,4.4,0,Active
1120,EMP01120,Employee_01120,41,Female,Guntur,Marketing,Analyst,MCA,Part-Time,2025-06-14,0,123304,3.3,0,On Leave
1121,EMP01121,Employee_01121,45,Female,Bengaluru,Finance,HR Executive,MCA,Part-Time,2024-03-07,1,142137,4.1,8,On Leave
1122,EMP01122,Employee_01122,25,Female,Pune,Admin,HR Executive,B.Tech,Part-Time,2020-11-23,5,19823,3.0,11,Inactive
1123,EMP01123,Employee_01123,24,Female,Mumbai,Support,Support Engineer,M.Tech,Part-Time,2020-06-12,5,146351,3.4,0,Active
1124,EMP01124,Employee_01124,29,Male,Vijayawada,Operations,Tester,M.Tech,Full-Time,2026-02-01,0,64852,2.9,6,On Leave
1125,EMP01125,Employee_01125,32,Male,Chennai,HR,Analyst,B.Sc,Contract,2021-04-02,4,27597,3.6,6,Active
1126,EMP01126,Employee_01126,34,Male,Kolkata,Admin,Developer,B.Tech,Part-Time,2025-07-14,0,90009,3.0,7,Inactive
1127,EMP01127,Employee_01127,25,Male,Delhi,Marketing,HR Executive,MBA,Full-Time,2020-06-05,5,44508,3.1,11,Active
1128,EMP01128,Employee_01128,44,Male,Pune,Marketing,Tester,MCA,Contract,2022-11-18,3,38783,4.5,6,On Leave
1129,EMP01129,Employee_01129,43,Male,Guntur,Marketing,Manager,B.Com,Contract,2022-09-25,3,30800,3.1,7,On Leave
1130,EMP01130,Employee_01130,40,Female,Mumbai,IT,HR Executive,B.Sc,Full-Time,2020-07-06,5,122509,4.7,10,Inactive
1131,EMP01131,Employee_01131,29,Female,Bengaluru,Sales,Executive,B.Tech,Contract,2021-06-15,4,88006,3.4,12,Inactive
1132,EMP01132,Employee_01132,23,Female,Kochi,Support,Support Engineer,MCA,Part-Time,2022-06-24,3,93453,4.2,9,Inactive
1133,EMP01133,Employee_01133,21,Female,Chennai,Admin,Accountant,B.Sc,Contract,2026-04-03,0,107902,3.0,5,On Leave
1134,EMP01134,Employee_01134,42,Male,Vijayawada,Operations,Analyst,B.Sc,Contract,2021-11-27,4,120252,2.8,0,On Leave
1135,EMP01135,Employee_01135,30,Female,Hyderabad,Finance,Manager,MCA,Part-Time,2024-02-21,1,94499,4.3,7,On Leave
1136,EMP01136,Employee_01136,34,Female,Pune,Support,Manager,MBA,Contract,2024-11-02,1,24136,4.3,4,Active
1137,EMP01137,Employee_01137,33,Female,Chennai,Finance,HR Executive,MCA,Part-Time,2021-02-01,4,75227,2.6,1,Inactive
1138,EMP01138,Employee_01138,34,Male,Delhi,Support,Executive,MBA,Part-Time,2022-06-10,3,91106,3.0,5,Inactive
1139,EMP01139,Employee_01139,35,Female,Mumbai,IT,Support Engineer,MBA,Contract,2023-03-18,2,59148,4.8,2,Active
1140,EMP01140,Employee_01140,33,Male,Hyderabad,Sales,Manager,MCA,Contract,2021-02-06,4,127602,4.9,6,On Leave
1141,EMP01141,Employee_01141,40,Male,Chennai,Admin,Analyst,B.Com,Full-Time,2020-11-25,5,125157,4.8,5,On Leave
1142,EMP01142,Employee_01142,38,Female,Delhi,Sales,Manager,MBA,Contract,2024-05-13,1,68602,4.6,2,Active
1143,EMP01143,Employee_01143,25,Male,Kochi,Admin,Accountant,B.Sc,Contract,2023-08-14,2,94803,2.2,0,On Leave
1144,EMP01144,Employee_01144,28,Male,Kochi,Operations,Manager,B.Sc,Part-Time,2024-12-22,1,64367,4.9,8,On Leave
1145,EMP01145,Employee_01145,21,Female,Guntur,HR,HR Executive,B.Com,Contract,2020-10-13,5,26473,4.0,6,On Leave
1146,EMP01146,Employee_01146,43,Male,Mumbai,Support,Developer,B.Com,Part-Time,2021-05-10,4,24218,3.3,11,On Leave
1147,EMP01147,Employee_01147,41,Male,Chennai,Marketing,Analyst,M.Tech,Full-Time,2025-09-26,0,133355,3.3,1,Inactive
1148,EMP01148,Employee_01148,42,Female,Pune,Marketing,Analyst,B.Com,Contract,2024-08-18,1,107085,2.4,3,On Leave
1149,EMP01149,Employee_01149,35,Female,Delhi,Marketing,Accountant,B.Com,Part-Time,2020-10-30,5,146863,4.3,12,On Leave
1150,EMP01150,Employee_01150,39,Male,Chennai,Marketing,Developer,B.Sc,Part-Time,2022-11-22,3,90167,3.8,12,On Leave
1151,EMP01151,Employee_01151,43,Male,Kochi,Marketing,Accountant,M.Tech,Part-Time,2024-01-25,1,94341,2.9,11,On Leave
1152,EMP01152,Employee_01152,25,Female,Mumbai,Sales,Developer,B.Sc,Contract,2023-04-22,2,51699,2.4,4,Inactive
1153,EMP01153,Employee_01153,39,Female,Vijayawada,Finance,Support Engineer,M.Tech,Full-Time,2021-08-30,4,21163,2.8,11,On Leave
1154,EMP01154,Employee_01154,31,Male,Kolkata,Admin,Manager,MBA,Part-Time,2025-08-14,0,116136,3.1,7,Active
1155,EMP01155,Employee_01155,31,Male,Mumbai,HR,Executive,B.Com,Part-Time,2020-09-22,5,76936,2.9,3,Inactive
1156,EMP01156,Employee_01156,41,Male,Pune,Operations,Developer,MBA,Contract,2026-05-21,0,21198,4.5,12,Active
1157,EMP01157,Employee_01157,37,Male,Hyderabad,Admin,Executive,B.Sc,Part-Time,2023-09-11,2,35615,2.8,8,On Leave
1158,EMP01158,Employee_01158,43,Female,Chennai,IT,Tester,MCA,Part-Time,2022-01-18,3,82248,2.7,11,Active
1159,EMP01159,Employee_01159,44,Female,Hyderabad,Sales,Executive,B.Sc,Contract,2022-02-17,3,34690,4.7,2,On Leave
1160,EMP01160,Employee_01160,35,Male,Delhi,HR,Executive,MBA,Full-Time,2025-05-08,0,43760,3.6,12,Inactive
1161,EMP01161,Employee_01161,36,Male,Kochi,Admin,Tester,MCA,Full-Time,2020-12-07,5,69746,2.3,9,On Leave
1162,EMP01162,Employee_01162,24,Female,Hyderabad,Marketing,HR Executive,MCA,Part-Time,2024-10-26,1,134035,4.3,3,Inactive
1163,EMP01163,Employee_01163,31,Female,Mumbai,Sales,Support Engineer,B.Com,Contract,2021-12-24,4,144688,3.5,10,On Leave
1164,EMP01164,Employee_01164,30,Male,Vijayawada,IT,Support Engineer,MCA,Part-Time,2025-08-22,0,133354,2.3,12,Inactive
1165,EMP01165,Employee_01165,26,Female,Bengaluru,Admin,Support Engineer,M.Tech,Contract,2021-10-30,4,35186,4.3,10,On Leave
1166,EMP01166,Employee_01166,27,Female,Kolkata,Marketing,Support Engineer,MCA,Part-Time,2022-01-18,3,46498,4.3,3,Active
1167,EMP01167,Employee_01167,40,Female,Chennai,Sales,HR Executive,B.Sc,Full-Time,2023-05-14,2,73126,3.7,2,On Leave
1168,EMP01168,Employee_01168,31,Female,Mumbai,Sales,Tester,MBA,Part-Time,2021-10-05,4,142197,4.0,12,Inactive
1169,EMP01169,Employee_01169,30,Female,Vijayawada,Marketing,HR Executive,MCA,Part-Time,2021-08-16,4,105483,4.2,11,Inactive
1170,EMP01170,Employee_01170,45,Female,Chennai,Admin,Tester,B.Tech,Contract,2020-01-24,5,123927,2.2,6,Active
1171,EMP01171,Employee_01171,42,Male,Delhi,Support,HR Executive,B.Com,Contract,2022-05-04,3,85090,2.9,5,On Leave
1172,EMP01172,Employee_01172,27,Male,Bengaluru,Sales,Manager,B.Com,Contract,2022-03-27,3,149843,3.3,4,Inactive
1173,EMP01173,Employee_01173,22,Female,Pune,Marketing,HR Executive,B.Tech,Full-Time,2025-04-08,0,120252,4.1,11,Active
1174,EMP01174,Employee_01174,29,Male,Vijayawada,Finance,Analyst,B.Com,Contract,2023-11-04,2,114848,3.3,4,Inactive
1175,EMP01175,Employee_01175,25,Male,Vijayawada,Sales,Support Engineer,MCA,Contract,2021-09-13,4,96343,3.7,8,On Leave
1176,EMP01176,Employee_01176,38,Male,Delhi,Operations,Accountant,M.Tech,Full-Time,2022-12-03,3,94393,4.1,2,Active
1177,EMP01177,Employee_01177,35,Male,Mumbai,Marketing,Developer,B.Sc,Full-Time,2023-08-08,2,77685,3.4,5,On Leave
1178,EMP01178,Employee_01178,34,Male,Kolkata,IT,Support Engineer,B.Tech,Contract,2024-08-09,1,121889,4.4,12,Inactive
1179,EMP01179,Employee_01179,37,Female,Kochi,Operations,Analyst,M.Tech,Full-Time,2020-05-11,5,103739,4.4,7,On Leave
1180,EMP01180,Employee_01180,38,Male,Kochi,Admin,Executive,B.Tech,Contract,2021-01-12,4,47447,3.6,12,Inactive
1181,EMP01181,Employee_01181,35,Male,Delhi,HR,Manager,M.Tech,Contract,2023-02-08,2,136302,4.7,11,Inactive
1182,EMP01182,Employee_01182,37,Female,Hyderabad,Support,Developer,B.Tech,Full-Time,2025-02-02,0,131350,4.7,6,Inactive
1183,EMP01183,Employee_01183,25,Female,Kolkata,Admin,Executive,MCA,Part-Time,2024-10-15,1,85856,4.6,9,On Leave
1184,EMP01184,Employee_01184,25,Female,Chennai,HR,Developer,MCA,Contract,2026-06-20,0,67505,4.3,3,Active
1185,EMP01185,Employee_01185,38,Female,Pune,Sales,Executive,B.Com,Full-Time,2021-06-05,4,109362,4.9,5,Inactive
1186,EMP01186,Employee_01186,28,Male,Vijayawada,HR,HR Executive,B.Tech,Part-Time,2023-01-15,2,74947,4.3,0,On Leave
1187,EMP01187,Employee_01187,33,Male,Pune,Support,Analyst,B.Tech,Full-Time,2022-05-04,3,30901,3.3,6,On Leave
1188,EMP01188,Employee_01188,44,Male,Vijayawada,Operations,Support Engineer,MBA,Full-Time,2026-06-26,0,49903,2.5,3,Active
1189,EMP01189,Employee_01189,37,Male,Vijayawada,IT,Developer,MBA,Part-Time,2021-01-06,4,112334,3.4,8,Inactive
1190,EMP01190,Employee_01190,32,Female,Mumbai,Sales,Analyst,M.Tech,Contract,2021-02-13,4,112474,4.8,1,Inactive
1191,EMP01191,Employee_01191,21,Male,Chennai,Sales,Manager,MCA,Full-Time,2025-04-14,0,90015,4.2,5,Active
1192,EMP01192,Employee_01192,25,Male,Hyderabad,Sales,Tester,B.Com,Contract,2025-10-25,0,54757,4.1,12,Inactive
1193,EMP01193,Employee_01193,34,Male,Chennai,Operations,Analyst,B.Sc,Full-Time,2021-10-07,4,63198,2.5,8,Inactive
1194,EMP01194,Employee_01194,30,Female,Hyderabad,IT,Support Engineer,B.Tech,Part-Time,2022-04-15,3,123815,3.9,4,Active
1195,EMP01195,Employee_01195,34,Male,Chennai,HR,Developer,B.Com,Full-Time,2021-08-14,4,30189,3.6,12,Active
1196,EMP01196,Employee_01196,23,Female,Kolkata,Admin,Manager,MCA,Contract,2024-09-15,1,47467,4.9,7,Active
1197,EMP01197,Employee_01197,36,Male,Delhi,Operations,Analyst,MBA,Part-Time,2023-06-29,2,141073,4.7,4,On Leave
1198,EMP01198,Employee_01198,27,Male,Pune,HR,Analyst,M.Tech,Part-Time,2026-05-28,0,50986,2.7,2,Inactive
1199,EMP01199,Employee_01199,28,Female,Delhi,Admin,Tester,B.Sc,Part-Time,2021-03-07,4,77303,2.8,11,Inactive
1200,EMP01200,Employee_01200,42,Female,Hyderabad,Sales,Manager,B.Tech,Full-Time,2024-03-15,1,56068,3.7,0,On Leave
1201,EMP01201,Employee_01201,28,Female,Vijayawada,Operations,Executive,M.Tech,Contract,2020-05-19,5,60437,3.2,0,Inactive
1202,EMP01202,Employee_01202,27,Female,Bengaluru,Marketing,Support Engineer,B.Com,Full-Time,2025-01-25,0,136801,3.9,8,Inactive
1203,EMP01203,Employee_01203,36,Female,Kolkata,Marketing,Analyst,B.Com,Part-Time,2023-10-28,2,137620,4.0,10,On Leave
1204,EMP01204,Employee_01204,38,Male,Bengaluru,Marketing,Manager,B.Com,Part-Time,2020-04-14,5,51089,2.3,7,Inactive
1205,EMP01205,Employee_01205,38,Male,Guntur,Sales,Manager,M.Tech,Full-Time,2024-11-21,1,39749,4.9,8,Active
1206,EMP01206,Employee_01206,44,Male,Kochi,IT,Support Engineer,MCA,Full-Time,2022-03-24,3,110782,3.6,12,On Leave
1207,EMP01207,Employee_01207,26,Male,Kochi,Sales,Manager,MCA,Contract,2025-12-14,0,116165,2.5,10,Inactive
1208,EMP01208,Employee_01208,29,Female,Guntur,Support,Accountant,MBA,Part-Time,2022-04-08,3,30822,4.9,6,Active
1209,EMP01209,Employee_01209,21,Female,Pune,HR,Developer,MBA,Full-Time,2023-05-13,2,37626,2.8,8,Active
1210,EMP01210,Employee_01210,26,Female,Guntur,Sales,Executive,B.Com,Full-Time,2025-05-23,0,81560,3.2,2,Active
1211,EMP01211,Employee_01211,25,Male,Pune,Admin,Manager,M.Tech,Part-Time,2023-02-05,2,123235,2.4,11,Inactive
1212,EMP01212,Employee_01212,41,Male,Kochi,Admin,Executive,M.Tech,Part-Time,2020-02-14,5,48747,3.6,8,Inactive
1213,EMP01213,Employee_01213,38,Female,Mumbai,IT,HR Executive,B.Com,Full-Time,2021-05-26,4,137109,2.5,12,On Leave
1214,EMP01214,Employee_01214,34,Female,Mumbai,Sales,Analyst,B.Tech,Contract,2025-03-25,0,62159,4.6,11,On Leave
1215,EMP01215,Employee_01215,28,Female,Hyderabad,HR,Tester,M.Tech,Contract,2024-01-25,1,147638,4.5,6,Inactive
1216,EMP01216,Employee_01216,41,Female,Bengaluru,IT,Analyst,M.Tech,Part-Time,2022-10-27,3,104200,3.3,4,Active
1217,EMP01217,Employee_01217,36,Female,Bengaluru,Admin,HR Executive,MCA,Contract,2026-07-27,0,76035,3.8,10,On Leave
1218,EMP01218,Employee_01218,22,Male,Kochi,HR,Analyst,B.Sc,Part-Time,2024-04-16,1,46258,3.8,12,On Leave
1219,EMP01219,Employee_01219,33,Female,Vijayawada,IT,HR Executive,M.Tech,Contract,2024-09-23,1,28450,3.0,12,Inactive
1220,EMP01220,Employee_01220,27,Male,Mumbai,Support,Developer,M.Tech,Part-Time,2020-04-15,5,65379,2.1,5,Inactive
1221,EMP01221,Employee_01221,42,Female,Vijayawada,IT,Support Engineer,MBA,Contract,2024-01-08,1,108190,3.1,3,On Leave
1222,EMP01222,Employee_01222,45,Female,Guntur,Operations,Manager,MBA,Full-Time,2022-12-13,3,60098,2.6,12,Inactive
1223,EMP01223,Employee_01223,40,Male,Bengaluru,Support,Support Engineer,MCA,Part-Time,2023-12-11,2,77656,2.9,4,On Leave
1224,EMP01224,Employee_01224,45,Female,Delhi,Operations,Accountant,B.Com,Full-Time,2022-02-01,3,118321,2.6,11,Active
1225,EMP01225,Employee_01225,21,Female,Kolkata,Finance,HR Executive,MCA,Contract,2023-08-15,2,47223,2.6,4,Active
1226,EMP01226,Employee_01226,23,Female,Mumbai,Finance,Support Engineer,MCA,Part-Time,2022-03-24,3,41735,4.1,10,Inactive
1227,EMP01227,Employee_01227,33,Female,Kochi,HR,Support Engineer,B.Sc,Part-Time,2021-06-28,4,45164,4.5,11,Active
1228,EMP01228,Employee_01228,38,Male,Vijayawada,Sales,Executive,B.Sc,Full-Time,2022-10-04,3,58635,4.0,4,Inactive
1229,EMP01229,Employee_01229,25,Female,Vijayawada,Support,Executive,MBA,Full-Time,2022-06-03,3,21255,2.9,0,On Leave
1230,EMP01230,Employee_01230,33,Female,Mumbai,Support,Support Engineer,B.Com,Full-Time,2026-07-07,0,119476,4.2,11,Inactive
1231,EMP01231,Employee_01231,32,Female,Pune,Finance,Analyst,MCA,Contract,2026-01-22,0,38195,4.9,2,Inactive
1232,EMP01232,Employee_01232,31,Male,Delhi,Sales,Accountant,B.Com,Contract,2026-01-01,0,45474,4.4,9,Active
1233,EMP01233,Employee_01233,40,Male,Chennai,IT,Accountant,MCA,Contract,2025-02-28,0,132785,3.5,6,Active
1234,EMP01234,Employee_01234,36,Male,Mumbai,Marketing,Developer,M.Tech,Contract,2023-11-24,2,56765,2.2,5,Inactive
1235,EMP01235,Employee_01235,43,Female,Mumbai,Marketing,Support Engineer,B.Sc,Contract,2024-10-30,1,52958,5.0,3,On Leave
1236,EMP01236,Employee_01236,25,Male,Delhi,HR,Analyst,MCA,Full-Time,2024-07-25,1,100433,4.6,9,On Leave
1237,EMP01237,Employee_01237,44,Male,Chennai,IT,Accountant,M.Tech,Full-Time,2024-08-21,1,60259,4.2,3,Inactive
1238,EMP01238,Employee_01238,24,Female,Guntur,Support,Accountant,B.Sc,Part-Time,2020-12-30,5,123789,3.7,10,Active
1239,EMP01239,Employee_01239,30,Female,Vijayawada,HR,Manager,B.Com,Part-Time,2021-01-27,4,111102,2.5,6,Active
1240,EMP01240,Employee_01240,32,Male,Kolkata,Marketing,Developer,MCA,Full-Time,2022-07-17,3,39382,3.0,12,On Leave
1241,EMP01241,Employee_01241,42,Male,Hyderabad,Operations,HR Executive,B.Com,Full-Time,2020-08-30,5,115818,2.3,0,On Leave
1242,EMP01242,Employee_01242,32,Female,Chennai,Sales,Support Engineer,B.Tech,Contract,2026-04-26,0,36189,4.9,3,Active
1243,EMP01243,Employee_01243,39,Male,Kolkata,Finance,Accountant,B.Tech,Contract,2024-03-12,1,64380,4.7,11,Active
1244,EMP01244,Employee_01244,24,Female,Chennai,Finance,Analyst,MBA,Full-Time,2026-01-10,0,99701,4.8,1,On Leave
1245,EMP01245,Employee_01245,40,Female,Vijayawada,HR,Analyst,B.Com,Full-Time,2021-09-27,4,106446,4.8,10,Inactive
1246,EMP01246,Employee_01246,28,Male,Delhi,IT,Accountant,M.Tech,Contract,2021-08-02,4,146651,2.6,6,On Leave
1247,EMP01247,Employee_01247,37,Female,Kolkata,Sales,Tester,B.Com,Full-Time,2021-02-08,4,41842,4.0,5,Inactive
1248,EMP01248,Employee_01248,30,Male,Vijayawada,IT,Accountant,B.Tech,Part-Time,2022-03-22,3,129757,3.2,6,On Leave
1249,EMP01249,Employee_01249,40,Female,Hyderabad,IT,Executive,B.Tech,Part-Time,2025-06-05,0,119923,2.9,12,On Leave
1250,EMP01250,Employee_01250,38,Male,Kolkata,IT,Developer,B.Com,Part-Time,2026-05-28,0,63444,3.9,11,Active
1251,EMP01251,Employee_01251,38,Female,Kolkata,Finance,Support Engineer,M.Tech,Contract,2023-12-11,2,31745,4.5,10,Active
1252,EMP01252,Employee_01252,24,Female,Bengaluru,Sales,Accountant,B.Sc,Contract,2022-05-28,3,137861,4.8,3,On Leave
1253,EMP01253,Employee_01253,22,Male,Mumbai,IT,Executive,M.Tech,Part-Time,2020-03-04,5,118004,2.6,11,Active
1254,EMP01254,Employee_01254,28,Male,Chennai,Finance,Executive,MCA,Contract,2024-05-16,1,115460,4.8,6,Inactive
1255,EMP01255,Employee_01255,42,Female,Guntur,IT,HR Executive,MBA,Part-Time,2024-09-27,1,99196,2.6,10,Inactive
1256,EMP01256,Employee_01256,45,Female,Hyderabad,Admin,Manager,M.Tech,Contract,2022-02-15,3,145983,2.8,0,Active
1257,EMP01257,Employee_01257,41,Female,Bengaluru,Finance,Support Engineer,B.Sc,Contract,2020-10-15,5,47984,2.3,12,Inactive
1258,EMP01258,Employee_01258,30,Female,Bengaluru,HR,HR Executive,B.Sc,Full-Time,2024-06-19,1,93088,2.9,9,On Leave
1259,EMP01259,Employee_01259,27,Female,Vijayawada,HR,Analyst,B.Sc,Full-Time,2025-08-01,0,51322,3.6,0,Inactive
1260,EMP01260,Employee_01260,23,Female,Vijayawada,Finance,Accountant,MCA,Full-Time,2022-01-25,3,35668,2.7,9,On Leave
1261,EMP01261,Employee_01261,45,Female,Hyderabad,IT,Manager,B.Com,Part-Time,2025-08-24,0,67537,4.3,11,Active
1262,EMP01262,Employee_01262,35,Female,Guntur,Finance,Tester,MCA,Full-Time,2023-12-05,2,70599,4.7,0,Active
1263,EMP01263,Employee_01263,41,Female,Hyderabad,Admin,Analyst,B.Sc,Contract,2022-01-23,3,68944,3.0,11,On Leave
1264,EMP01264,Employee_01264,38,Male,Bengaluru,HR,HR Executive,MCA,Contract,2023-03-24,2,60230,2.4,5,Active
1265,EMP01265,Employee_01265,44,Male,Pune,IT,HR Executive,B.Tech,Contract,2021-11-26,4,102320,3.1,2,Active
1266,EMP01266,Employee_01266,45,Male,Kochi,HR,Developer,M.Tech,Part-Time,2024-05-06,1,49363,4.6,12,On Leave
1267,EMP01267,Employee_01267,30,Male,Vijayawada,Marketing,Support Engineer,M.Tech,Part-Time,2024-04-30,1,119388,3.3,11,Inactive
1268,EMP01268,Employee_01268,35,Male,Guntur,Marketing,Manager,B.Com,Contract,2021-09-19,4,112407,2.7,4,Active
1269,EMP01269,Employee_01269,30,Male,Guntur,Finance,Support Engineer,B.Sc,Part-Time,2024-11-03,1,55744,2.1,6,Inactive
1270,EMP01270,Employee_01270,35,Female,Delhi,Operations,Support Engineer,M.Tech,Part-Time,2024-09-07,1,136570,3.3,6,Active
1271,EMP01271,Employee_01271,27,Male,Kochi,Operations,Accountant,MCA,Part-Time,2025-12-10,0,82489,2.7,3,Inactive
1272,EMP01272,Employee_01272,27,Female,Mumbai,Support,Developer,B.Sc,Full-Time,2023-06-11,2,120977,2.4,1,Inactive
1273,EMP01273,Employee_01273,26,Male,Vijayawada,IT,Executive,MBA,Contract,2026-03-09,0,118739,4.8,6,On Leave
1274,EMP01274,Employee_01274,29,Male,Chennai,Support,Support Engineer,MBA,Full-Time,2021-12-06,4,58856,3.9,9,On Leave
1275,EMP01275,Employee_01275,45,Male,Bengaluru,HR,Analyst,B.Tech,Full-Time,2021-06-18,4,145581,2.9,12,Active
1276,EMP01276,Employee_01276,23,Male,Chennai,Sales,Tester,B.Tech,Part-Time,2023-09-19,2,100128,4.8,5,On Leave
1277,EMP01277,Employee_01277,39,Male,Mumbai,Marketing,Analyst,MCA,Full-Time,2023-07-16,2,135077,3.4,11,Active
1278,EMP01278,Employee_01278,34,Female,Chennai,Admin,Tester,M.Tech,Full-Time,2021-10-30,4,49048,3.6,9,Active
1279,EMP01279,Employee_01279,35,Female,Vijayawada,Support,Accountant,B.Sc,Full-Time,2021-08-23,4,43446,4.3,2,On Leave
1280,EMP01280,Employee_01280,35,Female,Kochi,Operations,Support Engineer,B.Tech,Part-Time,2024-01-24,1,65666,3.3,0,Active
1281,EMP01281,Employee_01281,25,Male,Pune,Operations,Tester,M.Tech,Full-Time,2021-12-26,4,96670,4.0,2,Inactive
1282,EMP01282,Employee_01282,21,Female,Pune,Marketing,Developer,MBA,Part-Time,2025-07-19,0,127507,5.0,5,Active
1283,EMP01283,Employee_01283,41,Female,Guntur,Operations,Developer,B.Com,Contract,2020-08-01,5,80601,4.1,4,On Leave
1284,EMP01284,Employee_01284,42,Male,Kochi,IT,Developer,B.Com,Part-Time,2025-02-19,0,39035,3.0,0,Active
1285,EMP01285,Employee_01285,33,Female,Guntur,Operations,Support Engineer,MCA,Part-Time,2025-04-09,0,119815,2.1,10,Inactive
1286,EMP01286,Employee_01286,25,Male,Vijayawada,Marketing,Tester,B.Tech,Part-Time,2023-11-02,2,108764,4.2,8,On Leave
1287,EMP01287,Employee_01287,42,Male,Chennai,HR,Executive,B.Tech,Full-Time,2020-12-13,5,101522,4.6,1,Inactive
1288,EMP01288,Employee_01288,25,Male,Hyderabad,Operations,Analyst,B.Sc,Contract,2020-09-23,5,80113,4.3,1,On Leave
1289,EMP01289,Employee_01289,41,Male,Hyderabad,Finance,Executive,M.Tech,Full-Time,2025-03-02,0,104743,4.4,1,Active
1290,EMP01290,Employee_01290,43,Male,Pune,IT,Analyst,MBA,Part-Time,2021-01-10,4,42008,2.0,12,On Leave
1291,EMP01291,Employee_01291,27,Female,Kochi,Finance,Accountant,B.Com,Contract,2025-12-08,0,142792,4.5,11,On Leave
1292,EMP01292,Employee_01292,35,Male,Pune,Marketing,Manager,MCA,Contract,2020-09-07,5,66477,3.5,1,Active
1293,EMP01293,Employee_01293,43,Male,Chennai,Support,Tester,MCA,Part-Time,2021-05-22,4,37865,2.6,5,On Leave
1294,EMP01294,Employee_01294,27,Male,Kolkata,IT,Tester,B.Com,Full-Time,2023-03-15,2,129810,2.8,5,Active
1295,EMP01295,Employee_01295,23,Male,Kochi,Support,Analyst,M.Tech,Contract,2020-09-09,5,147478,3.0,11,Inactive
1296,EMP01296,Employee_01296,44,Female,Kochi,HR,Tester,M.Tech,Part-Time,2020-02-19,5,41129,3.0,12,Inactive
1297,EMP01297,Employee_01297,44,Female,Delhi,Sales,Executive,MCA,Full-Time,2024-01-06,1,143946,3.1,4,Active
1298,EMP01298,Employee_01298,34,Female,Vijayawada,Admin,Accountant,B.Sc,Full-Time,2023-12-16,2,139882,4.6,5,On Leave
1299,EMP01299,Employee_01299,34,Female,Guntur,Finance,HR Executive,B.Com,Full-Time,2024-04-28,1,24417,4.6,12,Inactive
1300,EMP01300,Employee_01300,25,Female,Vijayawada,Finance,Tester,B.Com,Full-Time,2021-12-08,4,66210,2.7,0,Active
1301,EMP01301,Employee_01301,33,Female,Pune,Sales,Accountant,MCA,Contract,2025-07-30,0,59501,2.9,8,Inactive
1302,EMP01302,Employee_01302,34,Male,Delhi,HR,Analyst,B.Com,Contract,2024-11-07,1,59896,3.5,10,Inactive
1303,EMP01303,Employee_01303,25,Male,Guntur,Admin,Developer,B.Com,Contract,2023-03-31,2,79643,3.6,7,Active
1304,EMP01304,Employee_01304,41,Male,Kochi,Finance,Tester,B.Com,Contract,2023-10-18,2,99425,4.1,6,Inactive
1305,EMP01305,Employee_01305,32,Female,Guntur,Sales,Executive,B.Com,Contract,2021-06-08,4,142131,2.2,7,Active
1306,EMP01306,Employee_01306,41,Female,Kochi,Operations,Executive,B.Sc,Part-Time,2023-07-04,2,142829,4.4,8,On Leave
1307,EMP01307,Employee_01307,28,Female,Kochi,Admin,Developer,B.Com,Contract,2026-06-02,0,80132,4.4,3,Active
1308,EMP01308,Employee_01308,45,Female,Vijayawada,Marketing,Analyst,MBA,Part-Time,2024-04-22,1,56890,3.9,1,Active
1309,EMP01309,Employee_01309,43,Male,Vijayawada,Sales,Executive,M.Tech,Full-Time,2023-02-05,2,55508,3.1,12,Inactive
1310,EMP01310,Employee_01310,40,Female,Delhi,Admin,Support Engineer,MCA,Contract,2023-12-29,2,144498,3.7,12,Active
1311,EMP01311,Employee_01311,40,Male,Kolkata,Marketing,Executive,MBA,Part-Time,2022-02-09,3,49552,2.9,0,On Leave
1312,EMP01312,Employee_01312,30,Male,Hyderabad,Support,Analyst,B.Com,Part-Time,2020-02-14,5,86416,2.6,4,Active
1313,EMP01313,Employee_01313,41,Female,Delhi,HR,Tester,MBA,Part-Time,2025-01-03,0,118144,3.7,9,Active
1314,EMP01314,Employee_01314,30,Male,Bengaluru,IT,Support Engineer,MCA,Part-Time,2025-01-30,0,60703,3.8,5,Inactive
1315,EMP01315,Employee_01315,31,Female,Delhi,Support,Manager,B.Com,Contract,2021-08-03,4,116311,3.7,10,Active
1316,EMP01316,Employee_01316,31,Male,Vijayawada,HR,Analyst,B.Sc,Full-Time,2023-03-04,2,28323,4.6,0,Active
1317,EMP01317,Employee_01317,26,Female,Delhi,HR,HR Executive,B.Com,Full-Time,2025-11-11,0,79607,2.3,5,Inactive
1318,EMP01318,Employee_01318,38,Female,Chennai,HR,Executive,MBA,Full-Time,2024-06-28,1,34292,3.6,10,Active
1319,EMP01319,Employee_01319,28,Male,Hyderabad,Sales,Accountant,B.Tech,Full-Time,2022-12-04,3,80721,2.2,10,Active
1320,EMP01320,Employee_01320,25,Female,Guntur,IT,Tester,MBA,Full-Time,2022-08-10,3,54090,3.5,5,On Leave
1321,EMP01321,Employee_01321,38,Male,Pune,Sales,Accountant,B.Tech,Part-Time,2024-08-26,1,35815,2.1,9,On Leave
1322,EMP01322,Employee_01322,39,Female,Pune,Finance,Developer,M.Tech,Contract,2020-11-26,5,114499,3.5,2,On Leave
1323,EMP01323,Employee_01323,29,Male,Kochi,Marketing,Support Engineer,B.Sc,Part-Time,2023-02-26,2,116120,3.5,2,Inactive
1324,EMP01324,Employee_01324,24,Female,Pune,Finance,Analyst,B.Tech,Part-Time,2024-05-27,1,92811,3.4,7,Active
1325,EMP01325,Employee_01325,27,Male,Kochi,Marketing,Support Engineer,MBA,Full-Time,2022-04-22,3,96278,4.5,10,On Leave
1326,EMP01326,Employee_01326,39,Female,Hyderabad,Sales,Manager,B.Com,Full-Time,2022-07-30,3,84147,2.7,0,Inactive
1327,EMP01327,Employee_01327,44,Male,Vijayawada,Admin,Tester,M.Tech,Full-Time,2024-05-10,1,103815,3.4,6,Active
1328,EMP01328,Employee_01328,21,Female,Hyderabad,Marketing,Accountant,MBA,Contract,2021-03-15,4,26178,3.9,0,On Leave
1329,EMP01329,Employee_01329,24,Male,Guntur,Operations,Analyst,B.Com,Part-Time,2021-10-15,4,32034,3.1,10,On Leave
1330,EMP01330,Employee_01330,30,Male,Mumbai,Admin,Executive,B.Tech,Contract,2020-04-01,5,27173,4.7,4,On Leave
1331,EMP01331,Employee_01331,36,Male,Vijayawada,Marketing,Tester,B.Tech,Contract,2020-05-04,5,63765,2.0,1,On Leave
1332,EMP01332,Employee_01332,23,Female,Hyderabad,IT,Accountant,MBA,Part-Time,2025-05-18,0,58185,2.6,6,Inactive
1333,EMP01333,Employee_01333,21,Female,Mumbai,Admin,Executive,B.Com,Full-Time,2021-12-17,4,29543,4.0,12,On Leave
1334,EMP01334,Employee_01334,27,Male,Hyderabad,Support,Accountant,B.Sc,Contract,2023-01-18,2,79556,4.1,12,On Leave
1335,EMP01335,Employee_01335,30,Female,Vijayawada,Finance,Support Engineer,M.Tech,Part-Time,2020-07-12,5,113429,2.3,5,On Leave
1336,EMP01336,Employee_01336,38,Female,Guntur,Finance,HR Executive,B.Com,Part-Time,2026-03-06,0,56193,3.0,10,Inactive
1337,EMP01337,Employee_01337,25,Female,Guntur,HR,Tester,B.Sc,Part-Time,2023-04-12,2,147633,4.0,6,Inactive
1338,EMP01338,Employee_01338,35,Male,Kochi,Operations,Manager,MCA,Full-Time,2025-03-26,0,61064,4.7,5,Active
1339,EMP01339,Employee_01339,23,Male,Kolkata,HR,Developer,B.Com,Contract,2024-06-11,1,127832,4.6,8,On Leave
1340,EMP01340,Employee_01340,44,Female,Vijayawada,HR,Support Engineer,M.Tech,Part-Time,2021-11-05,4,77449,4.1,12,On Leave
1341,EMP01341,Employee_01341,37,Female,Bengaluru,Sales,Accountant,B.Sc,Contract,2024-06-05,1,120970,2.7,5,Active
1342,EMP01342,Employee_01342,37,Female,Pune,Support,Tester,B.Sc,Contract,2020-01-03,6,46259,3.5,1,On Leave
1343,EMP01343,Employee_01343,27,Male,Pune,Finance,Analyst,B.Tech,Part-Time,2021-01-30,4,24161,2.0,4,Inactive
1344,EMP01344,Employee_01344,34,Female,Delhi,Support,Support Engineer,B.Sc,Part-Time,2021-05-02,4,111720,4.0,0,Inactive
1345,EMP01345,Employee_01345,41,Female,Delhi,Operations,Developer,B.Com,Contract,2025-05-13,0,28977,4.0,0,Inactive
1346,EMP01346,Employee_01346,45,Female,Vijayawada,IT,HR Executive,B.Tech,Part-Time,2024-04-20,1,43691,3.3,9,Active
1347,EMP01347,Employee_01347,29,Male,Vijayawada,Support,Support Engineer,B.Sc,Contract,2025-04-29,0,42130,2.2,11,Inactive
1348,EMP01348,Employee_01348,31,Female,Pune,Support,Analyst,B.Tech,Contract,2020-05-20,5,99215,3.7,11,Active
1349,EMP01349,Employee_01349,37,Female,Mumbai,Support,Developer,B.Com,Contract,2020-04-25,5,134504,2.2,2,Active
1350,EMP01350,Employee_01350,36,Male,Hyderabad,Marketing,Support Engineer,MBA,Full-Time,2025-10-17,0,63591,4.7,4,On Leave
1351,EMP01351,Employee_01351,23,Male,Guntur,Finance,HR Executive,B.Tech,Part-Time,2021-09-26,4,70198,3.4,3,Active
1352,EMP01352,Employee_01352,31,Male,Bengaluru,Finance,Manager,B.Sc,Contract,2022-07-04,3,147329,2.7,7,On Leave
1353,EMP01353,Employee_01353,21,Female,Hyderabad,Operations,Analyst,MBA,Part-Time,2026-04-24,0,132844,3.5,12,Active
1354,EMP01354,Employee_01354,34,Female,Delhi,Admin,HR Executive,MCA,Full-Time,2023-02-16,2,128691,2.2,1,Active
1355,EMP01355,Employee_01355,21,Male,Vijayawada,Operations,Tester,MBA,Full-Time,2021-05-10,4,60466,2.3,2,On Leave
1356,EMP01356,Employee_01356,39,Male,Pune,Finance,Tester,B.Sc,Contract,2022-01-29,3,126332,2.3,0,On Leave
1357,EMP01357,Employee_01357,21,Male,Bengaluru,Marketing,Developer,B.Com,Full-Time,2024-05-19,1,115480,2.2,12,Inactive
1358,EMP01358,Employee_01358,36,Female,Vijayawada,Sales,Analyst,B.Sc,Part-Time,2022-09-25,3,73983,2.6,7,On Leave
1359,EMP01359,Employee_01359,23,Male,Bengaluru,Admin,Analyst,MCA,Full-Time,2026-01-26,0,56302,4.0,8,Active
1360,EMP01360,Employee_01360,41,Female,Hyderabad,Support,Developer,B.Com,Part-Time,2024-08-20,1,112823,4.8,4,Active
1361,EMP01361,Employee_01361,42,Male,Chennai,Admin,HR Executive,M.Tech,Contract,2022-02-27,3,115958,3.2,9,Active
1362,EMP01362,Employee_01362,40,Female,Kochi,IT,HR Executive,B.Tech,Contract,2022-09-15,3,93399,3.5,1,Active
1363,EMP01363,Employee_01363,45,Female,Vijayawada,Operations,Tester,MCA,Contract,2021-08-19,4,28472,3.1,6,Inactive
1364,EMP01364,Employee_01364,36,Male,Vijayawada,Operations,Analyst,M.Tech,Part-Time,2023-06-16,2,145870,3.2,11,Inactive
1365,EMP01365,Employee_01365,37,Female,Mumbai,Sales,Support Engineer,B.Com,Full-Time,2025-12-22,0,34497,2.8,4,On Leave
1366,EMP01366,Employee_01366,32,Female,Mumbai,Marketing,HR Executive,M.Tech,Contract,2022-02-22,3,98307,2.6,5,Active
1367,EMP01367,Employee_01367,45,Female,Kolkata,Operations,Executive,MBA,Contract,2021-07-24,4,95336,2.6,10,On Leave
1368,EMP01368,Employee_01368,24,Female,Chennai,Admin,Support Engineer,B.Sc,Part-Time,2021-12-11,4,94404,3.9,3,Inactive
1369,EMP01369,Employee_01369,39,Female,Kochi,HR,Tester,B.Tech,Part-Time,2023-01-13,2,138344,3.6,2,On Leave
1370,EMP01370,Employee_01370,21,Female,Vijayawada,Marketing,HR Executive,B.Sc,Part-Time,2024-05-29,1,35444,2.6,4,Active
1371,EMP01371,Employee_01371,41,Female,Guntur,Operations,Analyst,B.Sc,Full-Time,2024-10-17,1,146335,3.8,7,Active
1372,EMP01372,Employee_01372,45,Female,Bengaluru,Marketing,Manager,B.Tech,Contract,2024-01-20,1,32287,2.1,1,On Leave
1373,EMP01373,Employee_01373,27,Male,Hyderabad,HR,Support Engineer,MCA,Contract,2024-09-29,1,28469,4.7,9,Inactive
1374,EMP01374,Employee_01374,34,Female,Kolkata,Operations,Executive,B.Sc,Full-Time,2023-03-10,2,81092,2.7,9,On Leave
1375,EMP01375,Employee_01375,31,Male,Kolkata,IT,Manager,B.Tech,Contract,2026-07-20,0,75638,2.5,6,On Leave
1376,EMP01376,Employee_01376,36,Male,Pune,Admin,Manager,B.Sc,Full-Time,2023-01-09,2,50653,2.3,6,Inactive
1377,EMP01377,Employee_01377,21,Female,Vijayawada,Sales,Executive,B.Tech,Full-Time,2021-03-15,4,80592,4.0,6,Inactive
1378,EMP01378,Employee_01378,35,Female,Hyderabad,Marketing,Executive,M.Tech,Part-Time,2024-12-24,1,57422,4.2,6,Inactive
1379,EMP01379,Employee_01379,31,Female,Vijayawada,Sales,Support Engineer,B.Sc,Contract,2025-11-16,0,102431,2.1,8,Active
1380,EMP01380,Employee_01380,26,Female,Guntur,Marketing,Executive,M.Tech,Part-Time,2024-03-26,1,123907,2.6,5,Active
1381,EMP01381,Employee_01381,40,Male,Bengaluru,Admin,Developer,MBA,Contract,2024-04-03,1,141132,4.9,10,Inactive
1382,EMP01382,Employee_01382,33,Female,Guntur,HR,HR Executive,B.Com,Part-Time,2024-01-12,1,23372,3.5,11,Active
1383,EMP01383,Employee_01383,32,Male,Kochi,Sales,Developer,MBA,Part-Time,2023-01-07,2,86120,3.4,2,Active
1384,EMP01384,Employee_01384,23,Male,Mumbai,HR,Tester,MBA,Full-Time,2022-07-25,3,59616,2.3,11,Inactive
1385,EMP01385,Employee_01385,34,Male,Guntur,Marketing,Manager,MCA,Full-Time,2021-08-03,4,91010,4.6,2,Active
1386,EMP01386,Employee_01386,40,Male,Mumbai,Admin,HR Executive,B.Sc,Full-Time,2021-01-12,4,31669,3.7,12,Active
1387,EMP01387,Employee_01387,40,Female,Chennai,HR,Accountant,MCA,Part-Time,2022-03-11,3,38197,2.2,1,On Leave
1388,EMP01388,Employee_01388,25,Female,Chennai,Marketing,Developer,MCA,Contract,2022-01-02,4,66970,2.7,0,Active
1389,EMP01389,Employee_01389,25,Male,Pune,Operations,Tester,MBA,Full-Time,2024-06-01,1,61778,2.1,2,Inactive
1390,EMP01390,Employee_01390,43,Male,Bengaluru,Support,Manager,B.Tech,Part-Time,2021-12-18,4,46803,4.1,2,Inactive
1391,EMP01391,Employee_01391,36,Female,Kolkata,Admin,Support Engineer,MCA,Contract,2025-12-06,0,121551,3.7,11,On Leave
1392,EMP01392,Employee_01392,45,Male,Kolkata,Admin,Manager,B.Tech,Full-Time,2024-07-17,1,83910,3.6,6,Active
1393,EMP01393,Employee_01393,30,Female,Guntur,Marketing,Support Engineer,B.Tech,Part-Time,2024-02-14,1,48287,3.8,6,Inactive
1394,EMP01394,Employee_01394,45,Male,Vijayawada,Finance,Tester,MBA,Full-Time,2022-03-24,3,22205,2.6,12,Active
1395,EMP01395,Employee_01395,28,Female,Vijayawada,Operations,Executive,MBA,Full-Time,2020-03-08,5,133088,2.8,6,Inactive
1396,EMP01396,Employee_01396,28,Female,Delhi,IT,Support Engineer,MBA,Part-Time,2020-07-29,5,56151,4.7,1,On Leave
1397,EMP01397,Employee_01397,23,Female,Hyderabad,Admin,Analyst,B.Com,Part-Time,2024-11-10,1,95057,3.1,8,Active
1398,EMP01398,Employee_01398,37,Male,Kolkata,Marketing,Developer,B.Tech,Contract,2023-06-25,2,61501,2.0,1,Active
1399,EMP01399,Employee_01399,32,Female,Delhi,Operations,Tester,B.Com,Full-Time,2025-11-04,0,24328,3.3,5,On Leave
1400,EMP01400,Employee_01400,24,Male,Kolkata,HR,Manager,MBA,Part-Time,2026-07-26,0,132923,4.3,6,On Leave
1401,EMP01401,Employee_01401,44,Male,Bengaluru,Support,Tester,MBA,Full-Time,2024-12-06,1,88020,2.4,12,Active
1402,EMP01402,Employee_01402,30,Female,Kochi,Sales,HR Executive,B.Sc,Part-Time,2020-06-29,5,21175,4.9,3,On Leave
1403,EMP01403,Employee_01403,29,Male,Hyderabad,Marketing,Accountant,B.Tech,Full-Time,2026-05-16,0,73211,2.0,1,Inactive
1404,EMP01404,Employee_01404,42,Female,Delhi,Operations,Accountant,B.Com,Contract,2021-11-09,4,147363,2.3,10,On Leave
1405,EMP01405,Employee_01405,44,Male,Kochi,Marketing,Executive,B.Sc,Full-Time,2026-02-22,0,104664,3.9,5,Inactive
1406,EMP01406,Employee_01406,29,Female,Guntur,IT,Tester,B.Com,Full-Time,2025-06-02,0,104023,4.8,4,Active
1407,EMP01407,Employee_01407,28,Female,Chennai,HR,Support Engineer,MBA,Contract,2026-03-23,0,75397,4.6,3,Inactive
1408,EMP01408,Employee_01408,39,Male,Kochi,Admin,Analyst,B.Com,Full-Time,2024-09-13,1,104825,2.9,3,Inactive
1409,EMP01409,Employee_01409,34,Female,Delhi,HR,Tester,B.Sc,Part-Time,2024-07-20,1,58382,3.2,0,Inactive
1410,EMP01410,Employee_01410,39,Female,Pune,Finance,Support Engineer,B.Sc,Contract,2024-06-11,1,74106,3.2,3,Inactive
1411,EMP01411,Employee_01411,23,Male,Chennai,Support,Accountant,B.Tech,Contract,2024-03-23,1,44387,2.2,12,On Leave
1412,EMP01412,Employee_01412,22,Male,Mumbai,Operations,Support Engineer,M.Tech,Contract,2021-09-14,4,18547,3.4,0,Active
1413,EMP01413,Employee_01413,26,Male,Hyderabad,IT,Executive,B.Sc,Part-Time,2020-06-14,5,99203,3.0,0,Inactive
1414,EMP01414,Employee_01414,29,Male,Kochi,Marketing,Manager,B.Tech,Part-Time,2021-03-16,4,94396,3.8,8,On Leave
1415,EMP01415,Employee_01415,26,Female,Hyderabad,Support,Support Engineer,M.Tech,Full-Time,2022-11-30,3,43197,3.5,3,On Leave
1416,EMP01416,Employee_01416,35,Female,Guntur,Support,Executive,B.Com,Contract,2025-04-20,0,112044,4.9,4,Inactive
1417,EMP01417,Employee_01417,28,Male,Bengaluru,IT,Analyst,B.Sc,Full-Time,2022-05-12,3,138923,2.4,2,Inactive
1418,EMP01418,Employee_01418,25,Female,Kochi,Sales,Accountant,MBA,Part-Time,2021-05-31,4,37252,2.8,5,Active
1419,EMP01419,Employee_01419,44,Female,Hyderabad,Operations,Manager,MBA,Full-Time,2026-03-11,0,97310,4.8,3,Inactive
1420,EMP01420,Employee_01420,22,Female,Guntur,Finance,Accountant,MBA,Contract,2020-09-27,5,26225,4.5,12,Inactive
1421,EMP01421,Employee_01421,35,Female,Delhi,Finance,Developer,B.Sc,Part-Time,2023-08-18,2,52839,4.4,11,Inactive
1422,EMP01422,Employee_01422,36,Male,Kolkata,Admin,Tester,B.Sc,Contract,2021-01-16,4,105701,2.4,2,Active
1423,EMP01423,Employee_01423,22,Female,Kochi,Operations,Support Engineer,B.Tech,Full-Time,2024-09-07,1,20418,3.9,11,Inactive
1424,EMP01424,Employee_01424,27,Female,Kolkata,Support,Executive,MBA,Contract,2025-08-14,0,73328,2.4,10,Active
1425,EMP01425,Employee_01425,44,Female,Hyderabad,Marketing,Support Engineer,B.Tech,Part-Time,2025-02-06,0,94072,3.6,12,On Leave
1426,EMP01426,Employee_01426,36,Male,Delhi,Sales,Accountant,B.Com,Part-Time,2020-09-14,5,127378,4.8,9,On Leave
1427,EMP01427,Employee_01427,28,Male,Hyderabad,Sales,Accountant,B.Sc,Part-Time,2020-06-07,5,84621,3.2,0,Active
1428,EMP01428,Employee_01428,22,Female,Hyderabad,Marketing,Developer,MBA,Contract,2024-10-27,1,37950,4.4,4,Active
1429,EMP01429,Employee_01429,42,Female,Kolkata,Operations,Manager,MCA,Contract,2025-12-27,0,93381,4.3,3,Active
1430,EMP01430,Employee_01430,42,Male,Vijayawada,IT,Analyst,B.Sc,Contract,2020-02-28,5,130590,2.2,10,On Leave
1431,EMP01431,Employee_01431,26,Male,Guntur,Sales,Manager,B.Com,Full-Time,2022-11-23,3,94629,4.0,6,Inactive
1432,EMP01432,Employee_01432,38,Male,Hyderabad,Sales,Analyst,B.Com,Full-Time,2023-06-21,2,35980,2.2,2,Active
1433,EMP01433,Employee_01433,31,Female,Kolkata,HR,Accountant,M.Tech,Contract,2025-01-22,0,49834,3.5,12,Inactive
1434,EMP01434,Employee_01434,32,Male,Kolkata,Marketing,Developer,MCA,Full-Time,2020-12-07,5,42125,3.1,6,Active
1435,EMP01435,Employee_01435,25,Male,Vijayawada,Operations,Developer,B.Com,Part-Time,2021-10-26,4,107679,2.5,11,Inactive
1436,EMP01436,Employee_01436,37,Female,Kochi,HR,Executive,M.Tech,Part-Time,2021-02-28,4,123502,2.6,3,On Leave
1437,EMP01437,Employee_01437,33,Male,Hyderabad,Admin,Executive,B.Tech,Contract,2025-02-18,0,102466,3.9,3,Inactive
1438,EMP01438,Employee_01438,42,Male,Delhi,Admin,Analyst,B.Sc,Full-Time,2020-03-11,5,115658,3.9,6,On Leave
1439,EMP01439,Employee_01439,38,Female,Kolkata,Operations,Analyst,MCA,Full-Time,2025-11-02,0,48538,3.8,7,On Leave
1440,EMP01440,Employee_01440,28,Female,Hyderabad,HR,Developer,B.Com,Contract,2023-07-22,2,99804,3.6,6,Active
1441,EMP01441,Employee_01441,33,Male,Kolkata,Operations,Analyst,MBA,Part-Time,2022-11-23,3,58117,2.8,6,On Leave
1442,EMP01442,Employee_01442,34,Female,Chennai,HR,Manager,MCA,Contract,2023-05-13,2,23959,2.1,4,On Leave
1443,EMP01443,Employee_01443,32,Female,Delhi,HR,Manager,MCA,Full-Time,2021-02-14,4,47720,2.3,4,On Leave
1444,EMP01444,Employee_01444,28,Male,Kolkata,Marketing,Tester,B.Tech,Part-Time,2020-11-18,5,30865,2.8,12,Active
1445,EMP01445,Employee_01445,34,Male,Chennai,HR,Analyst,MCA,Full-Time,2023-07-01,2,42370,4.0,4,Active
1446,EMP01446,Employee_01446,22,Male,Mumbai,Finance,Executive,B.Tech,Part-Time,2025-05-07,0,141004,4.4,6,Active
1447,EMP01447,Employee_01447,41,Female,Pune,Finance,Manager,M.Tech,Contract,2022-01-28,3,45229,3.9,0,On Leave
1448,EMP01448,Employee_01448,34,Male,Vijayawada,Sales,Developer,MBA,Full-Time,2022-09-04,3,19385,4.0,4,On Leave
1449,EMP01449,Employee_01449,27,Female,Kochi,Marketing,Tester,B.Sc,Contract,2024-05-10,1,94731,3.0,6,Active
1450,EMP01450,Employee_01450,29,Female,Kochi,Sales,Tester,M.Tech,Full-Time,2024-09-17,1,148463,2.0,1,On Leave
1451,EMP01451,Employee_01451,41,Male,Hyderabad,Sales,Executive,M.Tech,Full-Time,2022-01-25,3,49451,4.9,3,On Leave
1452,EMP01452,Employee_01452,42,Female,Bengaluru,IT,Executive,M.Tech,Full-Time,2020-10-22,5,121473,2.4,3,On Leave
1453,EMP01453,Employee_01453,34,Male,Chennai,HR,Support Engineer,B.Com,Part-Time,2020-02-26,5,46037,3.0,7,Inactive
1454,EMP01454,Employee_01454,42,Male,Pune,Support,Support Engineer,B.Sc,Contract,2025-10-26,0,90106,3.3,3,On Leave
1455,EMP01455,Employee_01455,36,Male,Mumbai,IT,HR Executive,MBA,Full-Time,2022-09-21,3,146165,4.8,6,Active
1456,EMP01456,Employee_01456,44,Female,Bengaluru,Marketing,Manager,B.Com,Part-Time,2020-09-01,5,138257,3.6,3,Active
1457,EMP01457,Employee_01457,45,Male,Kochi,Admin,Support Engineer,B.Com,Contract,2024-10-11,1,21609,3.4,12,Active
1458,EMP01458,Employee_01458,27,Female,Chennai,Admin,Executive,MBA,Full-Time,2025-01-14,0,90250,4.5,6,Active
1459,EMP01459,Employee_01459,41,Male,Bengaluru,Marketing,Support Engineer,MCA,Part-Time,2022-08-18,3,145376,3.2,8,On Leave
1460,EMP01460,Employee_01460,29,Male,Kochi,HR,Executive,B.Com,Part-Time,2021-02-08,4,99321,4.2,0,Active
1461,EMP01461,Employee_01461,40,Male,Chennai,IT,Support Engineer,M.Tech,Contract,2026-03-27,0,65958,3.9,8,Inactive
1462,EMP01462,Employee_01462,31,Male,Mumbai,Support,Tester,M.Tech,Part-Time,2026-05-15,0,18382,3.4,2,On Leave
1463,EMP01463,Employee_01463,41,Female,Bengaluru,Support,Accountant,MCA,Full-Time,2022-03-28,3,123369,4.0,9,Active
1464,EMP01464,Employee_01464,22,Male,Kolkata,Operations,Accountant,B.Sc,Part-Time,2023-08-23,2,106119,3.1,12,On Leave
1465,EMP01465,Employee_01465,43,Male,Guntur,IT,Executive,MBA,Part-Time,2020-03-08,5,37993,2.3,2,On Leave
1466,EMP01466,Employee_01466,24,Male,Pune,Operations,Analyst,B.Tech,Part-Time,2020-10-24,5,133679,4.2,3,Active
1467,EMP01467,Employee_01467,24,Male,Bengaluru,Operations,Executive,MCA,Full-Time,2024-08-02,1,91508,3.9,7,Active
1468,EMP01468,Employee_01468,40,Female,Kolkata,Finance,Developer,MBA,Full-Time,2022-10-22,3,81231,2.1,11,Inactive
1469,EMP01469,Employee_01469,24,Female,Hyderabad,Support,Support Engineer,B.Com,Part-Time,2023-09-16,2,41254,3.5,3,On Leave
1470,EMP01470,Employee_01470,21,Male,Mumbai,Sales,Manager,B.Sc,Full-Time,2021-11-03,4,43561,4.9,9,On Leave
1471,EMP01471,Employee_01471,44,Male,Chennai,Marketing,Accountant,B.Tech,Contract,2020-07-04,5,65026,2.6,3,Inactive
1472,EMP01472,Employee_01472,40,Male,Delhi,Marketing,HR Executive,B.Sc,Contract,2022-07-13,3,53262,2.1,11,Active
1473,EMP01473,Employee_01473,36,Male,Kolkata,Finance,HR Executive,B.Tech,Full-Time,2021-10-13,4,117113,2.0,5,Active
1474,EMP01474,Employee_01474,23,Male,Chennai,Marketing,Support Engineer,MBA,Full-Time,2022-05-17,3,58301,3.2,6,On Leave
1475,EMP01475,Employee_01475,42,Male,Kochi,Admin,Tester,B.Com,Part-Time,2025-12-22,0,74514,4.9,6,On Leave
1476,EMP01476,Employee_01476,44,Female,Kolkata,Admin,Analyst,MCA,Full-Time,2022-05-27,3,23250,2.6,4,On Leave
1477,EMP01477,Employee_01477,22,Male,Kolkata,Admin,HR Executive,M.Tech,Contract,2021-06-03,4,78224,4.2,8,On Leave
1478,EMP01478,Employee_01478,22,Male,Pune,IT,Analyst,B.Sc,Contract,2021-07-07,4,65131,3.6,3,On Leave
1479,EMP01479,Employee_01479,31,Male,Chennai,IT,HR Executive,MBA,Full-Time,2020-12-08,5,42520,2.8,5,Active
1480,EMP01480,Employee_01480,43,Female,Bengaluru,Support,Analyst,M.Tech,Part-Time,2022-06-22,3,41431,3.6,9,Inactive
1481,EMP01481,Employee_01481,42,Male,Hyderabad,IT,Developer,M.Tech,Contract,2021-11-05,4,90433,5.0,5,Active
1482,EMP01482,Employee_01482,23,Male,Bengaluru,Sales,Accountant,B.Tech,Part-Time,2020-05-04,5,102540,2.5,11,On Leave
1483,EMP01483,Employee_01483,22,Female,Guntur,HR,Tester,B.Com,Part-Time,2024-03-01,1,24774,4.2,5,Active
1484,EMP01484,Employee_01484,38,Female,Mumbai,Admin,Analyst,B.Sc,Full-Time,2020-12-14,5,56782,3.8,9,Inactive
1485,EMP01485,Employee_01485,40,Male,Kolkata,Support,Accountant,B.Tech,Full-Time,2025-08-15,0,29130,2.9,7,On Leave
1486,EMP01486,Employee_01486,21,Female,Delhi,HR,Support Engineer,M.Tech,Contract,2020-07-19,5,86494,4.7,6,Inactive
1487,EMP01487,Employee_01487,25,Male,Guntur,Finance,Tester,MCA,Full-Time,2025-12-11,0,124216,3.1,1,Inactive
1488,EMP01488,Employee_01488,42,Female,Hyderabad,IT,Accountant,B.Tech,Part-Time,2024-02-22,1,30844,3.1,2,Active
1489,EMP01489,Employee_01489,34,Male,Kochi,Finance,Manager,B.Tech,Full-Time,2022-09-11,3,138592,3.9,12,Inactive
1490,EMP01490,Employee_01490,24,Male,Kolkata,IT,Tester,M.Tech,Contract,2020-07-11,5,120675,2.8,8,Inactive
1491,EMP01491,Employee_01491,38,Male,Guntur,Sales,Analyst,MBA,Part-Time,2021-12-27,4,142162,3.5,3,Active
1492,EMP01492,Employee_01492,42,Female,Chennai,Marketing,HR Executive,B.Com,Full-Time,2021-09-26,4,35178,2.4,6,Active
1493,EMP01493,Employee_01493,34,Female,Pune,HR,Tester,B.Com,Full-Time,2022-09-21,3,52212,3.1,11,Inactive
1494,EMP01494,Employee_01494,33,Female,Chennai,Operations,Support Engineer,B.Com,Full-Time,2020-06-16,5,94447,4.8,10,Active
1495,EMP01495,Employee_01495,28,Male,Mumbai,Sales,Developer,M.Tech,Full-Time,2024-07-09,1,114743,3.0,10,Inactive
1496,EMP01496,Employee_01496,30,Male,Pune,HR,Support Engineer,B.Sc,Contract,2024-03-25,1,125791,4.4,4,On Leave
1497,EMP01497,Employee_01497,37,Female,Chennai,Admin,Developer,M.Tech,Contract,2025-08-13,0,64780,4.5,4,Inactive
1498,EMP01498,Employee_01498,30,Male,Pune,Sales,Executive,B.Com,Full-Time,2020-06-02,5,33079,5.0,4,On Leave
1499,EMP01499,Employee_01499,39,Female,Pune,Finance,Analyst,B.Tech,Full-Time,2022-11-21,3,100594,4.7,1,On Leave
1500,EMP01500,Employee_01500,37,Male,Kolkata,IT,Executive,B.Sc,Contract,2025-02-05,0,140277,4.2,12,Active
1501,EMP01501,Employee_01501,36,Female,Pune,IT,HR Executive,B.Tech,Contract,2022-03-21,3,74828,2.4,10,Active
1502,EMP01502,Employee_01502,45,Female,Bengaluru,Admin,HR Executive,MCA,Contract,2020-12-09,5,148198,4.3,5,On Leave
1503,EMP01503,Employee_01503,21,Male,Kochi,HR,Support Engineer,MBA,Full-Time,2020-02-04,5,66451,2.6,0,On Leave
1504,EMP01504,Employee_01504,40,Female,Vijayawada,Admin,Tester,M.Tech,Part-Time,2021-06-07,4,21439,2.7,6,On Leave
1505,EMP01505,Employee_01505,44,Male,Guntur,Operations,Support Engineer,B.Sc,Full-Time,2021-05-05,4,126923,4.8,9,Active
1506,EMP01506,Employee_01506,40,Female,Bengaluru,Marketing,Executive,B.Sc,Part-Time,2023-06-28,2,36589,4.4,8,On Leave
1507,EMP01507,Employee_01507,31,Female,Pune,Finance,Manager,B.Sc,Contract,2025-05-09,0,24914,3.8,12,On Leave
1508,EMP01508,Employee_01508,25,Female,Delhi,Support,Analyst,B.Tech,Part-Time,2025-09-02,0,37267,2.7,4,Active
1509,EMP01509,Employee_01509,25,Female,Hyderabad,Operations,Executive,MBA,Part-Time,2023-04-19,2,124757,4.8,0,Inactive
1510,EMP01510,Employee_01510,44,Male,Chennai,Support,Developer,B.Tech,Full-Time,2024-11-18,1,30152,3.6,1,Active
1511,EMP01511,Employee_01511,27,Male,Hyderabad,Support,Manager,M.Tech,Part-Time,2025-10-31,0,112718,3.2,9,Active
1512,EMP01512,Employee_01512,44,Male,Mumbai,Operations,Support Engineer,B.Tech,Part-Time,2023-08-05,2,73798,2.3,2,On Leave
1513,EMP01513,Employee_01513,26,Female,Guntur,Finance,Executive,MCA,Part-Time,2026-03-03,0,132357,3.7,7,Inactive
1514,EMP01514,Employee_01514,24,Male,Kolkata,Admin,Executive,B.Com,Part-Time,2020-06-14,5,81465,2.9,8,Active
1515,EMP01515,Employee_01515,42,Male,Delhi,HR,Developer,B.Tech,Contract,2025-05-07,0,53781,3.2,3,Inactive
1516,EMP01516,Employee_01516,43,Female,Kochi,HR,Tester,B.Com,Contract,2025-01-23,0,22732,3.8,0,Active
1517,EMP01517,Employee_01517,43,Male,Guntur,Support,HR Executive,M.Tech,Part-Time,2020-03-05,5,136779,5.0,9,On Leave
1518,EMP01518,Employee_01518,23,Female,Kochi,Support,Executive,B.Sc,Part-Time,2025-02-11,0,95476,2.4,12,On Leave
1519,EMP01519,Employee_01519,30,Male,Chennai,Sales,Analyst,B.Sc,Full-Time,2021-02-25,4,23576,4.3,4,Inactive
1520,EMP01520,Employee_01520,45,Male,Guntur,IT,Accountant,B.Sc,Part-Time,2021-08-01,4,130689,3.2,8,On Leave
1521,EMP01521,Employee_01521,35,Female,Chennai,Sales,Tester,MCA,Contract,2021-04-27,4,127498,4.9,0,Active
1522,EMP01522,Employee_01522,40,Female,Pune,Finance,Developer,B.Com,Full-Time,2025-10-30,0,75775,3.0,10,Inactive
1523,EMP01523,Employee_01523,42,Female,Delhi,IT,Manager,MBA,Contract,2024-07-27,1,48881,4.9,11,Inactive
1524,EMP01524,Employee_01524,42,Male,Kolkata,Support,HR Executive,B.Com,Part-Time,2026-02-08,0,56433,3.3,4,On Leave
1525,EMP01525,Employee_01525,27,Female,Bengaluru,Finance,Executive,MCA,Part-Time,2020-10-25,5,21914,3.7,12,On Leave
1526,EMP01526,Employee_01526,45,Female,Guntur,Finance,Executive,MCA,Part-Time,2023-10-11,2,49506,2.8,3,On Leave
1527,EMP01527,Employee_01527,41,Female,Pune,IT,Developer,M.Tech,Contract,2023-01-18,2,28633,4.6,2,Inactive
1528,EMP01528,Employee_01528,33,Female,Kolkata,Sales,Analyst,B.Tech,Contract,2024-05-19,1,34411,5.0,1,Active
1529,EMP01529,Employee_01529,21,Male,Kochi,Marketing,Analyst,B.Com,Contract,2023-10-03,2,30560,4.8,6,On Leave
1530,EMP01530,Employee_01530,44,Male,Kolkata,Sales,Accountant,M.Tech,Part-Time,2020-10-26,5,102251,2.2,6,On Leave
1531,EMP01531,Employee_01531,22,Female,Hyderabad,Admin,Accountant,MBA,Contract,2021-08-11,4,114563,2.7,4,Inactive
1532,EMP01532,Employee_01532,26,Male,Guntur,Support,Manager,MCA,Full-Time,2024-05-19,1,33252,4.1,7,Inactive
1533,EMP01533,Employee_01533,38,Female,Guntur,IT,Manager,MCA,Contract,2020-03-20,5,42135,4.2,7,On Leave
1534,EMP01534,Employee_01534,45,Female,Bengaluru,Sales,Executive,B.Sc,Part-Time,2020-09-30,5,87086,2.1,8,Active
1535,EMP01535,Employee_01535,25,Male,Delhi,Support,Analyst,MBA,Contract,2020-12-31,5,100365,3.1,2,Active
1536,EMP01536,Employee_01536,21,Male,Bengaluru,Finance,Developer,MBA,Full-Time,2025-03-16,0,71717,4.5,2,Active
1537,EMP01537,Employee_01537,28,Female,Guntur,HR,Executive,B.Sc,Part-Time,2024-09-24,1,101297,2.4,7,Active
1538,EMP01538,Employee_01538,30,Male,Kochi,Operations,Developer,B.Sc,Part-Time,2026-02-11,0,98503,2.8,0,Inactive
1539,EMP01539,Employee_01539,22,Male,Pune,Admin,Executive,M.Tech,Part-Time,2025-09-21,0,42776,3.3,4,Active
1540,EMP01540,Employee_01540,36,Female,Kolkata,Finance,Manager,B.Tech,Full-Time,2024-06-19,1,46385,4.8,7,Active
1541,EMP01541,Employee_01541,36,Female,Kolkata,Support,Manager,MCA,Contract,2021-01-12,4,65812,2.3,3,Inactive
1542,EMP01542,Employee_01542,44,Male,Kolkata,Sales,Analyst,MCA,Full-Time,2025-07-05,0,132800,2.7,6,On Leave
1543,EMP01543,Employee_01543,34,Female,Hyderabad,Admin,HR Executive,MBA,Contract,2023-07-28,2,25643,3.0,9,Active
1544,EMP01544,Employee_01544,36,Male,Guntur,Finance,Developer,B.Com,Full-Time,2025-01-31,0,34014,3.2,7,Inactive
1545,EMP01545,Employee_01545,25,Male,Pune,Operations,Support Engineer,M.Tech,Full-Time,2026-01-23,0,40112,4.0,2,Active
1546,EMP01546,Employee_01546,42,Female,Bengaluru,Marketing,HR Executive,MCA,Full-Time,2024-05-30,1,113955,2.0,5,On Leave
1547,EMP01547,Employee_01547,37,Male,Delhi,Support,Accountant,MCA,Full-Time,2020-10-25,5,63669,2.2,9,On Leave
1548,EMP01548,Employee_01548,45,Female,Kolkata,IT,Manager,B.Sc,Full-Time,2025-12-28,0,88390,2.7,9,Inactive
1549,EMP01549,Employee_01549,40,Female,Kochi,Marketing,Tester,M.Tech,Full-Time,2020-05-18,5,78240,4.0,8,Inactive
1550,EMP01550,Employee_01550,44,Female,Vijayawada,Admin,Developer,M.Tech,Contract,2023-10-15,2,35306,3.9,4,Inactive
1551,EMP01551,Employee_01551,32,Female,Vijayawada,Support,Accountant,B.Sc,Contract,2021-01-10,4,64934,2.7,8,On Leave
1552,EMP01552,Employee_01552,21,Male,Kochi,HR,Accountant,MBA,Contract,2022-02-03,3,136490,2.8,12,On Leave
1553,EMP01553,Employee_01553,33,Female,Kolkata,Admin,Manager,B.Sc,Part-Time,2025-07-10,0,57299,4.6,9,On Leave
1554,EMP01554,Employee_01554,27,Female,Kolkata,IT,HR Executive,M.Tech,Full-Time,2026-06-20,0,147474,5.0,0,On Leave
1555,EMP01555,Employee_01555,32,Female,Guntur,Support,Support Engineer,M.Tech,Part-Time,2022-08-30,3,31597,4.1,0,On Leave
1556,EMP01556,Employee_01556,21,Male,Delhi,Operations,Tester,B.Com,Full-Time,2020-06-05,5,50722,2.5,8,On Leave
1557,EMP01557,Employee_01557,35,Female,Chennai,Sales,Manager,M.Tech,Contract,2024-05-29,1,121302,2.6,5,On Leave
1558,EMP01558,Employee_01558,29,Male,Kolkata,HR,Support Engineer,MBA,Full-Time,2026-06-17,0,120599,4.5,3,Inactive
1559,EMP01559,Employee_01559,42,Female,Vijayawada,Finance,Support Engineer,MBA,Full-Time,2020-11-22,5,103951,2.6,12,On Leave
1560,EMP01560,Employee_01560,33,Female,Kolkata,Operations,Analyst,B.Sc,Contract,2021-12-04,4,76104,4.6,3,Active
1561,EMP01561,Employee_01561,43,Female,Kolkata,Marketing,HR Executive,MCA,Part-Time,2026-04-12,0,120555,3.1,0,Active
1562,EMP01562,Employee_01562,45,Female,Pune,IT,Executive,B.Com,Contract,2023-08-05,2,145865,4.3,4,On Leave
1563,EMP01563,Employee_01563,42,Female,Kochi,Admin,Manager,B.Tech,Full-Time,2021-05-06,4,37532,4.8,1,On Leave
1564,EMP01564,Employee_01564,39,Male,Delhi,Sales,HR Executive,B.Com,Full-Time,2023-09-28,2,79870,2.8,0,Inactive
1565,EMP01565,Employee_01565,35,Male,Bengaluru,Sales,Manager,B.Com,Contract,2023-04-17,2,46186,3.0,5,Active
1566,EMP01566,Employee_01566,36,Female,Delhi,IT,Developer,MCA,Part-Time,2024-09-14,1,43527,2.7,6,Active
1567,EMP01567,Employee_01567,30,Male,Vijayawada,Support,Analyst,M.Tech,Contract,2021-03-22,4,40842,2.1,5,On Leave
1568,EMP01568,Employee_01568,38,Female,Hyderabad,Marketing,Support Engineer,B.Sc,Full-Time,2025-04-20,0,33765,3.8,2,On Leave
1569,EMP01569,Employee_01569,38,Female,Kolkata,Support,HR Executive,B.Tech,Part-Time,2025-11-27,0,109309,3.2,2,On Leave
1570,EMP01570,Employee_01570,34,Female,Chennai,Finance,Accountant,M.Tech,Part-Time,2025-09-05,0,135907,3.6,4,On Leave
1571,EMP01571,Employee_01571,44,Female,Delhi,Operations,Tester,B.Sc,Contract,2023-10-13,2,91299,3.6,5,Active
1572,EMP01572,Employee_01572,40,Female,Delhi,IT,Manager,B.Tech,Full-Time,2023-06-01,2,49105,4.9,12,Active
1573,EMP01573,Employee_01573,30,Male,Bengaluru,Sales,Manager,M.Tech,Full-Time,2021-09-30,4,115649,3.9,9,Inactive
1574,EMP01574,Employee_01574,23,Female,Hyderabad,Sales,HR Executive,MCA,Contract,2023-07-23,2,72616,2.0,5,Active
1575,EMP01575,Employee_01575,30,Female,Guntur,Admin,Manager,MBA,Contract,2021-02-15,4,97498,2.9,8,Active
1576,EMP01576,Employee_01576,35,Female,Chennai,IT,Manager,B.Com,Contract,2024-09-28,1,133622,4.2,4,On Leave
1577,EMP01577,Employee_01577,32,Male,Chennai,HR,Manager,B.Sc,Full-Time,2021-11-17,4,93474,2.6,1,Active
1578,EMP01578,Employee_01578,40,Male,Mumbai,HR,Developer,MBA,Contract,2022-03-30,3,55542,4.6,10,Active
1579,EMP01579,Employee_01579,37,Male,Pune,Admin,Support Engineer,B.Tech,Contract,2021-01-03,4,82159,3.2,7,Active
1580,EMP01580,Employee_01580,33,Male,Delhi,Admin,Accountant,B.Com,Part-Time,2025-04-15,0,40830,4.0,2,On Leave
1581,EMP01581,Employee_01581,38,Male,Kochi,IT,Support Engineer,B.Sc,Contract,2024-01-27,1,87633,3.5,6,Active
1582,EMP01582,Employee_01582,45,Male,Bengaluru,Support,Developer,MCA,Full-Time,2025-09-23,0,136901,3.1,10,On Leave
1583,EMP01583,Employee_01583,24,Male,Pune,Admin,Executive,MCA,Contract,2024-12-05,1,140885,2.5,7,On Leave
1584,EMP01584,Employee_01584,21,Male,Guntur,Finance,Analyst,M.Tech,Part-Time,2022-02-01,3,103412,2.5,2,Inactive
1585,EMP01585,Employee_01585,23,Male,Pune,Finance,Support Engineer,M.Tech,Part-Time,2026-07-24,0,97481,2.7,8,On Leave
1586,EMP01586,Employee_01586,39,Female,Guntur,HR,Accountant,M.Tech,Contract,2022-09-28,3,71264,3.0,4,Inactive
1587,EMP01587,Employee_01587,28,Male,Hyderabad,Operations,Tester,B.Com,Contract,2025-07-12,0,60352,4.4,4,Inactive
1588,EMP01588,Employee_01588,26,Female,Hyderabad,Finance,Manager,MBA,Full-Time,2021-04-22,4,135132,3.8,9,Active
1589,EMP01589,Employee_01589,31,Female,Kolkata,Admin,Analyst,B.Sc,Part-Time,2020-08-15,5,82615,4.0,9,On Leave
1590,EMP01590,Employee_01590,25,Male,Chennai,Operations,HR Executive,M.Tech,Contract,2023-08-31,2,81708,2.4,0,Active
1591,EMP01591,Employee_01591,27,Female,Kolkata,Admin,Accountant,MCA,Contract,2026-02-22,0,63420,2.1,0,On Leave
1592,EMP01592,Employee_01592,35,Female,Kolkata,Operations,Manager,B.Sc,Contract,2026-05-19,0,109570,4.1,11,On Leave
1593,EMP01593,Employee_01593,22,Female,Pune,Support,Analyst,MCA,Contract,2024-06-03,1,28600,2.6,4,Inactive
1594,EMP01594,Employee_01594,35,Male,Kochi,HR,Developer,B.Sc,Contract,2021-03-24,4,35408,3.0,2,On Leave
1595,EMP01595,Employee_01595,45,Female,Pune,Admin,Tester,M.Tech,Contract,2021-11-16,4,109291,4.0,1,On Leave
1596,EMP01596,Employee_01596,22,Female,Vijayawada,HR,Executive,M.Tech,Contract,2022-02-28,3,69467,4.7,9,Inactive
1597,EMP01597,Employee_01597,40,Male,Chennai,HR,Executive,B.Sc,Full-Time,2021-01-15,4,48191,2.4,0,On Leave
1598,EMP01598,Employee_01598,34,Male,Bengaluru,HR,Analyst,B.Tech,Part-Time,2025-02-28,0,140304,4.3,2,Inactive
1599,EMP01599,Employee_01599,25,Male,Vijayawada,Finance,Support Engineer,M.Tech,Contract,2021-03-04,4,65371,2.1,9,On Leave
1600,EMP01600,Employee_01600,28,Male,Hyderabad,Marketing,Executive,MBA,Part-Time,2024-11-27,1,69891,4.8,11,Inactive
1601,EMP01601,Employee_01601,38,Female,Kolkata,HR,Manager,B.Com,Full-Time,2022-05-03,3,21515,4.0,7,Active
1602,EMP01602,Employee_01602,30,Female,Kolkata,Finance,Support Engineer,B.Tech,Contract,2021-01-04,4,23953,4.4,10,On Leave
1603,EMP01603,Employee_01603,25,Male,Hyderabad,Sales,Support Engineer,B.Com,Contract,2023-08-30,2,57355,3.8,6,Inactive
1604,EMP01604,Employee_01604,44,Female,Chennai,Admin,Developer,B.Tech,Full-Time,2020-09-27,5,18324,4.4,3,Inactive
1605,EMP01605,Employee_01605,25,Female,Kolkata,Operations,HR Executive,B.Com,Full-Time,2021-04-30,4,90210,2.6,5,Active
1606,EMP01606,Employee_01606,29,Male,Hyderabad,Finance,Accountant,B.Tech,Part-Time,2020-04-20,5,37647,4.7,12,Active
1607,EMP01607,Employee_01607,40,Female,Mumbai,IT,Manager,MCA,Contract,2024-01-22,1,60455,3.4,8,Active
1608,EMP01608,Employee_01608,44,Male,Guntur,Sales,Manager,B.Sc,Part-Time,2024-12-19,1,40380,3.3,9,On Leave
1609,EMP01609,Employee_01609,31,Male,Pune,Marketing,Developer,B.Sc,Full-Time,2021-03-14,4,101738,2.8,2,Active
1610,EMP01610,Employee_01610,40,Female,Kochi,Admin,Support Engineer,MBA,Part-Time,2020-03-10,5,113207,4.7,6,On Leave
1611,EMP01611,Employee_01611,32,Female,Delhi,Marketing,HR Executive,B.Sc,Full-Time,2020-09-22,5,134080,3.8,12,Inactive
1612,EMP01612,Employee_01612,24,Female,Guntur,IT,Analyst,B.Tech,Contract,2025-05-18,0,53876,4.5,4,Active
1613,EMP01613,Employee_01613,37,Female,Kolkata,Sales,Analyst,MBA,Part-Time,2021-04-30,4,50148,2.1,0,Inactive
1614,EMP01614,Employee_01614,36,Male,Kolkata,HR,Support Engineer,MBA,Full-Time,2021-01-03,4,60434,3.3,0,Active
1615,EMP01615,Employee_01615,44,Male,Vijayawada,HR,Executive,MCA,Full-Time,2020-05-04,5,46359,4.9,11,Inactive
1616,EMP01616,Employee_01616,24,Male,Delhi,HR,Developer,B.Com,Part-Time,2025-01-29,0,82619,2.2,11,On Leave
1617,EMP01617,Employee_01617,36,Male,Bengaluru,Sales,Developer,B.Tech,Contract,2023-02-02,2,96705,2.6,6,Inactive
1618,EMP01618,Employee_01618,32,Female,Kochi,Marketing,Accountant,B.Tech,Full-Time,2022-01-14,3,111148,3.3,11,Active
1619,EMP01619,Employee_01619,21,Male,Kochi,Support,Manager,MBA,Part-Time,2026-04-17,0,105493,2.6,10,Inactive
1620,EMP01620,Employee_01620,34,Male,Kolkata,Sales,Manager,M.Tech,Part-Time,2024-05-31,1,57036,2.2,9,Active
1621,EMP01621,Employee_01621,22,Male,Mumbai,Operations,Developer,B.Tech,Full-Time,2020-05-11,5,87731,3.2,6,Active
1622,EMP01622,Employee_01622,39,Female,Hyderabad,IT,Tester,MCA,Full-Time,2025-01-04,0,145311,4.0,1,On Leave
1623,EMP01623,Employee_01623,23,Male,Bengaluru,Operations,Manager,B.Tech,Part-Time,2026-03-11,0,88662,3.7,5,On Leave
1624,EMP01624,Employee_01624,22,Female,Guntur,Admin,Executive,M.Tech,Full-Time,2025-08-17,0,96021,3.9,9,Active
1625,EMP01625,Employee_01625,39,Female,Kochi,Marketing,Analyst,MBA,Part-Time,2025-03-12,0,133085,4.1,6,Active
1626,EMP01626,Employee_01626,27,Female,Vijayawada,Marketing,Executive,B.Sc,Full-Time,2021-08-31,4,145128,2.9,0,Inactive
1627,EMP01627,Employee_01627,26,Female,Kochi,HR,Accountant,B.Tech,Full-Time,2024-11-24,1,73295,4.2,8,On Leave
1628,EMP01628,Employee_01628,26,Male,Hyderabad,Sales,Accountant,B.Tech,Contract,2022-12-17,3,130928,4.5,10,Inactive
1629,EMP01629,Employee_01629,26,Male,Hyderabad,Marketing,Analyst,MCA,Full-Time,2026-01-23,0,45706,2.3,0,Active
1630,EMP01630,Employee_01630,42,Male,Vijayawada,IT,Tester,M.Tech,Contract,2024-02-21,1,135592,4.7,1,Active
1631,EMP01631,Employee_01631,38,Male,Chennai,HR,Accountant,B.Com,Contract,2020-10-16,5,122595,4.7,4,On Leave
1632,EMP01632,Employee_01632,39,Female,Hyderabad,Finance,Developer,B.Tech,Part-Time,2022-08-12,3,133436,4.9,5,On Leave
1633,EMP01633,Employee_01633,34,Male,Chennai,Sales,HR Executive,MCA,Full-Time,2020-07-10,5,142336,3.0,10,Inactive
1634,EMP01634,Employee_01634,23,Female,Kochi,Marketing,Manager,MCA,Contract,2024-07-09,1,40028,4.8,8,Inactive
1635,EMP01635,Employee_01635,37,Female,Kochi,Admin,Developer,B.Com,Full-Time,2026-04-11,0,57436,3.4,12,On Leave
1636,EMP01636,Employee_01636,28,Male,Kochi,Support,Analyst,B.Com,Part-Time,2023-12-23,2,48910,2.8,12,Active
1637,EMP01637,Employee_01637,38,Male,Delhi,Support,Support Engineer,B.Tech,Part-Time,2025-07-17,0,83040,2.5,4,On Leave
1638,EMP01638,Employee_01638,26,Female,Mumbai,Support,HR Executive,MCA,Full-Time,2024-06-18,1,94768,3.9,9,On Leave
1639,EMP01639,Employee_01639,40,Female,Chennai,HR,Accountant,B.Tech,Full-Time,2022-12-20,3,130540,2.1,7,On Leave
1640,EMP01640,Employee_01640,24,Male,Guntur,Marketing,Manager,B.Tech,Contract,2023-10-16,2,119170,2.4,5,On Leave
1641,EMP01641,Employee_01641,29,Male,Kochi,IT,HR Executive,B.Sc,Part-Time,2022-06-28,3,122891,3.6,8,Inactive
1642,EMP01642,Employee_01642,25,Female,Hyderabad,HR,Analyst,B.Com,Full-Time,2025-05-18,0,134699,3.8,1,Active
1643,EMP01643,Employee_01643,39,Male,Pune,Support,Analyst,B.Sc,Full-Time,2021-04-07,4,83086,3.1,12,Inactive
1644,EMP01644,Employee_01644,21,Male,Mumbai,Operations,Analyst,MBA,Part-Time,2024-07-27,1,107582,2.6,3,On Leave
1645,EMP01645,Employee_01645,26,Female,Vijayawada,Finance,Tester,B.Tech,Contract,2020-03-30,5,112454,4.7,4,Active
1646,EMP01646,Employee_01646,31,Female,Mumbai,IT,HR Executive,MBA,Full-Time,2024-10-22,1,26274,4.6,11,Inactive
1647,EMP01647,Employee_01647,44,Female,Kochi,IT,Developer,MBA,Part-Time,2025-06-06,0,35126,4.3,2,On Leave
1648,EMP01648,Employee_01648,24,Female,Kolkata,HR,Executive,B.Com,Contract,2021-08-18,4,89171,2.2,4,Active
1649,EMP01649,Employee_01649,41,Female,Kochi,Sales,HR Executive,M.Tech,Contract,2024-06-03,1,116705,4.8,8,On Leave
1650,EMP01650,Employee_01650,30,Male,Delhi,Operations,Tester,B.Com,Contract,2024-12-08,1,117919,3.7,11,Active
1651,EMP01651,Employee_01651,24,Male,Hyderabad,Admin,Support Engineer,B.Sc,Contract,2021-03-29,4,53328,4.2,10,Inactive
1652,EMP01652,Employee_01652,32,Female,Hyderabad,Sales,HR Executive,B.Sc,Part-Time,2020-07-01,5,47724,2.2,1,Inactive
1653,EMP01653,Employee_01653,34,Female,Delhi,Operations,Developer,MBA,Part-Time,2022-10-15,3,50968,2.3,9,Active
1654,EMP01654,Employee_01654,21,Female,Chennai,IT,Tester,MBA,Part-Time,2020-07-20,5,96940,4.4,4,On Leave
1655,EMP01655,Employee_01655,44,Male,Delhi,Support,Tester,B.Sc,Full-Time,2023-01-27,2,132008,3.3,6,Inactive
1656,EMP01656,Employee_01656,34,Female,Kolkata,IT,Accountant,B.Com,Part-Time,2023-07-13,2,113469,3.5,7,Active
1657,EMP01657,Employee_01657,37,Female,Mumbai,Support,HR Executive,B.Sc,Contract,2022-02-26,3,25573,3.3,3,Active
1658,EMP01658,Employee_01658,31,Female,Kochi,Operations,Executive,B.Tech,Full-Time,2024-09-11,1,93809,2.2,6,On Leave
1659,EMP01659,Employee_01659,26,Female,Chennai,Admin,HR Executive,MBA,Contract,2024-10-08,1,66952,2.4,2,On Leave
1660,EMP01660,Employee_01660,30,Male,Guntur,IT,Analyst,B.Tech,Full-Time,2025-04-25,0,123181,2.4,5,Inactive
1661,EMP01661,Employee_01661,23,Female,Kolkata,Support,Developer,B.Tech,Contract,2021-02-13,4,115651,4.7,8,Active
1662,EMP01662,Employee_01662,36,Male,Pune,HR,Manager,MCA,Contract,2021-03-19,4,121830,3.4,7,Inactive
1663,EMP01663,Employee_01663,21,Female,Mumbai,Finance,HR Executive,B.Tech,Full-Time,2024-12-23,1,89616,3.3,11,On Leave
1664,EMP01664,Employee_01664,26,Male,Vijayawada,Operations,Executive,MBA,Part-Time,2021-03-30,4,32017,2.6,4,On Leave
1665,EMP01665,Employee_01665,45,Male,Delhi,Marketing,Manager,B.Com,Full-Time,2024-04-29,1,30607,3.4,5,Active
1666,EMP01666,Employee_01666,43,Female,Mumbai,IT,Developer,M.Tech,Part-Time,2026-04-02,0,78964,3.5,4,Inactive
1667,EMP01667,Employee_01667,41,Female,Chennai,Sales,Analyst,B.Tech,Full-Time,2023-06-05,2,114318,2.9,7,Active
1668,EMP01668,Employee_01668,43,Female,Kochi,HR,Accountant,MBA,Part-Time,2021-09-23,4,135296,2.9,8,Active
1669,EMP01669,Employee_01669,42,Male,Vijayawada,Finance,Developer,B.Sc,Contract,2022-09-21,3,94931,3.9,10,On Leave
1670,EMP01670,Employee_01670,42,Female,Hyderabad,IT,Analyst,MCA,Part-Time,2024-04-03,1,62490,4.5,7,Active
1671,EMP01671,Employee_01671,29,Male,Guntur,Sales,Support Engineer,M.Tech,Contract,2020-06-19,5,104232,4.1,3,On Leave
1672,EMP01672,Employee_01672,29,Female,Hyderabad,IT,Analyst,MCA,Full-Time,2021-08-16,4,78145,3.0,3,On Leave
1673,EMP01673,Employee_01673,35,Male,Guntur,Operations,Manager,B.Com,Part-Time,2024-06-11,1,142300,3.5,8,Inactive
1674,EMP01674,Employee_01674,29,Male,Kolkata,Operations,Analyst,MBA,Contract,2024-01-12,1,86652,3.3,8,On Leave
1675,EMP01675,Employee_01675,35,Female,Pune,HR,Manager,MCA,Part-Time,2022-06-09,3,46089,2.0,10,On Leave
1676,EMP01676,Employee_01676,42,Female,Kochi,Support,Manager,M.Tech,Contract,2025-09-30,0,84966,4.6,11,Active
1677,EMP01677,Employee_01677,31,Female,Bengaluru,Marketing,Accountant,M.Tech,Full-Time,2023-06-07,2,144154,3.7,2,Inactive
1678,EMP01678,Employee_01678,28,Female,Mumbai,Finance,Tester,B.Sc,Full-Time,2024-03-23,1,27549,4.4,11,On Leave
1679,EMP01679,Employee_01679,39,Male,Kochi,HR,Manager,B.Tech,Contract,2022-07-16,3,135841,2.5,3,On Leave
1680,EMP01680,Employee_01680,36,Male,Chennai,IT,Executive,B.Sc,Full-Time,2026-03-01,0,25886,3.2,2,Active
1681,EMP01681,Employee_01681,24,Male,Hyderabad,HR,HR Executive,MBA,Part-Time,2020-07-02,5,21906,2.6,2,Inactive
1682,EMP01682,Employee_01682,22,Female,Guntur,HR,Developer,MCA,Full-Time,2021-04-14,4,25812,3.5,10,Inactive
1683,EMP01683,Employee_01683,32,Male,Pune,Marketing,Support Engineer,M.Tech,Full-Time,2022-02-14,3,118588,4.4,4,On Leave
1684,EMP01684,Employee_01684,39,Female,Kolkata,Finance,Executive,B.Com,Part-Time,2020-12-14,5,30416,4.4,4,Inactive
1685,EMP01685,Employee_01685,42,Male,Vijayawada,Support,Manager,B.Tech,Part-Time,2023-07-19,2,43600,2.1,3,Inactive
1686,EMP01686,Employee_01686,44,Female,Hyderabad,IT,HR Executive,MBA,Contract,2023-09-11,2,117402,3.3,1,Inactive
1687,EMP01687,Employee_01687,29,Female,Delhi,Marketing,Analyst,M.Tech,Full-Time,2024-09-24,1,42124,2.2,10,On Leave
1688,EMP01688,Employee_01688,30,Female,Bengaluru,Support,Tester,MCA,Part-Time,2022-07-09,3,18415,4.4,8,Active
1689,EMP01689,Employee_01689,40,Male,Guntur,Support,Executive,B.Com,Contract,2025-11-11,0,21943,3.1,8,Active
1690,EMP01690,Employee_01690,38,Female,Hyderabad,Sales,HR Executive,MCA,Contract,2024-03-27,1,124235,2.5,9,On Leave
1691,EMP01691,Employee_01691,24,Female,Kochi,HR,Support Engineer,B.Tech,Part-Time,2026-05-06,0,141857,3.6,10,On Leave
1692,EMP01692,Employee_01692,26,Female,Guntur,IT,Executive,B.Sc,Full-Time,2024-10-22,1,113163,3.4,1,Active
1693,EMP01693,Employee_01693,34,Male,Guntur,IT,Tester,B.Tech,Contract,2021-06-27,4,111980,3.4,10,Active
1694,EMP01694,Employee_01694,32,Female,Delhi,Operations,Support Engineer,B.Tech,Part-Time,2026-05-30,0,54490,4.8,12,Inactive
1695,EMP01695,Employee_01695,30,Female,Mumbai,Support,Manager,B.Tech,Full-Time,2025-02-14,0,41648,4.0,2,On Leave
1696,EMP01696,Employee_01696,25,Female,Chennai,Support,Tester,B.Sc,Full-Time,2026-03-08,0,91487,2.3,11,Active
1697,EMP01697,Employee_01697,31,Female,Delhi,Marketing,Manager,B.Tech,Contract,2025-05-09,0,37516,3.3,12,Inactive
1698,EMP01698,Employee_01698,32,Female,Guntur,Finance,Developer,MCA,Full-Time,2023-04-17,2,145429,4.5,0,Active
1699,EMP01699,Employee_01699,36,Male,Bengaluru,Support,Executive,M.Tech,Part-Time,2024-02-12,1,18015,4.1,0,Inactive
1700,EMP01700,Employee_01700,22,Female,Vijayawada,Finance,Manager,MCA,Contract,2023-01-31,2,138417,2.5,2,Inactive
1701,EMP01701,Employee_01701,21,Male,Chennai,Marketing,Accountant,B.Sc,Full-Time,2023-02-20,2,33312,2.3,8,Active
1702,EMP01702,Employee_01702,23,Female,Hyderabad,Admin,Analyst,B.Tech,Part-Time,2024-09-15,1,120101,4.8,8,On Leave
1703,EMP01703,Employee_01703,23,Male,Vijayawada,HR,Analyst,B.Com,Full-Time,2020-08-29,5,48452,3.7,0,Inactive
1704,EMP01704,Employee_01704,44,Female,Hyderabad,Finance,Executive,B.Tech,Full-Time,2020-11-27,5,29434,4.2,3,Inactive
1705,EMP01705,Employee_01705,34,Female,Mumbai,HR,Tester,MCA,Contract,2020-10-17,5,100289,4.0,0,Inactive
1706,EMP01706,Employee_01706,28,Female,Guntur,Sales,HR Executive,B.Com,Full-Time,2023-04-15,2,54922,4.4,8,On Leave
1707,EMP01707,Employee_01707,29,Male,Kochi,Finance,Accountant,B.Sc,Part-Time,2022-11-19,3,141788,4.3,6,On Leave
1708,EMP01708,Employee_01708,27,Male,Chennai,Operations,HR Executive,B.Sc,Contract,2020-12-04,5,36539,2.1,5,Active
1709,EMP01709,Employee_01709,35,Female,Vijayawada,Marketing,Executive,B.Com,Full-Time,2020-10-08,5,95796,2.6,12,Inactive
1710,EMP01710,Employee_01710,22,Female,Hyderabad,Support,Accountant,B.Sc,Contract,2025-12-10,0,124333,4.6,8,On Leave
1711,EMP01711,Employee_01711,43,Male,Kolkata,Marketing,Manager,B.Com,Full-Time,2022-06-16,3,83895,4.7,8,Inactive
1712,EMP01712,Employee_01712,33,Female,Hyderabad,Admin,Accountant,B.Com,Contract,2023-05-05,2,54149,3.6,5,Active
1713,EMP01713,Employee_01713,32,Male,Delhi,Support,Manager,B.Sc,Contract,2024-05-30,1,135698,3.9,5,Active
1714,EMP01714,Employee_01714,40,Female,Bengaluru,IT,Accountant,M.Tech,Contract,2020-02-09,5,26916,3.6,5,Inactive
1715,EMP01715,Employee_01715,42,Male,Bengaluru,Admin,HR Executive,B.Tech,Contract,2020-04-22,5,44664,4.7,1,On Leave
1716,EMP01716,Employee_01716,25,Female,Guntur,IT,Manager,B.Sc,Contract,2020-03-19,5,104123,4.4,11,Active
1717,EMP01717,Employee_01717,43,Female,Bengaluru,Finance,Developer,B.Tech,Contract,2024-07-21,1,115242,4.8,5,Active
1718,EMP01718,Employee_01718,35,Female,Hyderabad,IT,Manager,MBA,Contract,2022-01-16,3,100246,4.4,9,Active
1719,EMP01719,Employee_01719,31,Male,Delhi,Marketing,Accountant,M.Tech,Contract,2020-11-19,5,47096,3.0,11,Inactive
1720,EMP01720,Employee_01720,35,Male,Vijayawada,Sales,Manager,MBA,Contract,2020-05-11,5,92060,2.1,7,On Leave
1721,EMP01721,Employee_01721,32,Male,Hyderabad,IT,HR Executive,B.Com,Contract,2020-07-21,5,113985,3.9,3,On Leave
1722,EMP01722,Employee_01722,30,Male,Hyderabad,Marketing,Support Engineer,B.Sc,Full-Time,2022-06-04,3,21199,2.6,9,Active
1723,EMP01723,Employee_01723,22,Female,Kochi,HR,Executive,M.Tech,Part-Time,2024-10-20,1,92504,2.2,8,On Leave
1724,EMP01724,Employee_01724,38,Male,Delhi,Operations,Manager,B.Tech,Part-Time,2021-12-14,4,112155,3.0,12,Inactive
1725,EMP01725,Employee_01725,22,Male,Hyderabad,Support,HR Executive,MCA,Full-Time,2020-10-16,5,33551,3.2,7,Active
1726,EMP01726,Employee_01726,33,Male,Vijayawada,Marketing,Manager,M.Tech,Full-Time,2026-02-17,0,133142,3.4,0,On Leave
1727,EMP01727,Employee_01727,39,Female,Pune,IT,Developer,MBA,Part-Time,2022-03-04,3,93753,2.9,11,Inactive
1728,EMP01728,Employee_01728,45,Male,Chennai,Operations,Developer,B.Tech,Part-Time,2024-03-24,1,59202,3.0,0,Active
1729,EMP01729,Employee_01729,31,Male,Mumbai,HR,Accountant,MCA,Part-Time,2024-04-03,1,84873,2.4,6,Active
1730,EMP01730,Employee_01730,22,Male,Pune,Sales,Tester,B.Com,Full-Time,2026-07-12,0,66960,4.0,9,Active
1731,EMP01731,Employee_01731,44,Female,Hyderabad,Operations,Executive,B.Tech,Contract,2020-03-03,5,26375,3.7,10,On Leave
1732,EMP01732,Employee_01732,34,Male,Bengaluru,Support,HR Executive,MBA,Full-Time,2026-03-26,0,84395,2.7,2,Active
1733,EMP01733,Employee_01733,30,Female,Kochi,Admin,Support Engineer,MCA,Full-Time,2020-01-27,5,105690,4.9,7,Active
1734,EMP01734,Employee_01734,39,Male,Pune,Sales,HR Executive,M.Tech,Full-Time,2021-12-01,4,129017,2.9,6,Active
1735,EMP01735,Employee_01735,35,Male,Mumbai,Admin,Accountant,B.Tech,Contract,2021-08-02,4,115004,3.1,2,On Leave
1736,EMP01736,Employee_01736,21,Female,Chennai,Sales,Developer,B.Sc,Full-Time,2021-05-31,4,134632,2.3,12,Inactive
1737,EMP01737,Employee_01737,24,Male,Kolkata,Admin,Developer,M.Tech,Part-Time,2021-11-20,4,62804,2.2,8,On Leave
1738,EMP01738,Employee_01738,34,Female,Pune,Operations,Support Engineer,MCA,Contract,2021-01-21,4,45896,4.3,8,Active
1739,EMP01739,Employee_01739,39,Male,Bengaluru,Support,Developer,M.Tech,Full-Time,2023-07-05,2,139569,4.1,7,Inactive
1740,EMP01740,Employee_01740,36,Male,Kolkata,Admin,Manager,MCA,Part-Time,2022-08-26,3,74609,2.2,6,Inactive
1741,EMP01741,Employee_01741,22,Male,Vijayawada,Finance,Developer,B.Tech,Full-Time,2023-06-27,2,43159,5.0,2,On Leave
1742,EMP01742,Employee_01742,40,Male,Chennai,Finance,Developer,B.Com,Full-Time,2022-05-25,3,95213,3.6,10,Inactive
1743,EMP01743,Employee_01743,36,Male,Kolkata,HR,Analyst,MBA,Part-Time,2023-02-15,2,91075,4.0,11,On Leave
1744,EMP01744,Employee_01744,43,Male,Chennai,IT,Executive,B.Tech,Part-Time,2022-03-14,3,20675,4.0,11,On Leave
1745,EMP01745,Employee_01745,28,Female,Delhi,Finance,Analyst,B.Sc,Part-Time,2021-09-03,4,52393,2.4,7,On Leave
1746,EMP01746,Employee_01746,22,Female,Hyderabad,Support,Tester,MBA,Full-Time,2022-03-05,3,52247,3.5,6,Active
1747,EMP01747,Employee_01747,32,Female,Vijayawada,Operations,HR Executive,MCA,Full-Time,2020-08-23,5,78505,4.8,7,On Leave
1748,EMP01748,Employee_01748,28,Male,Chennai,HR,HR Executive,M.Tech,Contract,2026-01-09,0,52608,4.3,10,On Leave
1749,EMP01749,Employee_01749,36,Male,Chennai,Sales,Analyst,B.Tech,Part-Time,2020-10-30,5,96259,3.1,9,Active
1750,EMP01750,Employee_01750,29,Male,Chennai,HR,Executive,B.Tech,Part-Time,2026-01-25,0,35532,3.9,6,Inactive
1751,EMP01751,Employee_01751,37,Female,Guntur,Support,Accountant,B.Tech,Part-Time,2020-02-27,5,32647,3.1,8,Active
1752,EMP01752,Employee_01752,25,Female,Delhi,Operations,Developer,B.Com,Contract,2024-06-01,1,40049,3.7,12,Inactive
1753,EMP01753,Employee_01753,30,Female,Pune,Marketing,Executive,M.Tech,Full-Time,2022-11-09,3,27483,3.3,6,On Leave
1754,EMP01754,Employee_01754,32,Female,Chennai,Admin,Executive,B.Sc,Full-Time,2024-09-03,1,20237,2.9,9,Inactive
1755,EMP01755,Employee_01755,34,Female,Pune,Support,Manager,M.Tech,Part-Time,2021-07-05,4,48794,2.3,2,On Leave
1756,EMP01756,Employee_01756,43,Male,Kolkata,IT,Accountant,MCA,Contract,2026-03-22,0,102033,2.8,2,On Leave
1757,EMP01757,Employee_01757,44,Female,Bengaluru,Support,Tester,B.Sc,Full-Time,2021-02-05,4,124840,2.4,3,On Leave
1758,EMP01758,Employee_01758,28,Female,Chennai,Operations,Developer,B.Com,Contract,2023-10-19,2,53121,4.2,4,Active
1759,EMP01759,Employee_01759,28,Male,Bengaluru,HR,Support Engineer,M.Tech,Contract,2022-07-10,3,86351,4.8,0,Inactive
1760,EMP01760,Employee_01760,21,Female,Vijayawada,Support,Tester,MBA,Part-Time,2024-07-19,1,116005,4.9,4,Inactive
1761,EMP01761,Employee_01761,39,Female,Pune,Operations,Executive,MBA,Part-Time,2024-07-02,1,88320,4.2,10,On Leave
1762,EMP01762,Employee_01762,29,Female,Bengaluru,Support,Executive,B.Com,Full-Time,2025-04-18,0,121029,3.2,11,Active
1763,EMP01763,Employee_01763,31,Male,Kochi,Operations,Tester,MCA,Full-Time,2021-12-26,4,92855,3.1,8,Inactive
1764,EMP01764,Employee_01764,45,Female,Kochi,Support,HR Executive,B.Com,Part-Time,2022-01-29,3,122621,3.8,5,Active
1765,EMP01765,Employee_01765,28,Male,Pune,Operations,Analyst,B.Com,Full-Time,2021-04-07,4,21551,3.4,4,Inactive
1766,EMP01766,Employee_01766,30,Male,Pune,Finance,HR Executive,B.Tech,Part-Time,2021-05-16,4,31799,5.0,4,Inactive
1767,EMP01767,Employee_01767,27,Male,Vijayawada,Sales,Analyst,M.Tech,Full-Time,2023-06-19,2,32637,3.4,6,Active
1768,EMP01768,Employee_01768,41,Female,Chennai,Finance,Analyst,B.Tech,Part-Time,2025-12-27,0,49976,3.5,8,On Leave
1769,EMP01769,Employee_01769,35,Female,Delhi,Finance,Executive,B.Com,Contract,2026-02-26,0,42216,4.7,8,Inactive
1770,EMP01770,Employee_01770,34,Female,Hyderabad,HR,Accountant,B.Sc,Contract,2021-12-22,4,138757,2.8,10,Active
1771,EMP01771,Employee_01771,43,Male,Pune,Admin,Accountant,MBA,Full-Time,2020-04-13,5,125720,4.4,11,On Leave
1772,EMP01772,Employee_01772,33,Female,Hyderabad,HR,Tester,B.Tech,Contract,2024-10-27,1,102912,3.2,3,Active
1773,EMP01773,Employee_01773,25,Male,Delhi,Operations,Developer,B.Tech,Full-Time,2024-01-02,2,133167,4.8,1,Active
1774,EMP01774,Employee_01774,42,Female,Chennai,Operations,Accountant,M.Tech,Full-Time,2025-06-04,0,64709,4.2,1,Active
1775,EMP01775,Employee_01775,21,Male,Pune,Support,Analyst,MBA,Full-Time,2024-10-08,1,96937,2.7,9,Active
1776,EMP01776,Employee_01776,24,Female,Chennai,Support,Manager,M.Tech,Full-Time,2022-03-23,3,69934,3.1,5,On Leave
1777,EMP01777,Employee_01777,39,Male,Delhi,Operations,Executive,B.Sc,Full-Time,2022-02-02,3,145045,4.4,5,Active
1778,EMP01778,Employee_01778,41,Male,Kolkata,Finance,Developer,B.Com,Part-Time,2021-09-09,4,134049,2.7,9,Inactive
1779,EMP01779,Employee_01779,32,Female,Bengaluru,Operations,Developer,MBA,Part-Time,2022-06-28,3,77113,2.4,6,Active
1780,EMP01780,Employee_01780,38,Female,Kochi,Admin,Analyst,MCA,Full-Time,2020-07-19,5,138354,2.1,2,Active
1781,EMP01781,Employee_01781,22,Male,Guntur,HR,Support Engineer,M.Tech,Contract,2024-04-10,1,43865,2.0,1,Active
1782,EMP01782,Employee_01782,42,Female,Mumbai,Marketing,HR Executive,MBA,Full-Time,2026-04-05,0,65942,4.1,7,Inactive
1783,EMP01783,Employee_01783,45,Male,Chennai,Finance,Manager,M.Tech,Contract,2024-12-17,1,86853,2.4,3,Active
1784,EMP01784,Employee_01784,45,Female,Kolkata,Finance,Manager,B.Sc,Contract,2021-03-10,4,94555,2.8,2,Inactive
1785,EMP01785,Employee_01785,22,Female,Pune,Operations,Developer,MBA,Full-Time,2024-07-16,1,116835,2.5,9,On Leave
1786,EMP01786,Employee_01786,28,Male,Mumbai,Support,Accountant,B.Com,Full-Time,2025-05-15,0,35476,4.6,1,Active
1787,EMP01787,Employee_01787,36,Female,Bengaluru,Operations,Manager,B.Tech,Contract,2020-01-26,5,100642,2.7,8,Active
1788,EMP01788,Employee_01788,45,Male,Kolkata,Marketing,HR Executive,B.Sc,Contract,2022-06-19,3,119021,2.5,10,On Leave
1789,EMP01789,Employee_01789,42,Female,Vijayawada,IT,Support Engineer,B.Com,Part-Time,2025-04-23,0,113780,3.2,5,On Leave
1790,EMP01790,Employee_01790,26,Female,Bengaluru,HR,Support Engineer,B.Com,Part-Time,2020-10-24,5,35640,3.1,6,Inactive
1791,EMP01791,Employee_01791,39,Male,Kochi,Operations,Accountant,MCA,Part-Time,2020-03-10,5,41940,3.7,6,Inactive
1792,EMP01792,Employee_01792,22,Male,Hyderabad,Marketing,Manager,MBA,Full-Time,2022-01-27,3,143084,4.4,12,On Leave
1793,EMP01793,Employee_01793,23,Male,Chennai,Marketing,Analyst,B.Sc,Contract,2020-03-02,5,148057,2.3,11,Active
1794,EMP01794,Employee_01794,40,Female,Guntur,IT,Accountant,B.Sc,Full-Time,2024-10-27,1,123783,3.4,9,Active
1795,EMP01795,Employee_01795,36,Male,Chennai,Admin,HR Executive,M.Tech,Full-Time,2024-10-12,1,144844,2.7,12,Inactive
1796,EMP01796,Employee_01796,43,Female,Pune,Sales,Tester,B.Sc,Full-Time,2023-10-21,2,142558,3.9,6,On Leave
1797,EMP01797,Employee_01797,41,Male,Kolkata,Operations,Manager,B.Sc,Full-Time,2021-01-10,4,118199,3.0,3,Active
1798,EMP01798,Employee_01798,26,Male,Delhi,Admin,HR Executive,B.Com,Part-Time,2020-07-06,5,49732,3.8,5,On Leave
1799,EMP01799,Employee_01799,30,Male,Chennai,Support,Accountant,MBA,Part-Time,2025-02-11,0,143812,2.0,0,Inactive
1800,EMP01800,Employee_01800,42,Female,Kochi,Admin,Tester,B.Tech,Part-Time,2026-02-09,0,132100,3.5,4,Active
1801,EMP01801,Employee_01801,32,Female,Delhi,IT,Developer,MBA,Full-Time,2024-04-28,1,129838,4.1,0,Inactive
1802,EMP01802,Employee_01802,43,Female,Mumbai,Support,Manager,MBA,Part-Time,2023-07-13,2,75826,3.4,0,Active
1803,EMP01803,Employee_01803,41,Female,Pune,Operations,Executive,B.Tech,Contract,2021-03-26,4,111872,2.4,11,Inactive
1804,EMP01804,Employee_01804,44,Male,Chennai,Finance,Accountant,MBA,Contract,2025-03-23,0,20085,2.5,5,Active
1805,EMP01805,Employee_01805,30,Female,Kolkata,Operations,HR Executive,B.Com,Part-Time,2024-10-13,1,79543,5.0,5,Inactive
1806,EMP01806,Employee_01806,28,Female,Mumbai,Sales,Tester,M.Tech,Part-Time,2024-11-15,1,96259,4.9,12,Active
1807,EMP01807,Employee_01807,40,Male,Kochi,Sales,Tester,B.Com,Contract,2023-06-04,2,49801,3.2,9,Inactive
1808,EMP01808,Employee_01808,28,Male,Kolkata,Finance,Manager,B.Sc,Full-Time,2023-03-13,2,88684,4.6,4,On Leave
1809,EMP01809,Employee_01809,37,Female,Pune,Marketing,Analyst,B.Sc,Full-Time,2023-09-06,2,128134,2.4,11,Active
1810,EMP01810,Employee_01810,45,Male,Bengaluru,Admin,Developer,MBA,Part-Time,2020-02-02,5,134796,2.4,11,Inactive
1811,EMP01811,Employee_01811,32,Female,Delhi,Operations,Accountant,MCA,Full-Time,2025-10-25,0,68519,2.9,11,Active
1812,EMP01812,Employee_01812,28,Female,Mumbai,Support,Analyst,B.Sc,Contract,2020-06-01,5,20663,2.1,4,On Leave
1813,EMP01813,Employee_01813,39,Female,Bengaluru,Finance,Analyst,B.Sc,Contract,2022-07-04,3,32315,4.5,2,Inactive
1814,EMP01814,Employee_01814,33,Female,Pune,Operations,Support Engineer,M.Tech,Contract,2023-09-27,2,111385,3.6,9,Inactive
1815,EMP01815,Employee_01815,38,Male,Bengaluru,Marketing,Support Engineer,MCA,Part-Time,2020-01-10,5,130785,4.9,1,Active
1816,EMP01816,Employee_01816,43,Male,Bengaluru,Sales,Support Engineer,B.Tech,Full-Time,2022-11-28,3,103788,3.2,3,Inactive
1817,EMP01817,Employee_01817,27,Male,Hyderabad,Sales,Executive,B.Com,Part-Time,2022-01-21,3,124796,2.5,10,Inactive
1818,EMP01818,Employee_01818,29,Male,Mumbai,Sales,Accountant,M.Tech,Contract,2022-01-20,3,124581,2.6,1,Inactive
1819,EMP01819,Employee_01819,44,Male,Hyderabad,Operations,Manager,MCA,Part-Time,2025-08-28,0,121873,4.3,8,Inactive
1820,EMP01820,Employee_01820,22,Male,Vijayawada,Admin,Tester,B.Tech,Part-Time,2026-07-14,0,58105,4.7,10,Inactive
1821,EMP01821,Employee_01821,22,Male,Chennai,Sales,Support Engineer,B.Tech,Full-Time,2022-02-10,3,97193,2.6,5,Active
1822,EMP01822,Employee_01822,40,Male,Vijayawada,Operations,Manager,B.Sc,Full-Time,2026-04-09,0,91487,3.3,5,Active
1823,EMP01823,Employee_01823,25,Male,Delhi,Support,Analyst,B.Sc,Full-Time,2025-11-01,0,79282,2.0,0,Active
1824,EMP01824,Employee_01824,21,Female,Vijayawada,HR,Analyst,M.Tech,Part-Time,2022-07-29,3,75530,2.6,6,Inactive
1825,EMP01825,Employee_01825,21,Female,Kochi,Operations,Support Engineer,B.Sc,Contract,2024-02-04,1,132698,4.6,2,Active
1826,EMP01826,Employee_01826,29,Male,Pune,Marketing,Accountant,B.Sc,Full-Time,2021-12-11,4,115044,2.6,1,Active
1827,EMP01827,Employee_01827,29,Female,Vijayawada,HR,Developer,B.Tech,Part-Time,2022-06-06,3,52553,2.1,8,On Leave
1828,EMP01828,Employee_01828,26,Male,Vijayawada,Support,Tester,M.Tech,Contract,2021-10-29,4,52708,2.9,5,Inactive
1829,EMP01829,Employee_01829,36,Female,Bengaluru,Finance,Tester,B.Tech,Part-Time,2021-02-20,4,147811,3.0,4,Inactive
1830,EMP01830,Employee_01830,28,Female,Chennai,Operations,Analyst,B.Sc,Full-Time,2026-01-27,0,133528,2.5,10,Inactive
1831,EMP01831,Employee_01831,39,Female,Mumbai,Finance,Executive,MBA,Full-Time,2020-06-13,5,107978,3.2,12,On Leave
1832,EMP01832,Employee_01832,35,Male,Bengaluru,HR,Developer,B.Tech,Contract,2022-02-07,3,38003,4.4,1,Inactive
1833,EMP01833,Employee_01833,22,Female,Kochi,IT,Analyst,MBA,Full-Time,2025-10-04,0,79788,4.1,11,Inactive
1834,EMP01834,Employee_01834,43,Male,Delhi,HR,Tester,M.Tech,Part-Time,2023-04-08,2,27451,4.4,3,Active
1835,EMP01835,Employee_01835,44,Male,Chennai,Admin,HR Executive,M.Tech,Part-Time,2023-07-27,2,46676,3.5,2,Active
1836,EMP01836,Employee_01836,38,Female,Mumbai,Finance,Manager,B.Tech,Part-Time,2022-06-21,3,137119,2.5,0,Active
1837,EMP01837,Employee_01837,42,Female,Pune,Sales,Developer,M.Tech,Contract,2024-03-23,1,102017,4.1,4,Active
1838,EMP01838,Employee_01838,30,Female,Kolkata,Admin,Support Engineer,B.Tech,Part-Time,2022-04-08,3,95182,2.9,0,Inactive
1839,EMP01839,Employee_01839,26,Female,Kolkata,Operations,Analyst,MCA,Part-Time,2020-03-26,5,20706,4.6,9,Active
1840,EMP01840,Employee_01840,36,Female,Guntur,Sales,Manager,MCA,Contract,2025-01-09,0,85470,3.9,2,Inactive
1841,EMP01841,Employee_01841,28,Female,Delhi,Finance,Manager,B.Com,Contract,2024-08-23,1,88256,2.6,7,Active
1842,EMP01842,Employee_01842,34,Male,Chennai,Finance,Developer,M.Tech,Part-Time,2020-03-12,5,39116,4.7,5,On Leave
1843,EMP01843,Employee_01843,25,Female,Pune,IT,Manager,MCA,Part-Time,2021-10-07,4,92930,2.4,5,Inactive
1844,EMP01844,Employee_01844,33,Male,Guntur,Finance,Tester,M.Tech,Full-Time,2026-07-10,0,78972,3.3,7,Active
1845,EMP01845,Employee_01845,33,Male,Kolkata,Operations,Analyst,B.Sc,Full-Time,2024-11-02,1,37922,3.0,4,On Leave
1846,EMP01846,Employee_01846,28,Male,Chennai,HR,Analyst,B.Sc,Full-Time,2021-03-14,4,28603,2.1,9,Active
1847,EMP01847,Employee_01847,23,Male,Delhi,Finance,HR Executive,MCA,Part-Time,2021-12-09,4,115547,4.2,8,On Leave
1848,EMP01848,Employee_01848,33,Male,Kolkata,Operations,Tester,MCA,Contract,2025-08-07,0,96106,4.7,1,Active
1849,EMP01849,Employee_01849,30,Male,Hyderabad,Support,Manager,MCA,Contract,2024-05-14,1,98109,4.3,10,Inactive
1850,EMP01850,Employee_01850,41,Female,Guntur,Support,Tester,MBA,Contract,2024-12-16,1,143944,2.7,5,Inactive
1851,EMP01851,Employee_01851,40,Female,Chennai,HR,Manager,M.Tech,Part-Time,2021-05-01,4,132122,4.2,3,Active
1852,EMP01852,Employee_01852,23,Male,Hyderabad,Marketing,Manager,MCA,Part-Time,2022-01-03,3,68674,2.5,4,On Leave
1853,EMP01853,Employee_01853,24,Male,Bengaluru,Admin,Accountant,B.Sc,Part-Time,2022-06-07,3,91768,4.2,8,On Leave
1854,EMP01854,Employee_01854,39,Male,Bengaluru,IT,Developer,B.Sc,Part-Time,2023-02-11,2,43306,4.0,8,Inactive
1855,EMP01855,Employee_01855,21,Male,Delhi,Sales,Manager,MCA,Part-Time,2024-08-05,1,62064,4.1,0,Active
1856,EMP01856,Employee_01856,33,Female,Hyderabad,Operations,Manager,B.Com,Full-Time,2026-02-06,0,67427,4.6,0,On Leave
1857,EMP01857,Employee_01857,38,Male,Guntur,Finance,Developer,B.Tech,Part-Time,2022-08-20,3,18500,4.8,8,Inactive
1858,EMP01858,Employee_01858,43,Female,Pune,Sales,Manager,MCA,Full-Time,2025-12-27,0,131297,2.5,7,On Leave
1859,EMP01859,Employee_01859,42,Female,Bengaluru,Operations,Analyst,M.Tech,Contract,2024-04-27,1,71437,2.6,7,Inactive
1860,EMP01860,Employee_01860,33,Female,Bengaluru,IT,Analyst,B.Sc,Full-Time,2021-12-26,4,137242,2.3,6,On Leave
1861,EMP01861,Employee_01861,26,Male,Bengaluru,Sales,Support Engineer,B.Sc,Part-Time,2025-09-02,0,70723,4.7,11,On Leave
1862,EMP01862,Employee_01862,37,Male,Guntur,Admin,Accountant,MBA,Full-Time,2020-09-16,5,143008,3.0,12,On Leave
1863,EMP01863,Employee_01863,34,Male,Kolkata,HR,Tester,B.Sc,Full-Time,2020-06-26,5,115054,4.5,2,On Leave
1864,EMP01864,Employee_01864,35,Female,Kolkata,HR,Support Engineer,MCA,Part-Time,2021-06-05,4,134547,4.9,1,On Leave
1865,EMP01865,Employee_01865,41,Female,Vijayawada,Finance,Developer,M.Tech,Contract,2025-12-24,0,82736,3.6,4,Active
1866,EMP01866,Employee_01866,33,Female,Chennai,Operations,Analyst,B.Sc,Part-Time,2024-05-19,1,114636,4.1,6,Inactive
1867,EMP01867,Employee_01867,30,Female,Guntur,IT,Accountant,M.Tech,Part-Time,2022-04-16,3,60600,3.0,3,Active
1868,EMP01868,Employee_01868,40,Female,Chennai,Support,HR Executive,MCA,Part-Time,2026-06-30,0,23891,3.3,10,Active
1869,EMP01869,Employee_01869,39,Male,Kolkata,Admin,Tester,M.Tech,Contract,2024-11-28,1,121902,3.5,8,Inactive
1870,EMP01870,Employee_01870,38,Female,Guntur,Marketing,Analyst,MCA,Full-Time,2022-11-10,3,110259,4.1,9,On Leave
1871,EMP01871,Employee_01871,30,Female,Vijayawada,Operations,Executive,MBA,Contract,2025-08-26,0,47502,3.2,3,On Leave
1872,EMP01872,Employee_01872,38,Male,Mumbai,Marketing,Support Engineer,B.Tech,Contract,2026-01-06,0,46001,5.0,4,Active
1873,EMP01873,Employee_01873,33,Male,Hyderabad,Finance,HR Executive,B.Sc,Part-Time,2025-10-09,0,20598,3.0,2,Active
1874,EMP01874,Employee_01874,33,Male,Kolkata,Finance,Tester,MCA,Part-Time,2024-06-12,1,93989,3.7,0,Inactive
1875,EMP01875,Employee_01875,24,Male,Hyderabad,Operations,Accountant,B.Com,Contract,2025-10-31,0,76049,2.0,8,On Leave
1876,EMP01876,Employee_01876,28,Male,Kolkata,Operations,HR Executive,B.Sc,Full-Time,2026-03-07,0,142184,2.8,11,Active
1877,EMP01877,Employee_01877,32,Male,Delhi,Support,HR Executive,B.Tech,Contract,2025-01-05,0,21335,2.1,3,On Leave
1878,EMP01878,Employee_01878,41,Female,Mumbai,HR,Tester,MCA,Full-Time,2023-12-28,2,71295,2.1,5,Inactive
1879,EMP01879,Employee_01879,42,Male,Kolkata,Admin,Developer,M.Tech,Full-Time,2026-01-26,0,95120,3.3,9,On Leave
1880,EMP01880,Employee_01880,26,Male,Hyderabad,HR,Executive,MBA,Part-Time,2025-04-17,0,126644,4.6,12,On Leave
1881,EMP01881,Employee_01881,22,Female,Mumbai,Finance,Developer,MBA,Part-Time,2021-05-18,4,78535,2.8,4,Inactive
1882,EMP01882,Employee_01882,34,Male,Mumbai,IT,HR Executive,B.Sc,Full-Time,2023-11-05,2,123085,4.5,5,Active
1883,EMP01883,Employee_01883,32,Female,Guntur,Finance,Manager,B.Sc,Full-Time,2023-08-18,2,132344,4.6,2,On Leave
1884,EMP01884,Employee_01884,31,Female,Vijayawada,IT,Tester,MBA,Part-Time,2020-02-02,5,79842,2.6,10,Inactive
1885,EMP01885,Employee_01885,30,Female,Kochi,Sales,HR Executive,B.Com,Full-Time,2024-05-11,1,93647,4.1,5,Active
1886,EMP01886,Employee_01886,38,Male,Chennai,Marketing,Support Engineer,M.Tech,Part-Time,2022-08-07,3,77041,2.9,7,Active
1887,EMP01887,Employee_01887,26,Female,Chennai,Finance,Analyst,B.Tech,Contract,2021-02-20,4,32773,2.0,3,Inactive
1888,EMP01888,Employee_01888,45,Female,Chennai,Support,Tester,MCA,Contract,2022-08-28,3,55535,3.9,7,On Leave
1889,EMP01889,Employee_01889,40,Female,Kolkata,Operations,Manager,B.Sc,Contract,2022-10-06,3,108834,3.7,11,On Leave
1890,EMP01890,Employee_01890,26,Male,Guntur,HR,Support Engineer,MBA,Part-Time,2023-06-04,2,108774,2.4,5,On Leave
1891,EMP01891,Employee_01891,35,Male,Delhi,Marketing,Analyst,B.Com,Part-Time,2020-12-10,5,35448,2.2,0,Inactive
1892,EMP01892,Employee_01892,29,Male,Delhi,Finance,Tester,MBA,Contract,2023-06-12,2,141631,2.7,5,On Leave
1893,EMP01893,Employee_01893,24,Female,Kochi,Admin,Executive,B.Com,Part-Time,2023-04-26,2,138912,2.4,9,On Leave
1894,EMP01894,Employee_01894,22,Male,Pune,Sales,Analyst,MCA,Full-Time,2022-04-12,3,105390,2.7,8,Inactive
1895,EMP01895,Employee_01895,23,Male,Guntur,IT,Accountant,MCA,Contract,2020-12-06,5,70701,2.7,10,Active
1896,EMP01896,Employee_01896,23,Female,Pune,IT,Tester,MCA,Part-Time,2026-03-30,0,110438,4.4,7,Active
1897,EMP01897,Employee_01897,42,Female,Mumbai,Support,Support Engineer,M.Tech,Full-Time,2023-07-18,2,34408,2.9,1,Inactive
1898,EMP01898,Employee_01898,36,Male,Delhi,Support,Accountant,B.Sc,Part-Time,2022-07-16,3,31107,2.3,9,Inactive
1899,EMP01899,Employee_01899,36,Female,Chennai,Support,Analyst,B.Com,Full-Time,2024-04-11,1,40969,4.2,7,Active
1900,EMP01900,Employee_01900,25,Female,Mumbai,Operations,Developer,MCA,Contract,2024-06-10,1,85358,4.7,10,On Leave
1901,EMP01901,Employee_01901,21,Female,Vijayawada,Sales,Developer,MCA,Full-Time,2026-07-27,0,27681,2.3,8,On Leave
1902,EMP01902,Employee_01902,26,Female,Kolkata,Marketing,Tester,B.Sc,Contract,2023-10-26,2,42956,4.1,8,Inactive
1903,EMP01903,Employee_01903,29,Female,Kochi,Operations,Accountant,B.Sc,Contract,2024-05-15,1,95998,3.9,10,Inactive
1904,EMP01904,Employee_01904,31,Male,Kochi,IT,Manager,B.Sc,Full-Time,2025-07-01,0,109364,4.3,2,Inactive
1905,EMP01905,Employee_01905,35,Male,Kochi,Admin,Analyst,MBA,Full-Time,2026-07-19,0,37393,4.5,4,Inactive
1906,EMP01906,Employee_01906,37,Female,Bengaluru,Marketing,Executive,MBA,Part-Time,2026-07-06,0,96446,4.7,4,Active
1907,EMP01907,Employee_01907,33,Male,Hyderabad,Sales,Support Engineer,MBA,Contract,2025-11-12,0,45475,2.2,11,Active
1908,EMP01908,Employee_01908,39,Male,Mumbai,Operations,Developer,B.Tech,Contract,2020-12-01,5,82424,3.8,7,On Leave
1909,EMP01909,Employee_01909,41,Female,Kochi,IT,Support Engineer,B.Com,Full-Time,2026-06-04,0,61758,4.5,7,On Leave
1910,EMP01910,Employee_01910,34,Female,Bengaluru,Operations,Developer,M.Tech,Part-Time,2024-10-07,1,72454,2.7,12,On Leave
1911,EMP01911,Employee_01911,45,Female,Hyderabad,HR,Analyst,MCA,Full-Time,2020-02-18,5,101471,2.6,10,On Leave
1912,EMP01912,Employee_01912,21,Male,Kochi,Admin,Tester,B.Sc,Contract,2020-11-22,5,83174,4.9,8,Inactive
1913,EMP01913,Employee_01913,24,Male,Kolkata,Operations,Analyst,MCA,Contract,2023-12-02,2,81792,4.2,0,Active
1914,EMP01914,Employee_01914,30,Female,Pune,Admin,Executive,MBA,Full-Time,2020-06-23,5,103915,2.2,2,Inactive
1915,EMP01915,Employee_01915,36,Male,Vijayawada,HR,Executive,M.Tech,Part-Time,2025-12-14,0,71907,3.1,6,On Leave
1916,EMP01916,Employee_01916,39,Male,Hyderabad,Operations,Support Engineer,MBA,Full-Time,2024-06-30,1,82315,2.6,3,Inactive
1917,EMP01917,Employee_01917,35,Female,Guntur,Sales,Accountant,MCA,Full-Time,2023-04-10,2,82568,2.3,5,Inactive
1918,EMP01918,Employee_01918,24,Female,Kochi,IT,Manager,MCA,Full-Time,2023-11-21,2,44545,3.1,3,Inactive
1919,EMP01919,Employee_01919,26,Female,Guntur,Support,Developer,B.Com,Full-Time,2025-06-14,0,137782,2.1,2,Inactive
1920,EMP01920,Employee_01920,37,Female,Bengaluru,Support,Analyst,B.Tech,Full-Time,2021-12-26,4,39550,3.1,4,On Leave
1921,EMP01921,Employee_01921,31,Female,Guntur,Marketing,Developer,B.Com,Full-Time,2025-03-06,0,71670,3.0,10,Active
1922,EMP01922,Employee_01922,42,Male,Mumbai,Finance,Accountant,MBA,Full-Time,2022-02-12,3,18320,2.4,3,Inactive
1923,EMP01923,Employee_01923,37,Female,Vijayawada,HR,Executive,MCA,Part-Time,2021-07-04,4,44856,2.8,4,Active
1924,EMP01924,Employee_01924,39,Female,Vijayawada,Support,Tester,M.Tech,Contract,2020-03-29,5,125940,3.7,0,On Leave
1925,EMP01925,Employee_01925,39,Female,Kochi,Admin,Tester,B.Com,Part-Time,2020-01-15,5,63534,2.5,8,Active
1926,EMP01926,Employee_01926,45,Male,Vijayawada,HR,Accountant,B.Com,Full-Time,2022-08-29,3,104153,3.6,7,Active
1927,EMP01927,Employee_01927,38,Female,Mumbai,IT,Executive,B.Com,Full-Time,2024-10-06,1,49409,4.4,12,On Leave
1928,EMP01928,Employee_01928,45,Female,Vijayawada,Operations,Executive,M.Tech,Full-Time,2025-08-25,0,35040,3.5,3,Active
1929,EMP01929,Employee_01929,30,Male,Pune,IT,Developer,MCA,Full-Time,2024-07-15,1,142491,3.3,4,Inactive
1930,EMP01930,Employee_01930,37,Male,Guntur,Finance,Support Engineer,B.Com,Full-Time,2022-03-01,3,127872,4.9,2,Active
1931,EMP01931,Employee_01931,23,Male,Kochi,IT,Support Engineer,MBA,Part-Time,2022-12-09,3,62665,4.6,3,Active
1932,EMP01932,Employee_01932,29,Female,Kochi,Marketing,Analyst,MCA,Full-Time,2020-01-30,5,91268,2.2,0,Active
1933,EMP01933,Employee_01933,32,Male,Hyderabad,Admin,Tester,B.Tech,Contract,2023-01-13,2,80966,4.5,10,Active
1934,EMP01934,Employee_01934,45,Male,Kochi,Admin,Manager,M.Tech,Part-Time,2021-08-13,4,90626,3.6,7,Inactive
1935,EMP01935,Employee_01935,34,Male,Vijayawada,Marketing,Manager,B.Sc,Part-Time,2026-06-10,0,71657,2.5,5,Active
1936,EMP01936,Employee_01936,43,Male,Kolkata,IT,Developer,B.Sc,Part-Time,2022-12-21,3,74094,2.5,1,Inactive
1937,EMP01937,Employee_01937,34,Male,Vijayawada,IT,Manager,MCA,Part-Time,2025-11-23,0,44009,4.1,3,Inactive
1938,EMP01938,Employee_01938,22,Female,Pune,Support,HR Executive,M.Tech,Full-Time,2021-11-26,4,57700,4.3,0,Active
1939,EMP01939,Employee_01939,32,Male,Hyderabad,Operations,Accountant,MBA,Contract,2026-05-28,0,69535,3.2,8,Inactive
1940,EMP01940,Employee_01940,22,Female,Kochi,IT,Developer,MBA,Full-Time,2020-05-02,5,43108,3.5,2,On Leave
1941,EMP01941,Employee_01941,23,Female,Chennai,Finance,Analyst,B.Tech,Full-Time,2025-03-05,0,67678,4.3,0,On Leave
1942,EMP01942,Employee_01942,39,Male,Guntur,Admin,Manager,B.Sc,Full-Time,2024-04-08,1,28815,4.2,7,Active
1943,EMP01943,Employee_01943,31,Male,Vijayawada,HR,Manager,MCA,Full-Time,2022-11-05,3,91224,4.2,12,Inactive
1944,EMP01944,Employee_01944,35,Male,Chennai,Sales,Tester,B.Com,Full-Time,2020-01-26,5,85327,2.9,6,Active
1945,EMP01945,Employee_01945,25,Male,Delhi,Finance,Executive,MCA,Part-Time,2024-01-16,1,42338,3.9,0,Active
1946,EMP01946,Employee_01946,44,Female,Vijayawada,Finance,HR Executive,MCA,Full-Time,2021-08-04,4,22461,3.8,4,Active
1947,EMP01947,Employee_01947,34,Male,Vijayawada,Support,Analyst,M.Tech,Part-Time,2022-01-18,3,110568,2.9,3,On Leave
1948,EMP01948,Employee_01948,44,Male,Mumbai,Operations,Support Engineer,MCA,Contract,2023-05-14,2,24319,4.9,10,Inactive
1949,EMP01949,Employee_01949,33,Male,Delhi,HR,Manager,MBA,Contract,2021-04-03,4,27713,2.4,1,Inactive
1950,EMP01950,Employee_01950,44,Female,Kolkata,Support,Manager,B.Sc,Part-Time,2023-03-15,2,126429,2.8,8,Inactive
1951,EMP01951,Employee_01951,21,Female,Mumbai,IT,Executive,MBA,Contract,2020-08-28,5,149124,3.6,4,On Leave
1952,EMP01952,Employee_01952,39,Female,Kochi,Finance,Analyst,MBA,Part-Time,2020-12-28,5,46714,3.7,7,Active
1953,EMP01953,Employee_01953,33,Male,Pune,Operations,Executive,B.Com,Contract,2020-07-25,5,70848,3.2,11,Inactive
1954,EMP01954,Employee_01954,34,Male,Bengaluru,Sales,HR Executive,B.Com,Part-Time,2025-09-19,0,88888,3.3,0,Inactive
1955,EMP01955,Employee_01955,25,Male,Vijayawada,Finance,Developer,B.Com,Part-Time,2022-02-06,3,20550,2.5,2,Active
1956,EMP01956,Employee_01956,45,Male,Kolkata,Support,Executive,B.Com,Contract,2022-05-02,3,75096,2.0,0,On Leave
1957,EMP01957,Employee_01957,35,Male,Hyderabad,HR,Analyst,B.Com,Full-Time,2024-07-09,1,80723,3.8,9,Inactive
1958,EMP01958,Employee_01958,21,Male,Pune,Finance,Accountant,B.Sc,Part-Time,2020-01-11,5,42207,3.2,12,On Leave
1959,EMP01959,Employee_01959,42,Male,Guntur,IT,Support Engineer,B.Com,Contract,2026-07-11,0,138541,4.2,9,Active
1960,EMP01960,Employee_01960,34,Male,Hyderabad,IT,Developer,MCA,Contract,2026-02-21,0,143836,5.0,6,On Leave
1961,EMP01961,Employee_01961,42,Male,Pune,Admin,Analyst,B.Tech,Contract,2023-02-09,2,75440,2.7,1,Active
1962,EMP01962,Employee_01962,23,Male,Kochi,Marketing,Manager,B.Tech,Full-Time,2023-07-27,2,114830,4.1,5,On Leave
1963,EMP01963,Employee_01963,42,Female,Pune,Marketing,HR Executive,MBA,Full-Time,2022-11-30,3,21155,2.2,3,Inactive
1964,EMP01964,Employee_01964,33,Female,Guntur,Support,Accountant,B.Sc,Contract,2023-08-10,2,83636,2.9,11,Active
1965,EMP01965,Employee_01965,22,Male,Chennai,HR,Manager,B.Sc,Contract,2021-01-26,4,54162,2.8,10,Active
1966,EMP01966,Employee_01966,35,Female,Chennai,IT,Support Engineer,MCA,Full-Time,2025-10-03,0,93755,4.9,2,Inactive
1967,EMP01967,Employee_01967,43,Male,Delhi,Sales,HR Executive,B.Com,Full-Time,2022-12-09,3,103134,4.7,7,Active
1968,EMP01968,Employee_01968,35,Male,Kochi,HR,Manager,MCA,Contract,2023-11-11,2,22560,2.0,1,Inactive
1969,EMP01969,Employee_01969,38,Male,Delhi,Operations,Developer,B.Com,Contract,2021-03-15,4,48459,4.1,1,Inactive
1970,EMP01970,Employee_01970,22,Male,Hyderabad,Marketing,HR Executive,MBA,Full-Time,2021-04-13,4,33946,3.4,2,Active
1971,EMP01971,Employee_01971,25,Male,Hyderabad,HR,Manager,B.Sc,Full-Time,2020-12-15,5,81518,3.6,7,On Leave
1972,EMP01972,Employee_01972,23,Female,Kolkata,Operations,Developer,MBA,Contract,2024-10-15,1,109972,2.3,0,Inactive
1973,EMP01973,Employee_01973,45,Female,Mumbai,Support,Developer,B.Com,Contract,2024-11-17,1,103223,2.7,12,Active
1974,EMP01974,Employee_01974,35,Female,Guntur,IT,Analyst,MCA,Full-Time,2021-08-14,4,127828,5.0,10,Inactive
1975,EMP01975,Employee_01975,21,Male,Mumbai,Admin,Manager,B.Com,Full-Time,2022-08-27,3,113931,3.5,11,Inactive
1976,EMP01976,Employee_01976,34,Male,Chennai,Operations,Analyst,M.Tech,Contract,2026-04-05,0,39777,3.5,6,Active
1977,EMP01977,Employee_01977,42,Female,Guntur,Support,Support Engineer,M.Tech,Part-Time,2025-02-22,0,66043,3.2,0,Active
1978,EMP01978,Employee_01978,29,Female,Guntur,Admin,Tester,MCA,Part-Time,2021-06-16,4,38077,4.9,9,Inactive
1979,EMP01979,Employee_01979,23,Male,Delhi,IT,Developer,MBA,Full-Time,2025-03-28,0,59849,3.7,10,On Leave
1980,EMP01980,Employee_01980,37,Male,Pune,Operations,Tester,B.Sc,Part-Time,2023-05-27,2,144713,5.0,2,Active
1981,EMP01981,Employee_01981,44,Female,Kolkata,Finance,Analyst,B.Sc,Full-Time,2023-06-12,2,127910,4.6,12,Inactive
1982,EMP01982,Employee_01982,29,Male,Hyderabad,Support,Tester,B.Com,Contract,2024-11-07,1,111396,2.5,4,Active
1983,EMP01983,Employee_01983,24,Male,Kolkata,Finance,Accountant,B.Sc,Full-Time,2021-05-21,4,147252,4.3,8,On Leave
1984,EMP01984,Employee_01984,28,Female,Kolkata,Finance,Analyst,MCA,Contract,2024-10-23,1,98405,2.7,10,Inactive
1985,EMP01985,Employee_01985,38,Female,Hyderabad,Operations,Analyst,B.Tech,Full-Time,2024-09-15,1,24081,5.0,6,Active
1986,EMP01986,Employee_01986,26,Female,Bengaluru,Finance,Executive,B.Tech,Full-Time,2021-01-08,4,115273,2.9,10,On Leave
1987,EMP01987,Employee_01987,22,Female,Hyderabad,Sales,Accountant,B.Sc,Full-Time,2024-07-02,1,99515,3.8,8,On Leave
1988,EMP01988,Employee_01988,33,Male,Hyderabad,Sales,Analyst,MCA,Part-Time,2025-08-31,0,31859,5.0,3,On Leave
1989,EMP01989,Employee_01989,23,Male,Pune,Marketing,Accountant,B.Tech,Full-Time,2020-07-21,5,41452,4.4,0,Active
1990,EMP01990,Employee_01990,44,Female,Hyderabad,HR,HR Executive,B.Sc,Part-Time,2025-07-26,0,43926,3.8,7,On Leave
1991,EMP01991,Employee_01991,44,Female,Vijayawada,Operations,Support Engineer,B.Tech,Contract,2020-07-27,5,85730,2.3,10,Active
1992,EMP01992,Employee_01992,27,Male,Bengaluru,IT,Accountant,B.Sc,Contract,2020-11-11,5,132700,3.0,5,On Leave
1993,EMP01993,Employee_01993,37,Female,Kochi,IT,Executive,MBA,Full-Time,2024-12-22,1,18907,3.4,12,Inactive
1994,EMP01994,Employee_01994,34,Male,Kochi,Admin,Manager,B.Sc,Full-Time,2021-03-09,4,25206,3.7,8,On Leave
1995,EMP01995,Employee_01995,29,Male,Vijayawada,Operations,Executive,B.Tech,Part-Time,2024-04-22,1,144123,3.5,1,Inactive
1996,EMP01996,Employee_01996,24,Male,Kolkata,Operations,Support Engineer,MBA,Contract,2026-04-11,0,19828,2.5,4,Active
1997,EMP01997,Employee_01997,26,Male,Chennai,Sales,HR Executive,B.Sc,Full-Time,2020-03-01,5,85343,4.0,4,Active
1998,EMP01998,Employee_01998,39,Female,Kolkata,Operations,Accountant,B.Com,Part-Time,2024-05-19,1,27974,4.4,6,On Leave
1999,EMP01999,Employee_01999,21,Female,Bengaluru,Support,Analyst,B.Sc,Contract,2025-04-17,0,119956,4.4,10,Inactive
2000,EMP02000,Employee_02000,23,Female,Mumbai,Finance,HR Executive,B.Tech,Full-Time,2021-08-04,4,102372,2.2,1,Inactive
2001,EMP02001,Employee_02001,27,Female,Chennai,Marketing,Executive,M.Tech,Contract,2020-02-09,5,69806,3.1,10,On Leave
2002,EMP02002,Employee_02002,40,Female,Kolkata,HR,Executive,B.Tech,Full-Time,2021-04-05,4,76230,3.7,4,Inactive
2003,EMP02003,Employee_02003,44,Male,Hyderabad,Operations,Executive,B.Tech,Full-Time,2021-03-14,4,129433,3.8,12,Active
2004,EMP02004,Employee_02004,23,Female,Mumbai,Support,Executive,B.Sc,Contract,2024-02-17,1,116843,3.4,5,On Leave
2005,EMP02005,Employee_02005,28,Male,Delhi,IT,Analyst,B.Com,Part-Time,2023-09-13,2,99227,3.6,1,Inactive
2006,EMP02006,Employee_02006,45,Female,Bengaluru,Operations,Accountant,B.Sc,Contract,2022-11-29,3,58755,3.5,12,Inactive
2007,EMP02007,Employee_02007,44,Male,Vijayawada,Admin,Support Engineer,B.Tech,Full-Time,2023-08-07,2,47141,2.4,12,Active
2008,EMP02008,Employee_02008,45,Female,Mumbai,Finance,HR Executive,M.Tech,Full-Time,2024-03-04,1,148482,3.5,5,On Leave
2009,EMP02009,Employee_02009,26,Male,Mumbai,Marketing,HR Executive,M.Tech,Part-Time,2025-03-06,0,77528,4.2,0,Inactive
2010,EMP02010,Employee_02010,45,Female,Bengaluru,Admin,Analyst,B.Tech,Part-Time,2024-09-27,1,139261,3.4,0,Active
2011,EMP02011,Employee_02011,37,Female,Vijayawada,Sales,Accountant,M.Tech,Contract,2020-09-07,5,139594,2.4,6,Active
2012,EMP02012,Employee_02012,24,Male,Chennai,Admin,Tester,B.Tech,Part-Time,2022-06-05,3,145579,3.0,3,On Leave
2013,EMP02013,Employee_02013,43,Male,Chennai,Finance,Support Engineer,B.Com,Part-Time,2023-08-21,2,138329,4.0,6,On Leave
2014,EMP02014,Employee_02014,33,Female,Hyderabad,Admin,HR Executive,MBA,Part-Time,2025-12-03,0,56666,4.7,2,Active
2015,EMP02015,Employee_02015,35,Female,Bengaluru,Sales,Support Engineer,B.Sc,Contract,2020-02-12,5,116893,4.0,2,On Leave
2016,EMP02016,Employee_02016,36,Male,Pune,Support,Accountant,MCA,Full-Time,2024-06-30,1,127463,4.1,5,Inactive
2017,EMP02017,Employee_02017,29,Male,Hyderabad,Operations,Support Engineer,B.Sc,Part-Time,2020-05-03,5,121123,3.8,3,Active
2018,EMP02018,Employee_02018,21,Female,Bengaluru,Operations,Accountant,MBA,Part-Time,2023-11-21,2,55955,3.4,9,Active
2019,EMP02019,Employee_02019,27,Female,Kolkata,Admin,Accountant,M.Tech,Part-Time,2023-07-11,2,102323,3.2,0,Inactive
2020,EMP02020,Employee_02020,26,Male,Pune,Marketing,Manager,B.Sc,Part-Time,2022-11-09,3,132382,4.6,9,Active
2021,EMP02021,Employee_02021,44,Male,Hyderabad,Finance,Manager,M.Tech,Full-Time,2024-07-06,1,52141,3.4,3,Inactive
2022,EMP02022,Employee_02022,24,Female,Guntur,HR,Accountant,B.Tech,Part-Time,2021-02-27,4,37663,4.5,5,Active
2023,EMP02023,Employee_02023,45,Female,Bengaluru,Marketing,Tester,MCA,Part-Time,2020-08-22,5,95208,2.5,8,On Leave
2024,EMP02024,Employee_02024,28,Female,Kochi,IT,Executive,MCA,Full-Time,2026-03-16,0,26488,3.1,1,Active
2025,EMP02025,Employee_02025,26,Male,Bengaluru,Marketing,Manager,M.Tech,Part-Time,2020-05-01,5,126320,5.0,9,Inactive
2026,EMP02026,Employee_02026,23,Male,Vijayawada,Admin,Developer,B.Sc,Full-Time,2025-07-22,0,33872,3.3,0,Inactive
2027,EMP02027,Employee_02027,35,Male,Hyderabad,Marketing,Executive,B.Sc,Full-Time,2022-03-05,3,28312,4.7,10,Inactive
2028,EMP02028,Employee_02028,26,Male,Bengaluru,Admin,Manager,MCA,Part-Time,2025-02-22,0,84533,4.8,6,Inactive
2029,EMP02029,Employee_02029,28,Male,Guntur,Operations,Tester,B.Tech,Full-Time,2024-11-09,1,19397,3.6,9,Inactive
2030,EMP02030,Employee_02030,31,Male,Chennai,Admin,Manager,MBA,Full-Time,2026-03-02,0,46501,4.1,3,On Leave
2031,EMP02031,Employee_02031,26,Female,Hyderabad,Marketing,HR Executive,B.Tech,Full-Time,2020-12-22,5,48899,4.5,3,Inactive
2032,EMP02032,Employee_02032,35,Female,Chennai,Marketing,Support Engineer,B.Sc,Contract,2024-09-15,1,121581,3.9,2,Inactive
2033,EMP02033,Employee_02033,40,Male,Kolkata,Support,Tester,B.Tech,Part-Time,2022-12-20,3,115946,2.1,11,On Leave
2034,EMP02034,Employee_02034,32,Male,Hyderabad,IT,Analyst,MCA,Full-Time,2025-07-21,0,126208,4.5,0,On Leave
2035,EMP02035,Employee_02035,26,Female,Pune,IT,Tester,B.Com,Contract,2020-07-09,5,66803,4.3,5,On Leave
2036,EMP02036,Employee_02036,39,Female,Pune,Sales,Executive,B.Sc,Full-Time,2020-05-21,5,77027,2.5,2,Active
2037,EMP02037,Employee_02037,32,Female,Delhi,Operations,Developer,B.Tech,Contract,2022-09-29,3,35625,2.1,12,On Leave
2038,EMP02038,Employee_02038,31,Male,Pune,Support,Tester,M.Tech,Full-Time,2022-07-15,3,92364,3.0,11,On Leave
2039,EMP02039,Employee_02039,45,Female,Pune,Support,Manager,MCA,Part-Time,2022-03-04,3,82383,2.6,2,Active
2040,EMP02040,Employee_02040,38,Male,Bengaluru,Finance,Tester,B.Com,Full-Time,2020-01-30,5,24986,3.0,11,Active
2041,EMP02041,Employee_02041,22,Female,Delhi,Finance,Developer,B.Tech,Full-Time,2026-07-02,0,134478,4.3,12,Active
2042,EMP02042,Employee_02042,33,Female,Kochi,Operations,Tester,B.Sc,Full-Time,2025-07-26,0,69927,2.2,7,Active
2043,EMP02043,Employee_02043,26,Male,Vijayawada,Operations,Analyst,MCA,Full-Time,2024-04-21,1,88307,3.9,9,Active
2044,EMP02044,Employee_02044,35,Female,Delhi,Sales,HR Executive,B.Sc,Part-Time,2024-06-08,1,37926,4.1,1,Inactive
2045,EMP02045,Employee_02045,31,Female,Mumbai,Support,Analyst,B.Sc,Contract,2025-04-23,0,57621,4.0,8,Active
2046,EMP02046,Employee_02046,24,Male,Hyderabad,Finance,Tester,B.Com,Full-Time,2024-10-09,1,135589,4.4,3,Inactive
2047,EMP02047,Employee_02047,27,Female,Pune,Operations,Support Engineer,B.Tech,Part-Time,2020-09-07,5,61572,4.1,1,Active
2048,EMP02048,Employee_02048,27,Male,Mumbai,Sales,Developer,MCA,Part-Time,2023-01-14,2,54588,2.3,10,Inactive
2049,EMP02049,Employee_02049,41,Male,Delhi,Marketing,Manager,B.Sc,Full-Time,2025-03-03,0,54610,2.8,9,On Leave
2050,EMP02050,Employee_02050,28,Female,Kolkata,HR,Manager,M.Tech,Full-Time,2026-02-11,0,84682,3.9,10,Inactive
2051,EMP02051,Employee_02051,36,Female,Kochi,Sales,Executive,B.Sc,Full-Time,2026-02-01,0,147142,2.1,7,On Leave
2052,EMP02052,Employee_02052,34,Male,Chennai,Operations,Accountant,M.Tech,Contract,2026-04-05,0,110875,2.3,9,On Leave
2053,EMP02053,Employee_02053,34,Female,Kolkata,Operations,Executive,M.Tech,Contract,2023-04-02,2,90073,2.2,8,Active
2054,EMP02054,Employee_02054,43,Male,Guntur,Finance,Developer,M.Tech,Contract,2023-08-06,2,132620,4.1,7,Inactive
2055,EMP02055,Employee_02055,36,Male,Delhi,Marketing,Executive,M.Tech,Part-Time,2024-06-17,1,50854,4.0,12,On Leave
2056,EMP02056,Employee_02056,23,Male,Chennai,Operations,Developer,B.Tech,Contract,2024-03-08,1,120705,2.5,2,Active
2057,EMP02057,Employee_02057,44,Female,Chennai,Support,Executive,MCA,Part-Time,2023-12-15,2,124360,2.5,4,Active
2058,EMP02058,Employee_02058,23,Female,Bengaluru,Marketing,Manager,MCA,Full-Time,2020-02-22,5,62440,4.4,3,Active
2059,EMP02059,Employee_02059,33,Male,Chennai,Support,HR Executive,B.Tech,Part-Time,2024-09-06,1,62627,4.5,7,Inactive
2060,EMP02060,Employee_02060,39,Male,Vijayawada,Marketing,Developer,B.Tech,Contract,2020-08-03,5,112714,3.3,2,Active
2061,EMP02061,Employee_02061,22,Female,Pune,Finance,Manager,B.Sc,Part-Time,2020-11-02,5,40125,3.7,3,Inactive
2062,EMP02062,Employee_02062,23,Male,Guntur,IT,Manager,MBA,Part-Time,2021-01-18,4,76246,3.1,0,On Leave
2063,EMP02063,Employee_02063,31,Female,Hyderabad,Admin,HR Executive,B.Sc,Part-Time,2020-06-01,5,122850,2.8,1,Inactive
2064,EMP02064,Employee_02064,43,Female,Pune,Admin,Manager,B.Sc,Part-Time,2022-06-13,3,110795,2.0,9,Inactive
2065,EMP02065,Employee_02065,35,Male,Pune,Sales,HR Executive,B.Tech,Full-Time,2021-01-04,4,129571,4.0,3,On Leave
2066,EMP02066,Employee_02066,30,Male,Pune,HR,HR Executive,B.Com,Part-Time,2022-11-26,3,42419,4.9,4,Inactive
2067,EMP02067,Employee_02067,44,Female,Guntur,Operations,Accountant,MBA,Full-Time,2021-04-21,4,69544,3.4,7,Inactive
2068,EMP02068,Employee_02068,29,Female,Guntur,HR,Accountant,B.Com,Part-Time,2022-05-03,3,94629,2.5,0,Active
2069,EMP02069,Employee_02069,38,Female,Kochi,Sales,Manager,B.Com,Contract,2025-09-26,0,133705,2.1,1,Active
2070,EMP02070,Employee_02070,26,Female,Mumbai,Marketing,Analyst,MBA,Full-Time,2020-06-17,5,93243,3.7,7,Active
2071,EMP02071,Employee_02071,32,Male,Kolkata,Support,Tester,MBA,Contract,2023-01-05,2,130302,4.3,12,Active
2072,EMP02072,Employee_02072,32,Male,Guntur,Finance,HR Executive,MCA,Contract,2021-11-08,4,94918,4.3,5,Active
2073,EMP02073,Employee_02073,43,Female,Mumbai,HR,Developer,B.Tech,Contract,2023-02-24,2,140581,2.5,8,Inactive
2074,EMP02074,Employee_02074,37,Female,Mumbai,Finance,Analyst,MBA,Contract,2022-07-19,3,106399,3.9,5,Inactive
2075,EMP02075,Employee_02075,31,Male,Vijayawada,HR,Tester,M.Tech,Part-Time,2022-08-18,3,22195,4.5,0,Active
2076,EMP02076,Employee_02076,36,Male,Vijayawada,Marketing,Tester,B.Sc,Part-Time,2023-06-02,2,125627,4.2,4,Active
2077,EMP02077,Employee_02077,44,Female,Delhi,Support,Tester,MBA,Part-Time,2024-06-10,1,116350,2.2,12,Active
2078,EMP02078,Employee_02078,45,Male,Delhi,Marketing,Analyst,MCA,Part-Time,2024-05-07,1,79299,3.2,12,On Leave
2079,EMP02079,Employee_02079,22,Male,Kochi,HR,Developer,MCA,Part-Time,2026-05-28,0,33678,2.4,7,Inactive
2080,EMP02080,Employee_02080,43,Female,Hyderabad,Marketing,Executive,B.Com,Part-Time,2020-06-16,5,137124,3.9,8,Inactive
2081,EMP02081,Employee_02081,31,Female,Mumbai,Support,Executive,B.Sc,Full-Time,2020-05-16,5,27569,2.7,3,Inactive
2082,EMP02082,Employee_02082,41,Female,Vijayawada,HR,Manager,B.Sc,Contract,2025-06-01,0,133351,4.0,0,Active
2083,EMP02083,Employee_02083,34,Female,Bengaluru,IT,Accountant,MCA,Contract,2024-09-18,1,142616,4.7,10,On Leave
2084,EMP02084,Employee_02084,31,Male,Guntur,Admin,Executive,MCA,Part-Time,2024-10-30,1,75155,3.5,5,Active
2085,EMP02085,Employee_02085,42,Female,Guntur,IT,Support Engineer,M.Tech,Part-Time,2023-06-01,2,62344,4.1,11,Active
2086,EMP02086,Employee_02086,39,Female,Hyderabad,Marketing,HR Executive,M.Tech,Full-Time,2023-05-24,2,54189,2.4,1,On Leave
2087,EMP02087,Employee_02087,42,Male,Chennai,IT,Analyst,MBA,Full-Time,2024-07-02,1,134072,2.1,6,On Leave
2088,EMP02088,Employee_02088,36,Male,Kolkata,HR,Manager,MBA,Full-Time,2020-03-01,5,68241,4.8,9,On Leave
2089,EMP02089,Employee_02089,34,Male,Pune,Admin,Analyst,MBA,Contract,2021-09-22,4,102635,4.9,12,Active
2090,EMP02090,Employee_02090,34,Female,Kochi,Marketing,Manager,B.Tech,Full-Time,2025-12-26,0,98730,3.8,2,On Leave
2091,EMP02091,Employee_02091,42,Male,Delhi,Marketing,Developer,B.Tech,Part-Time,2026-01-02,0,79451,4.9,1,Inactive
2092,EMP02092,Employee_02092,40,Male,Bengaluru,Operations,Accountant,B.Sc,Full-Time,2026-05-05,0,127719,3.3,6,Inactive
2093,EMP02093,Employee_02093,40,Male,Kolkata,Marketing,Executive,B.Tech,Contract,2022-11-24,3,60573,4.9,4,Active
2094,EMP02094,Employee_02094,35,Male,Guntur,Support,Tester,M.Tech,Full-Time,2020-11-04,5,47267,3.2,8,On Leave
2095,EMP02095,Employee_02095,31,Female,Kochi,Finance,Analyst,B.Com,Full-Time,2021-04-11,4,31580,2.3,10,Active
2096,EMP02096,Employee_02096,45,Male,Guntur,Marketing,Developer,MBA,Full-Time,2025-01-12,0,30158,2.3,0,Active
2097,EMP02097,Employee_02097,37,Female,Chennai,Support,Manager,MCA,Full-Time,2020-05-07,5,26243,3.6,1,On Leave
2098,EMP02098,Employee_02098,38,Female,Mumbai,Operations,Developer,M.Tech,Full-Time,2024-08-25,1,63574,4.0,12,Inactive
2099,EMP02099,Employee_02099,37,Female,Mumbai,HR,Analyst,MBA,Contract,2021-08-26,4,106835,4.9,2,Active
2100,EMP02100,Employee_02100,39,Male,Chennai,Admin,HR Executive,MBA,Full-Time,2024-09-28,1,47447,4.2,6,Active
2101,EMP02101,Employee_02101,22,Male,Vijayawada,IT,Manager,MBA,Full-Time,2026-04-02,0,52988,4.5,3,On Leave
2102,EMP02102,Employee_02102,29,Female,Chennai,Marketing,Support Engineer,MCA,Contract,2022-12-19,3,88601,2.7,12,Inactive
2103,EMP02103,Employee_02103,23,Female,Chennai,Marketing,Manager,M.Tech,Part-Time,2020-01-25,5,64830,2.0,11,Active
2104,EMP02104,Employee_02104,40,Male,Vijayawada,Operations,Executive,B.Tech,Full-Time,2024-07-28,1,22867,3.8,2,On Leave
2105,EMP02105,Employee_02105,39,Male,Pune,Support,Accountant,B.Tech,Full-Time,2022-12-26,3,136318,3.2,11,Inactive
2106,EMP02106,Employee_02106,33,Female,Hyderabad,Operations,Support Engineer,B.Sc,Contract,2022-09-19,3,101426,2.4,12,Inactive
2107,EMP02107,Employee_02107,37,Female,Mumbai,IT,Executive,MBA,Contract,2022-11-13,3,38751,4.1,7,Inactive
2108,EMP02108,Employee_02108,38,Female,Vijayawada,Sales,Support Engineer,B.Com,Contract,2025-09-20,0,56501,2.4,11,Inactive
2109,EMP02109,Employee_02109,25,Female,Hyderabad,Support,HR Executive,MBA,Contract,2024-08-10,1,69795,4.9,3,On Leave
2110,EMP02110,Employee_02110,34,Female,Kochi,Marketing,Accountant,M.Tech,Full-Time,2025-12-06,0,92371,3.8,2,Active
2111,EMP02111,Employee_02111,29,Male,Chennai,Support,Manager,B.Tech,Part-Time,2020-07-25,5,66757,3.8,6,Inactive
2112,EMP02112,Employee_02112,23,Female,Chennai,Sales,Support Engineer,MBA,Contract,2024-06-18,1,136936,4.8,9,On Leave
2113,EMP02113,Employee_02113,39,Female,Guntur,Admin,Accountant,MBA,Contract,2021-09-24,4,82998,2.6,12,Active
2114,EMP02114,Employee_02114,45,Male,Mumbai,Finance,Developer,MCA,Part-Time,2024-03-04,1,131725,2.0,1,On Leave
2115,EMP02115,Employee_02115,24,Male,Kochi,HR,Manager,B.Sc,Part-Time,2022-10-08,3,103818,2.6,8,Active
2116,EMP02116,Employee_02116,21,Female,Guntur,Finance,Analyst,B.Com,Contract,2020-04-30,5,35432,2.9,0,On Leave
2117,EMP02117,Employee_02117,22,Male,Pune,Marketing,Analyst,B.Tech,Full-Time,2022-07-18,3,92512,4.2,9,On Leave
2118,EMP02118,Employee_02118,36,Female,Chennai,IT,HR Executive,M.Tech,Part-Time,2026-06-12,0,102252,2.5,10,On Leave
2119,EMP02119,Employee_02119,30,Male,Mumbai,IT,Support Engineer,MCA,Contract,2024-04-20,1,59882,4.2,10,On Leave
2120,EMP02120,Employee_02120,22,Male,Kochi,Admin,HR Executive,MBA,Contract,2021-09-11,4,65880,2.7,3,Active
2121,EMP02121,Employee_02121,38,Male,Delhi,Support,Manager,B.Tech,Full-Time,2022-12-05,3,123035,2.4,9,Inactive
2122,EMP02122,Employee_02122,28,Female,Bengaluru,Support,Support Engineer,MBA,Full-Time,2024-02-01,1,18728,3.3,6,On Leave
2123,EMP02123,Employee_02123,21,Female,Mumbai,HR,Manager,B.Com,Full-Time,2023-04-04,2,99165,2.7,4,Active
2124,EMP02124,Employee_02124,36,Male,Hyderabad,Admin,Accountant,MBA,Full-Time,2022-03-06,3,100771,4.6,1,On Leave
2125,EMP02125,Employee_02125,23,Male,Pune,Support,Analyst,MCA,Contract,2021-11-25,4,148109,5.0,5,Active
2126,EMP02126,Employee_02126,25,Male,Kochi,Sales,Accountant,B.Sc,Full-Time,2020-07-03,5,105431,4.5,11,Inactive
2127,EMP02127,Employee_02127,27,Female,Mumbai,Marketing,Accountant,B.Com,Contract,2020-06-14,5,96189,4.2,12,On Leave
2128,EMP02128,Employee_02128,45,Female,Kolkata,Support,Manager,B.Sc,Part-Time,2020-01-01,6,89023,3.5,0,Active
2129,EMP02129,Employee_02129,43,Male,Vijayawada,IT,Support Engineer,B.Tech,Part-Time,2020-01-22,5,141321,3.2,1,On Leave
2130,EMP02130,Employee_02130,42,Female,Bengaluru,Marketing,Support Engineer,MBA,Full-Time,2022-09-05,3,61636,4.6,9,Inactive
2131,EMP02131,Employee_02131,40,Male,Delhi,Operations,Analyst,M.Tech,Contract,2020-05-31,5,37234,3.7,5,Active
2132,EMP02132,Employee_02132,35,Female,Delhi,Sales,Analyst,MBA,Full-Time,2023-08-07,2,86307,2.8,12,On Leave
2133,EMP02133,Employee_02133,36,Male,Hyderabad,Marketing,Support Engineer,B.Com,Full-Time,2025-07-07,0,18705,2.2,0,On Leave
2134,EMP02134,Employee_02134,21,Male,Chennai,HR,Developer,M.Tech,Full-Time,2023-02-05,2,83180,3.8,12,On Leave
2135,EMP02135,Employee_02135,33,Male,Pune,Operations,HR Executive,M.Tech,Part-Time,2024-04-16,1,60026,4.3,11,On Leave
2136,EMP02136,Employee_02136,42,Male,Guntur,Operations,Manager,MCA,Contract,2020-03-27,5,134605,3.6,0,Inactive
2137,EMP02137,Employee_02137,33,Male,Pune,Sales,Support Engineer,M.Tech,Part-Time,2021-01-05,4,92051,4.1,11,Active
2138,EMP02138,Employee_02138,22,Female,Mumbai,IT,Developer,MBA,Part-Time,2022-03-30,3,67774,3.8,7,Active
2139,EMP02139,Employee_02139,44,Male,Hyderabad,HR,Analyst,MCA,Contract,2025-09-01,0,144607,5.0,0,On Leave
2140,EMP02140,Employee_02140,28,Male,Guntur,Support,Analyst,B.Tech,Part-Time,2023-03-01,2,38672,2.3,10,On Leave
2141,EMP02141,Employee_02141,38,Male,Guntur,Sales,Manager,M.Tech,Full-Time,2023-02-03,2,106736,3.7,5,Active
2142,EMP02142,Employee_02142,22,Male,Chennai,IT,Support Engineer,B.Sc,Contract,2024-07-09,1,95402,5.0,12,Inactive
2143,EMP02143,Employee_02143,36,Female,Mumbai,Admin,Developer,MCA,Contract,2020-01-29,5,143149,4.9,5,On Leave
2144,EMP02144,Employee_02144,41,Male,Mumbai,Support,Analyst,MCA,Contract,2021-07-17,4,69560,2.2,12,Inactive
2145,EMP02145,Employee_02145,39,Female,Guntur,Support,Manager,MBA,Full-Time,2022-09-25,3,89381,3.3,12,Active
2146,EMP02146,Employee_02146,43,Male,Hyderabad,Finance,HR Executive,B.Tech,Contract,2023-08-31,2,116546,4.8,5,On Leave
2147,EMP02147,Employee_02147,21,Female,Hyderabad,Sales,HR Executive,MCA,Part-Time,2023-05-18,2,52010,3.1,8,Active
2148,EMP02148,Employee_02148,22,Female,Pune,Support,Developer,B.Com,Full-Time,2023-09-16,2,121119,2.7,6,Active
2149,EMP02149,Employee_02149,41,Female,Hyderabad,HR,Developer,B.Sc,Contract,2025-12-14,0,40997,3.9,6,Active
2150,EMP02150,Employee_02150,26,Male,Chennai,Operations,Manager,B.Tech,Contract,2021-04-29,4,33388,4.4,3,Inactive
2151,EMP02151,Employee_02151,26,Female,Kochi,Admin,Support Engineer,B.Sc,Full-Time,2023-10-20,2,70436,4.3,7,On Leave
2152,EMP02152,Employee_02152,33,Female,Hyderabad,Finance,Accountant,B.Com,Part-Time,2022-02-03,3,28920,2.1,11,Inactive
2153,EMP02153,Employee_02153,29,Male,Hyderabad,Operations,Tester,M.Tech,Contract,2023-08-10,2,89658,4.9,9,On Leave
2154,EMP02154,Employee_02154,43,Male,Bengaluru,IT,Analyst,M.Tech,Contract,2023-02-27,2,92793,4.8,3,On Leave
2155,EMP02155,Employee_02155,32,Female,Delhi,Support,HR Executive,B.Sc,Full-Time,2024-05-13,1,109852,3.6,4,On Leave
2156,EMP02156,Employee_02156,25,Male,Delhi,Support,HR Executive,B.Tech,Full-Time,2024-02-28,1,50334,3.5,7,Inactive
2157,EMP02157,Employee_02157,34,Male,Vijayawada,IT,Tester,MBA,Contract,2021-02-24,4,54579,2.9,6,Active
2158,EMP02158,Employee_02158,33,Male,Delhi,Operations,Developer,B.Tech,Part-Time,2024-09-22,1,22203,2.4,5,Active
2159,EMP02159,Employee_02159,23,Male,Guntur,Admin,Analyst,B.Com,Part-Time,2020-01-18,5,133662,2.7,11,Active
2160,EMP02160,Employee_02160,37,Male,Chennai,Marketing,Tester,B.Tech,Full-Time,2023-11-21,2,133353,3.7,5,Active
2161,EMP02161,Employee_02161,30,Female,Mumbai,Operations,Executive,B.Tech,Contract,2023-08-29,2,133956,3.7,0,Inactive
2162,EMP02162,Employee_02162,39,Male,Kochi,HR,HR Executive,MBA,Contract,2025-03-30,0,32264,3.0,7,Inactive
2163,EMP02163,Employee_02163,39,Male,Kolkata,Sales,Executive,B.Com,Contract,2024-07-15,1,74310,3.3,6,On Leave
2164,EMP02164,Employee_02164,29,Female,Vijayawada,IT,Manager,B.Sc,Contract,2025-07-20,0,138587,3.2,0,On Leave
2165,EMP02165,Employee_02165,36,Male,Bengaluru,Finance,Manager,B.Tech,Contract,2025-05-12,0,41252,3.6,3,Inactive
2166,EMP02166,Employee_02166,36,Female,Pune,Finance,Executive,MCA,Part-Time,2024-11-06,1,81411,2.7,2,Inactive
2167,EMP02167,Employee_02167,22,Female,Pune,Finance,HR Executive,MBA,Part-Time,2022-11-27,3,66770,4.6,2,On Leave
2168,EMP02168,Employee_02168,29,Male,Pune,Operations,Manager,B.Tech,Full-Time,2022-02-04,3,61342,3.3,3,Active
2169,EMP02169,Employee_02169,21,Male,Guntur,Sales,Executive,B.Sc,Contract,2022-01-16,3,42620,2.8,0,Inactive
2170,EMP02170,Employee_02170,25,Male,Kochi,Finance,Developer,M.Tech,Part-Time,2023-04-16,2,73684,4.9,7,Inactive
2171,EMP02171,Employee_02171,23,Female,Chennai,Support,Developer,MBA,Part-Time,2023-08-08,2,104050,4.5,11,Inactive
2172,EMP02172,Employee_02172,43,Male,Hyderabad,IT,HR Executive,B.Com,Full-Time,2026-05-17,0,36203,2.6,3,Active
2173,EMP02173,Employee_02173,26,Male,Chennai,Admin,Accountant,MBA,Part-Time,2021-09-25,4,131376,5.0,11,Active
2174,EMP02174,Employee_02174,23,Male,Guntur,Support,Tester,M.Tech,Part-Time,2022-04-14,3,126571,4.7,8,Active
2175,EMP02175,Employee_02175,21,Male,Guntur,IT,Support Engineer,MCA,Part-Time,2024-12-19,1,72351,3.7,0,Active
2176,EMP02176,Employee_02176,30,Male,Vijayawada,Marketing,Developer,B.Sc,Part-Time,2025-08-24,0,53460,3.9,1,Inactive
2177,EMP02177,Employee_02177,42,Female,Kolkata,Finance,HR Executive,MBA,Part-Time,2020-03-16,5,131856,3.4,12,Active
2178,EMP02178,Employee_02178,39,Male,Hyderabad,IT,Executive,M.Tech,Part-Time,2024-02-29,1,18634,4.5,6,Active
2179,EMP02179,Employee_02179,42,Female,Mumbai,Support,Analyst,B.Com,Contract,2025-09-13,0,111540,3.9,12,Inactive
2180,EMP02180,Employee_02180,31,Male,Kolkata,Sales,Accountant,M.Tech,Contract,2022-12-30,3,145323,3.9,3,On Leave
2181,EMP02181,Employee_02181,40,Female,Hyderabad,Operations,Support Engineer,B.Tech,Part-Time,2023-02-11,2,38286,2.8,11,On Leave
2182,EMP02182,Employee_02182,25,Female,Pune,Finance,Manager,M.Tech,Full-Time,2022-04-30,3,127299,4.3,6,On Leave
2183,EMP02183,Employee_02183,33,Male,Bengaluru,Operations,Tester,MCA,Part-Time,2022-11-19,3,44589,2.4,2,Active
2184,EMP02184,Employee_02184,21,Female,Guntur,Finance,Manager,B.Sc,Contract,2022-10-27,3,19070,4.1,2,On Leave
2185,EMP02185,Employee_02185,36,Male,Delhi,Support,Accountant,M.Tech,Contract,2023-05-30,2,96688,2.5,10,On Leave
2186,EMP02186,Employee_02186,23,Male,Vijayawada,Admin,Developer,B.Com,Contract,2025-07-06,0,149383,3.6,2,On Leave
2187,EMP02187,Employee_02187,23,Male,Pune,Marketing,Support Engineer,MBA,Part-Time,2023-04-03,2,119694,3.6,6,Inactive
2188,EMP02188,Employee_02188,40,Female,Kolkata,Support,Accountant,MCA,Part-Time,2026-06-13,0,89045,3.2,12,On Leave
2189,EMP02189,Employee_02189,27,Female,Chennai,Sales,HR Executive,B.Tech,Full-Time,2024-05-03,1,81292,4.9,9,On Leave
2190,EMP02190,Employee_02190,39,Female,Chennai,IT,Analyst,MBA,Part-Time,2020-08-31,5,54885,3.3,6,Inactive
2191,EMP02191,Employee_02191,44,Female,Delhi,Admin,HR Executive,B.Com,Part-Time,2023-07-29,2,135864,4.1,6,Inactive
2192,EMP02192,Employee_02192,32,Female,Vijayawada,Support,Tester,B.Tech,Full-Time,2025-07-14,0,44181,5.0,2,Active
2193,EMP02193,Employee_02193,37,Female,Kolkata,Finance,Tester,M.Tech,Full-Time,2024-05-01,1,135023,3.0,12,Inactive
2194,EMP02194,Employee_02194,34,Male,Chennai,Finance,Tester,B.Com,Part-Time,2020-10-19,5,118300,3.1,5,Active
2195,EMP02195,Employee_02195,39,Male,Pune,Sales,HR Executive,MCA,Part-Time,2025-09-29,0,141813,4.8,0,Active
2196,EMP02196,Employee_02196,45,Male,Bengaluru,Admin,Developer,B.Sc,Part-Time,2025-09-30,0,79179,4.5,7,Active
2197,EMP02197,Employee_02197,40,Male,Pune,Support,Developer,B.Sc,Full-Time,2020-07-05,5,96197,4.4,4,On Leave
2198,EMP02198,Employee_02198,44,Male,Hyderabad,Marketing,Analyst,B.Sc,Part-Time,2023-09-25,2,30716,3.6,11,On Leave
2199,EMP02199,Employee_02199,21,Female,Kochi,Admin,Accountant,B.Sc,Part-Time,2026-06-27,0,131576,3.9,9,Inactive
2200,EMP02200,Employee_02200,38,Female,Kochi,Marketing,Developer,B.Com,Part-Time,2021-09-18,4,88444,2.3,5,Active
2201,EMP02201,Employee_02201,27,Female,Mumbai,IT,Support Engineer,MBA,Contract,2025-03-15,0,110782,4.3,6,On Leave
2202,EMP02202,Employee_02202,39,Male,Chennai,Support,Developer,B.Sc,Contract,2022-07-01,3,83854,4.0,5,On Leave
2203,EMP02203,Employee_02203,29,Male,Pune,HR,Support Engineer,MCA,Contract,2022-10-24,3,56571,4.0,12,Active
2204,EMP02204,Employee_02204,37,Female,Pune,Marketing,Manager,B.Tech,Full-Time,2023-09-22,2,91496,3.8,0,Active
2205,EMP02205,Employee_02205,44,Female,Kolkata,Support,Accountant,B.Com,Contract,2026-04-27,0,133348,4.0,7,Inactive
2206,EMP02206,Employee_02206,42,Female,Kolkata,Finance,Executive,B.Tech,Contract,2021-04-10,4,98940,2.2,6,On Leave
2207,EMP02207,Employee_02207,40,Female,Kolkata,Marketing,Analyst,MCA,Part-Time,2021-06-12,4,101886,4.4,8,Active
2208,EMP02208,Employee_02208,41,Male,Delhi,Support,Tester,B.Sc,Part-Time,2022-09-29,3,75614,2.5,6,Inactive
2209,EMP02209,Employee_02209,30,Male,Hyderabad,Support,HR Executive,B.Sc,Contract,2025-05-22,0,72994,2.3,7,Active
2210,EMP02210,Employee_02210,32,Male,Vijayawada,Finance,Tester,B.Sc,Part-Time,2020-12-20,5,42188,4.9,8,Inactive
2211,EMP02211,Employee_02211,39,Male,Guntur,Finance,Executive,B.Sc,Part-Time,2023-10-24,2,99896,3.2,8,On Leave
2212,EMP02212,Employee_02212,28,Male,Chennai,Finance,Executive,MBA,Contract,2021-08-14,4,142192,2.4,9,On Leave
2213,EMP02213,Employee_02213,22,Female,Hyderabad,Marketing,Accountant,MBA,Contract,2020-08-19,5,130305,2.9,4,Inactive
2214,EMP02214,Employee_02214,23,Female,Pune,HR,Developer,MBA,Contract,2022-11-28,3,134698,3.3,5,Active
2215,EMP02215,Employee_02215,37,Female,Vijayawada,IT,Tester,B.Com,Contract,2025-03-10,0,35382,3.1,1,On Leave
2216,EMP02216,Employee_02216,26,Female,Kolkata,Admin,HR Executive,B.Sc,Contract,2024-05-18,1,124164,4.5,3,Active
2217,EMP02217,Employee_02217,21,Male,Kochi,Support,Analyst,B.Sc,Full-Time,2021-09-29,4,143563,3.2,2,On Leave
2218,EMP02218,Employee_02218,41,Male,Chennai,Support,Analyst,MCA,Full-Time,2020-04-24,5,105487,4.2,8,Active
2219,EMP02219,Employee_02219,21,Male,Bengaluru,IT,Accountant,MCA,Full-Time,2025-06-23,0,123326,3.2,12,Active
2220,EMP02220,Employee_02220,45,Female,Kolkata,Sales,Executive,B.Com,Contract,2025-05-24,0,56465,3.8,2,On Leave
2221,EMP02221,Employee_02221,42,Male,Pune,Operations,Developer,MBA,Part-Time,2024-11-23,1,97636,3.8,7,Inactive
2222,EMP02222,Employee_02222,37,Male,Pune,Operations,Support Engineer,M.Tech,Part-Time,2025-02-28,0,126466,4.6,12,Active
2223,EMP02223,Employee_02223,35,Male,Pune,HR,Support Engineer,B.Com,Part-Time,2025-06-17,0,79898,4.2,12,On Leave
2224,EMP02224,Employee_02224,42,Female,Chennai,HR,Accountant,MCA,Contract,2020-06-23,5,101438,3.3,0,On Leave
2225,EMP02225,Employee_02225,37,Female,Hyderabad,Marketing,Support Engineer,MCA,Contract,2022-06-30,3,89787,4.1,4,Active
2226,EMP02226,Employee_02226,23,Male,Bengaluru,Finance,Executive,M.Tech,Part-Time,2021-03-04,4,99622,2.2,7,Active
2227,EMP02227,Employee_02227,33,Female,Kolkata,HR,Developer,MCA,Contract,2022-03-23,3,134383,2.3,10,Inactive
2228,EMP02228,Employee_02228,40,Male,Mumbai,Marketing,Support Engineer,MBA,Contract,2025-01-18,0,135023,3.6,2,Inactive
2229,EMP02229,Employee_02229,34,Male,Pune,Support,HR Executive,B.Com,Full-Time,2022-12-14,3,142001,3.7,4,Active
2230,EMP02230,Employee_02230,27,Male,Vijayawada,Sales,Analyst,B.Com,Contract,2024-11-04,1,53314,3.8,7,Inactive
2231,EMP02231,Employee_02231,35,Male,Vijayawada,Sales,Analyst,MCA,Part-Time,2024-02-08,1,59986,3.8,11,On Leave
2232,EMP02232,Employee_02232,43,Female,Kolkata,Operations,Tester,M.Tech,Full-Time,2022-05-03,3,27894,2.4,1,Active
2233,EMP02233,Employee_02233,26,Female,Bengaluru,Operations,Tester,MCA,Full-Time,2022-07-17,3,96665,2.3,11,On Leave
2234,EMP02234,Employee_02234,33,Female,Mumbai,Support,Accountant,M.Tech,Part-Time,2024-11-07,1,24282,4.8,3,Inactive
2235,EMP02235,Employee_02235,44,Female,Kolkata,Marketing,Analyst,M.Tech,Part-Time,2021-12-24,4,50068,3.0,10,Inactive
2236,EMP02236,Employee_02236,34,Male,Chennai,Finance,Analyst,MCA,Contract,2021-04-15,4,34683,3.3,5,Active
2237,EMP02237,Employee_02237,39,Male,Pune,Marketing,Tester,M.Tech,Part-Time,2024-07-14,1,36823,3.9,4,Inactive
2238,EMP02238,Employee_02238,43,Female,Vijayawada,Marketing,Developer,M.Tech,Full-Time,2020-08-27,5,84884,4.5,3,On Leave
2239,EMP02239,Employee_02239,38,Male,Pune,IT,Manager,MBA,Contract,2021-05-28,4,124186,2.9,10,Inactive
2240,EMP02240,Employee_02240,39,Male,Kolkata,Sales,HR Executive,MBA,Part-Time,2020-05-01,5,118786,4.1,2,Inactive
2241,EMP02241,Employee_02241,40,Female,Bengaluru,IT,Manager,B.Com,Contract,2021-05-19,4,116973,5.0,6,Inactive
2242,EMP02242,Employee_02242,29,Male,Chennai,Finance,Executive,B.Com,Contract,2022-09-12,3,63585,4.4,0,On Leave
2243,EMP02243,Employee_02243,22,Female,Guntur,Sales,HR Executive,MBA,Part-Time,2026-02-07,0,36971,4.7,3,On Leave
2244,EMP02244,Employee_02244,24,Male,Delhi,Finance,Tester,B.Com,Part-Time,2020-03-07,5,142348,4.6,9,Active
2245,EMP02245,Employee_02245,30,Male,Delhi,HR,Accountant,B.Com,Part-Time,2023-01-28,2,25052,3.9,3,Inactive
2246,EMP02246,Employee_02246,30,Male,Bengaluru,Support,Executive,MBA,Full-Time,2024-11-13,1,54729,4.6,6,Inactive
2247,EMP02247,Employee_02247,23,Female,Kochi,Operations,Support Engineer,MCA,Full-Time,2022-06-12,3,111507,4.2,10,On Leave
2248,EMP02248,Employee_02248,36,Male,Mumbai,IT,Developer,B.Sc,Contract,2022-01-18,3,132995,3.1,4,Inactive
2249,EMP02249,Employee_02249,26,Male,Mumbai,Marketing,Tester,MCA,Part-Time,2020-01-11,5,105693,3.0,11,Inactive
2250,EMP02250,Employee_02250,26,Female,Pune,Sales,Analyst,B.Com,Part-Time,2021-07-30,4,77950,3.7,4,Inactive
2251,EMP02251,Employee_02251,44,Female,Kochi,Sales,Manager,B.Com,Full-Time,2024-03-28,1,39939,3.1,7,Active
2252,EMP02252,Employee_02252,43,Female,Pune,HR,Manager,M.Tech,Full-Time,2022-12-03,3,138058,3.6,7,Inactive
2253,EMP02253,Employee_02253,39,Female,Guntur,Support,Analyst,MCA,Full-Time,2020-02-27,5,102470,2.9,7,Active
2254,EMP02254,Employee_02254,32,Female,Pune,HR,Tester,B.Sc,Contract,2025-12-04,0,149608,2.2,1,Active
2255,EMP02255,Employee_02255,23,Female,Kolkata,Support,Manager,M.Tech,Full-Time,2023-08-22,2,35019,2.8,6,Active
2256,EMP02256,Employee_02256,38,Male,Kochi,Support,Support Engineer,MBA,Part-Time,2025-06-13,0,38346,3.6,1,Active
2257,EMP02257,Employee_02257,45,Male,Chennai,Support,Executive,B.Sc,Contract,2023-09-16,2,137050,4.5,6,Active
2258,EMP02258,Employee_02258,29,Male,Guntur,IT,Developer,B.Sc,Full-Time,2024-03-04,1,64977,4.1,3,Active
2259,EMP02259,Employee_02259,37,Female,Hyderabad,Operations,Manager,B.Sc,Part-Time,2022-01-27,3,131177,4.6,10,On Leave
2260,EMP02260,Employee_02260,24,Female,Guntur,Admin,Developer,B.Tech,Part-Time,2021-01-26,4,93831,4.4,0,Active
2261,EMP02261,Employee_02261,31,Female,Pune,Sales,Manager,B.Sc,Full-Time,2022-11-14,3,55137,2.1,6,Active
2262,EMP02262,Employee_02262,22,Male,Chennai,Finance,Developer,B.Com,Part-Time,2023-02-12,2,26259,5.0,3,Active
2263,EMP02263,Employee_02263,24,Male,Mumbai,Marketing,Executive,B.Sc,Contract,2020-04-22,5,30152,4.6,1,Active
2264,EMP02264,Employee_02264,28,Female,Bengaluru,Sales,Manager,B.Sc,Contract,2022-02-27,3,63694,3.1,8,On Leave
2265,EMP02265,Employee_02265,31,Male,Pune,Marketing,Manager,MCA,Part-Time,2022-11-07,3,125930,4.0,5,Inactive
2266,EMP02266,Employee_02266,40,Male,Mumbai,Support,HR Executive,B.Sc,Part-Time,2023-05-05,2,134055,3.3,0,Active
2267,EMP02267,Employee_02267,44,Female,Vijayawada,Sales,Tester,M.Tech,Contract,2020-08-11,5,111482,2.7,12,On Leave
2268,EMP02268,Employee_02268,26,Female,Bengaluru,Operations,Manager,MBA,Part-Time,2024-01-16,1,141705,4.5,5,Inactive
2269,EMP02269,Employee_02269,39,Female,Chennai,Operations,Executive,M.Tech,Contract,2023-09-23,2,35389,2.8,12,Active
2270,EMP02270,Employee_02270,34,Female,Pune,Sales,HR Executive,MCA,Contract,2024-09-02,1,96681,2.3,7,Inactive
2271,EMP02271,Employee_02271,30,Female,Guntur,Operations,Executive,B.Com,Full-Time,2021-10-14,4,133744,4.3,4,On Leave
2272,EMP02272,Employee_02272,43,Female,Pune,Finance,Tester,B.Sc,Contract,2026-07-05,0,124881,2.4,10,Inactive
2273,EMP02273,Employee_02273,39,Female,Bengaluru,Finance,Accountant,M.Tech,Contract,2025-07-15,0,57514,2.9,5,Inactive
2274,EMP02274,Employee_02274,44,Female,Guntur,Operations,HR Executive,B.Sc,Contract,2022-03-15,3,76878,3.0,3,On Leave
2275,EMP02275,Employee_02275,34,Male,Mumbai,Admin,Executive,MCA,Contract,2020-04-17,5,44546,3.2,8,On Leave
2276,EMP02276,Employee_02276,34,Male,Bengaluru,Support,Executive,M.Tech,Part-Time,2020-11-12,5,43213,3.1,3,Active
2277,EMP02277,Employee_02277,28,Female,Chennai,Support,Developer,MBA,Contract,2020-04-29,5,24061,3.5,3,Active
2278,EMP02278,Employee_02278,24,Female,Kolkata,IT,Manager,MBA,Contract,2020-01-17,5,89793,3.6,6,Inactive
2279,EMP02279,Employee_02279,27,Female,Guntur,Sales,Tester,MBA,Part-Time,2026-06-08,0,48887,2.4,1,Active
2280,EMP02280,Employee_02280,41,Male,Guntur,Marketing,Support Engineer,MBA,Full-Time,2023-08-17,2,90868,4.5,11,Active
2281,EMP02281,Employee_02281,35,Female,Hyderabad,Sales,HR Executive,MCA,Part-Time,2021-03-21,4,54357,4.2,9,On Leave
2282,EMP02282,Employee_02282,42,Female,Mumbai,Admin,Analyst,MCA,Part-Time,2020-11-23,5,46793,2.5,6,Inactive
2283,EMP02283,Employee_02283,34,Male,Hyderabad,HR,HR Executive,B.Tech,Full-Time,2020-04-14,5,76771,2.7,3,Inactive
2284,EMP02284,Employee_02284,21,Male,Kochi,Marketing,Developer,B.Tech,Full-Time,2026-05-28,0,47776,3.2,11,Active
2285,EMP02285,Employee_02285,29,Female,Vijayawada,Sales,Tester,MCA,Full-Time,2022-08-06,3,89276,2.6,10,Inactive
2286,EMP02286,Employee_02286,39,Male,Guntur,Admin,Executive,B.Tech,Full-Time,2020-07-05,5,87547,2.3,0,Inactive
2287,EMP02287,Employee_02287,23,Male,Hyderabad,IT,Tester,M.Tech,Full-Time,2026-02-07,0,45192,3.2,4,Active
2288,EMP02288,Employee_02288,37,Female,Kolkata,IT,Analyst,MCA,Contract,2021-09-08,4,127374,4.6,1,Active
2289,EMP02289,Employee_02289,30,Male,Mumbai,Operations,Tester,MCA,Part-Time,2022-10-06,3,55848,2.4,12,Active
2290,EMP02290,Employee_02290,27,Male,Vijayawada,HR,Accountant,MCA,Full-Time,2020-09-02,5,101689,2.6,6,Active
2291,EMP02291,Employee_02291,33,Female,Bengaluru,HR,Accountant,B.Tech,Full-Time,2026-02-04,0,33403,2.2,12,Active
2292,EMP02292,Employee_02292,39,Male,Mumbai,Admin,Developer,B.Sc,Contract,2021-02-04,4,99117,4.8,0,On Leave
2293,EMP02293,Employee_02293,30,Female,Mumbai,Operations,Manager,MBA,Contract,2020-12-27,5,42121,2.4,8,Active
2294,EMP02294,Employee_02294,34,Female,Guntur,Marketing,HR Executive,B.Sc,Contract,2022-05-22,3,142895,4.5,5,Active
2295,EMP02295,Employee_02295,38,Female,Mumbai,HR,HR Executive,B.Tech,Contract,2022-09-05,3,38890,2.1,10,Inactive
2296,EMP02296,Employee_02296,28,Male,Bengaluru,Sales,Analyst,B.Com,Full-Time,2021-11-24,4,57780,2.4,4,Inactive
2297,EMP02297,Employee_02297,34,Female,Bengaluru,Support,Tester,B.Com,Part-Time,2020-07-29,5,131598,4.9,2,Active
2298,EMP02298,Employee_02298,26,Male,Chennai,Operations,Tester,MBA,Contract,2023-08-16,2,148245,4.2,1,Active
2299,EMP02299,Employee_02299,39,Female,Guntur,Marketing,Executive,B.Tech,Full-Time,2025-03-25,0,90330,3.6,5,Inactive
2300,EMP02300,Employee_02300,39,Female,Pune,Operations,Support Engineer,MCA,Part-Time,2021-03-10,4,107321,3.3,5,Active
2301,EMP02301,Employee_02301,35,Female,Chennai,Operations,HR Executive,B.Com,Full-Time,2022-01-24,3,40655,3.4,6,Inactive
2302,EMP02302,Employee_02302,21,Male,Mumbai,Marketing,Analyst,B.Sc,Full-Time,2024-04-16,1,142888,2.1,0,Inactive
2303,EMP02303,Employee_02303,41,Male,Kolkata,Admin,Analyst,B.Tech,Full-Time,2025-09-16,0,128357,4.6,4,On Leave
2304,EMP02304,Employee_02304,34,Male,Vijayawada,Finance,Manager,B.Tech,Part-Time,2024-08-13,1,33465,4.0,12,Inactive
2305,EMP02305,Employee_02305,27,Female,Chennai,Finance,Executive,B.Sc,Contract,2021-11-21,4,149465,4.2,1,Active
2306,EMP02306,Employee_02306,26,Female,Vijayawada,Operations,Manager,MCA,Full-Time,2022-01-11,3,58638,2.9,8,Inactive
2307,EMP02307,Employee_02307,22,Female,Vijayawada,HR,Executive,B.Com,Full-Time,2023-05-02,2,18337,2.8,0,On Leave
2308,EMP02308,Employee_02308,28,Female,Pune,Operations,Accountant,B.Sc,Full-Time,2021-04-17,4,108971,4.0,12,On Leave
2309,EMP02309,Employee_02309,39,Female,Mumbai,HR,Support Engineer,MBA,Contract,2025-12-13,0,52406,4.8,0,Active
2310,EMP02310,Employee_02310,37,Male,Bengaluru,IT,Tester,B.Tech,Contract,2025-03-17,0,80983,2.1,8,Inactive
2311,EMP02311,Employee_02311,28,Male,Kolkata,HR,Tester,B.Com,Part-Time,2023-09-11,2,96979,2.2,5,On Leave
2312,EMP02312,Employee_02312,35,Male,Kolkata,IT,Manager,B.Tech,Contract,2024-08-06,1,93454,4.2,10,On Leave
2313,EMP02313,Employee_02313,40,Female,Vijayawada,IT,Executive,MBA,Contract,2026-03-25,0,76529,2.1,3,On Leave
2314,EMP02314,Employee_02314,42,Female,Mumbai,Sales,HR Executive,MCA,Contract,2021-04-17,4,56249,2.3,10,Active
2315,EMP02315,Employee_02315,31,Female,Kochi,Marketing,Developer,MCA,Part-Time,2023-07-30,2,102715,4.9,7,Active
2316,EMP02316,Employee_02316,44,Female,Kochi,IT,Tester,B.Com,Full-Time,2026-06-16,0,18173,4.5,9,On Leave
2317,EMP02317,Employee_02317,34,Male,Guntur,Operations,HR Executive,MBA,Full-Time,2026-02-03,0,21872,3.1,11,Active
2318,EMP02318,Employee_02318,45,Male,Guntur,Operations,Manager,MBA,Part-Time,2025-01-26,0,89661,3.1,0,Active
2319,EMP02319,Employee_02319,34,Male,Chennai,Operations,Executive,M.Tech,Full-Time,2022-07-01,3,36117,2.9,8,On Leave
2320,EMP02320,Employee_02320,27,Male,Kochi,Support,Tester,B.Com,Part-Time,2023-02-22,2,143543,4.2,9,Inactive
2321,EMP02321,Employee_02321,26,Male,Kolkata,Marketing,Manager,B.Sc,Contract,2025-08-05,0,102700,4.4,12,Active
2322,EMP02322,Employee_02322,26,Male,Mumbai,HR,Accountant,M.Tech,Full-Time,2022-10-23,3,73729,2.9,0,Inactive
2323,EMP02323,Employee_02323,44,Male,Delhi,Operations,Support Engineer,MBA,Part-Time,2021-03-29,4,104768,3.0,6,On Leave
2324,EMP02324,Employee_02324,33,Female,Hyderabad,Finance,Tester,B.Sc,Part-Time,2020-04-27,5,63643,4.5,9,Inactive
2325,EMP02325,Employee_02325,28,Female,Kochi,Marketing,Support Engineer,B.Sc,Full-Time,2020-09-08,5,73809,2.7,2,Active
2326,EMP02326,Employee_02326,41,Male,Mumbai,IT,Manager,MCA,Part-Time,2023-08-12,2,54516,3.6,3,Inactive
2327,EMP02327,Employee_02327,43,Female,Mumbai,Finance,Manager,B.Sc,Full-Time,2022-01-22,3,41762,3.3,1,Inactive
2328,EMP02328,Employee_02328,34,Male,Bengaluru,Operations,Executive,MCA,Full-Time,2020-12-22,5,139637,3.6,12,Inactive
2329,EMP02329,Employee_02329,40,Female,Pune,Finance,Support Engineer,B.Tech,Full-Time,2024-04-15,1,73028,3.4,0,Active
2330,EMP02330,Employee_02330,39,Female,Hyderabad,Finance,Manager,B.Tech,Part-Time,2022-08-02,3,59128,3.5,4,Active
2331,EMP02331,Employee_02331,22,Male,Pune,Operations,Executive,MBA,Contract,2026-07-24,0,45850,3.7,10,Inactive
2332,EMP02332,Employee_02332,40,Male,Chennai,Operations,HR Executive,B.Tech,Part-Time,2020-12-13,5,34198,2.0,10,Active
2333,EMP02333,Employee_02333,31,Female,Vijayawada,HR,Support Engineer,B.Com,Contract,2022-01-24,3,116716,4.1,10,Inactive
2334,EMP02334,Employee_02334,44,Male,Pune,IT,Tester,B.Com,Contract,2020-01-11,5,135832,3.7,9,Active
2335,EMP02335,Employee_02335,44,Female,Vijayawada,HR,Tester,B.Com,Part-Time,2021-07-13,4,79428,2.2,6,Inactive
2336,EMP02336,Employee_02336,44,Male,Bengaluru,Marketing,Support Engineer,B.Sc,Contract,2024-12-11,1,93481,4.5,7,On Leave
2337,EMP02337,Employee_02337,23,Female,Guntur,Operations,Developer,B.Com,Full-Time,2021-03-03,4,136321,4.9,6,On Leave
2338,EMP02338,Employee_02338,41,Male,Kolkata,HR,Support Engineer,MBA,Contract,2025-04-12,0,127599,2.2,0,Active
2339,EMP02339,Employee_02339,42,Male,Chennai,Finance,Executive,B.Tech,Contract,2024-07-24,1,37445,4.4,9,Active
2340,EMP02340,Employee_02340,36,Female,Guntur,Sales,Support Engineer,B.Sc,Full-Time,2024-05-19,1,133814,2.1,10,Active
2341,EMP02341,Employee_02341,42,Male,Bengaluru,Finance,HR Executive,M.Tech,Contract,2022-03-23,3,145479,2.4,5,On Leave
2342,EMP02342,Employee_02342,41,Male,Bengaluru,Marketing,Manager,MCA,Part-Time,2023-03-11,2,114373,3.2,7,Active
2343,EMP02343,Employee_02343,22,Female,Delhi,Sales,Manager,B.Sc,Contract,2020-03-29,5,25580,4.8,3,On Leave
2344,EMP02344,Employee_02344,27,Female,Guntur,Sales,Manager,MBA,Contract,2020-10-26,5,55539,2.8,5,On Leave
2345,EMP02345,Employee_02345,24,Female,Guntur,Operations,Analyst,B.Com,Full-Time,2022-11-22,3,146683,4.0,3,On Leave
2346,EMP02346,Employee_02346,22,Male,Guntur,Operations,Manager,M.Tech,Part-Time,2021-07-25,4,42706,2.3,4,Inactive
2347,EMP02347,Employee_02347,26,Male,Delhi,HR,Manager,MBA,Full-Time,2023-04-14,2,131005,3.3,12,Inactive
2348,EMP02348,Employee_02348,32,Female,Delhi,Support,Support Engineer,MBA,Contract,2023-07-18,2,75830,4.9,3,Inactive
2349,EMP02349,Employee_02349,29,Female,Chennai,Finance,Tester,MCA,Part-Time,2024-08-09,1,133680,3.5,9,On Leave
2350,EMP02350,Employee_02350,24,Male,Delhi,IT,HR Executive,MCA,Full-Time,2024-02-14,1,23683,2.9,10,On Leave
2351,EMP02351,Employee_02351,31,Male,Chennai,IT,HR Executive,B.Sc,Part-Time,2024-09-11,1,118421,3.6,5,Inactive
2352,EMP02352,Employee_02352,26,Male,Kochi,Admin,Executive,B.Com,Contract,2025-07-09,0,78664,4.2,11,Inactive
2353,EMP02353,Employee_02353,23,Female,Delhi,IT,Manager,B.Sc,Full-Time,2021-07-21,4,52338,3.7,4,Inactive
2354,EMP02354,Employee_02354,35,Female,Kochi,Admin,Manager,B.Com,Full-Time,2025-07-14,0,19639,2.9,5,On Leave
2355,EMP02355,Employee_02355,43,Male,Kochi,Finance,Analyst,B.Com,Part-Time,2023-04-08,2,31615,3.4,3,On Leave
2356,EMP02356,Employee_02356,45,Male,Hyderabad,Marketing,Support Engineer,B.Tech,Contract,2021-08-12,4,81705,2.6,10,Inactive
2357,EMP02357,Employee_02357,33,Female,Pune,Finance,HR Executive,B.Sc,Full-Time,2025-06-22,0,134724,2.0,3,Active
2358,EMP02358,Employee_02358,25,Female,Kolkata,Marketing,Manager,MBA,Part-Time,2020-10-02,5,57727,2.1,0,On Leave
2359,EMP02359,Employee_02359,27,Female,Hyderabad,Finance,HR Executive,MBA,Contract,2022-04-13,3,73709,3.3,7,On Leave
2360,EMP02360,Employee_02360,43,Female,Kochi,Marketing,HR Executive,MCA,Full-Time,2020-12-17,5,72223,3.1,5,Active
2361,EMP02361,Employee_02361,32,Male,Bengaluru,Sales,Manager,B.Com,Contract,2026-04-22,0,127918,2.8,11,Inactive
2362,EMP02362,Employee_02362,39,Male,Bengaluru,HR,Support Engineer,B.Com,Part-Time,2021-01-18,4,74400,3.1,10,Active
2363,EMP02363,Employee_02363,32,Male,Kolkata,IT,Tester,B.Com,Contract,2025-04-30,0,33732,3.6,0,Active
2364,EMP02364,Employee_02364,30,Female,Guntur,Support,Support Engineer,B.Tech,Contract,2020-09-07,5,34105,2.8,1,Active
2365,EMP02365,Employee_02365,27,Male,Vijayawada,Marketing,Accountant,B.Com,Part-Time,2023-09-14,2,45008,2.8,10,On Leave
2366,EMP02366,Employee_02366,27,Male,Guntur,Operations,HR Executive,B.Com,Part-Time,2020-07-23,5,29026,3.9,0,Active
2367,EMP02367,Employee_02367,35,Male,Chennai,Admin,Analyst,MBA,Contract,2025-06-17,0,86750,2.1,9,On Leave
2368,EMP02368,Employee_02368,41,Female,Bengaluru,HR,Support Engineer,MCA,Part-Time,2026-04-07,0,71531,3.5,1,Inactive
2369,EMP02369,Employee_02369,34,Female,Guntur,Admin,Support Engineer,MCA,Contract,2025-10-20,0,47575,2.3,9,On Leave
2370,EMP02370,Employee_02370,27,Female,Hyderabad,Operations,Developer,B.Com,Contract,2025-11-05,0,70220,2.5,1,Active
2371,EMP02371,Employee_02371,27,Male,Kochi,Operations,HR Executive,B.Com,Part-Time,2024-03-15,1,84999,3.1,8,On Leave
2372,EMP02372,Employee_02372,38,Male,Kochi,Finance,Tester,B.Sc,Part-Time,2021-09-06,4,114893,2.7,3,Inactive
2373,EMP02373,Employee_02373,24,Female,Delhi,IT,Analyst,M.Tech,Part-Time,2021-08-04,4,140716,4.7,11,On Leave
2374,EMP02374,Employee_02374,34,Male,Hyderabad,Sales,Developer,B.Sc,Contract,2023-01-01,3,130133,3.6,9,Inactive
2375,EMP02375,Employee_02375,26,Female,Guntur,Sales,Tester,B.Com,Full-Time,2022-04-17,3,139117,2.5,12,On Leave
2376,EMP02376,Employee_02376,44,Female,Mumbai,Support,Analyst,B.Sc,Full-Time,2024-02-28,1,34051,2.5,2,On Leave
2377,EMP02377,Employee_02377,27,Female,Chennai,IT,Accountant,B.Sc,Contract,2025-03-28,0,20006,3.6,9,On Leave
2378,EMP02378,Employee_02378,36,Male,Bengaluru,Marketing,Manager,B.Com,Full-Time,2021-11-14,4,142548,3.4,11,On Leave
2379,EMP02379,Employee_02379,41,Male,Hyderabad,Admin,Analyst,B.Sc,Full-Time,2025-05-23,0,120219,2.6,12,Active
2380,EMP02380,Employee_02380,43,Female,Vijayawada,Sales,Developer,B.Com,Contract,2021-08-02,4,91048,2.4,4,On Leave
2381,EMP02381,Employee_02381,43,Female,Bengaluru,Admin,Analyst,MBA,Part-Time,2025-06-03,0,135187,5.0,1,On Leave
2382,EMP02382,Employee_02382,32,Female,Mumbai,IT,HR Executive,MCA,Full-Time,2024-11-14,1,122532,3.2,7,Active
2383,EMP02383,Employee_02383,45,Female,Chennai,Finance,Tester,B.Sc,Contract,2023-03-23,2,87734,2.0,9,Inactive
2384,EMP02384,Employee_02384,27,Male,Chennai,HR,Analyst,B.Com,Full-Time,2024-02-02,1,138296,3.9,11,On Leave
2385,EMP02385,Employee_02385,35,Female,Pune,Support,Developer,B.Tech,Part-Time,2020-02-24,5,23570,3.1,4,Inactive
2386,EMP02386,Employee_02386,23,Male,Hyderabad,HR,HR Executive,M.Tech,Full-Time,2021-04-13,4,104180,2.1,11,Inactive
2387,EMP02387,Employee_02387,21,Male,Mumbai,Admin,Support Engineer,MCA,Part-Time,2020-02-06,5,26571,2.4,5,On Leave
2388,EMP02388,Employee_02388,28,Male,Delhi,Admin,Analyst,MCA,Full-Time,2022-04-12,3,101530,2.9,8,Active
2389,EMP02389,Employee_02389,39,Female,Guntur,Sales,HR Executive,M.Tech,Part-Time,2023-03-07,2,123622,3.4,1,Inactive
2390,EMP02390,Employee_02390,25,Female,Chennai,Support,HR Executive,B.Com,Full-Time,2022-09-10,3,24015,4.6,1,On Leave
2391,EMP02391,Employee_02391,30,Male,Vijayawada,Finance,Tester,B.Tech,Full-Time,2021-08-04,4,120982,3.6,4,Active
2392,EMP02392,Employee_02392,21,Female,Guntur,IT,Support Engineer,B.Tech,Contract,2021-08-01,4,120530,4.0,1,Active
2393,EMP02393,Employee_02393,45,Female,Bengaluru,Support,Executive,M.Tech,Full-Time,2026-04-10,0,106583,2.8,2,On Leave
2394,EMP02394,Employee_02394,28,Male,Guntur,Sales,Developer,B.Tech,Full-Time,2022-03-22,3,101956,4.7,10,Active
2395,EMP02395,Employee_02395,39,Male,Bengaluru,Admin,Analyst,M.Tech,Full-Time,2020-06-03,5,31740,3.6,9,Inactive
2396,EMP02396,Employee_02396,22,Female,Mumbai,HR,Support Engineer,MCA,Contract,2025-12-17,0,63479,3.6,3,Active
2397,EMP02397,Employee_02397,40,Male,Vijayawada,Support,HR Executive,B.Tech,Full-Time,2020-07-26,5,78323,2.1,4,Inactive
2398,EMP02398,Employee_02398,26,Male,Chennai,Finance,HR Executive,MCA,Full-Time,2024-06-01,1,24483,3.5,12,Inactive
2399,EMP02399,Employee_02399,30,Female,Hyderabad,Operations,Executive,B.Tech,Full-Time,2026-06-01,0,138288,4.7,4,Active
2400,EMP02400,Employee_02400,42,Male,Hyderabad,Support,Accountant,B.Sc,Contract,2023-11-29,2,73598,4.0,11,Inactive
2401,EMP02401,Employee_02401,30,Male,Mumbai,Finance,HR Executive,MCA,Full-Time,2025-08-25,0,54571,2.3,9,Inactive
2402,EMP02402,Employee_02402,44,Male,Guntur,Admin,HR Executive,MBA,Contract,2024-07-29,1,111317,3.9,12,Active
2403,EMP02403,Employee_02403,36,Male,Guntur,Sales,HR Executive,MCA,Contract,2025-09-16,0,143492,3.2,2,On Leave
2404,EMP02404,Employee_02404,21,Male,Vijayawada,Support,Manager,MCA,Full-Time,2024-01-04,1,41011,4.2,6,Active
2405,EMP02405,Employee_02405,34,Male,Kochi,Sales,Accountant,M.Tech,Part-Time,2024-10-07,1,132027,3.3,11,Active
2406,EMP02406,Employee_02406,31,Male,Vijayawada,Marketing,Executive,B.Com,Contract,2024-06-06,1,62304,2.6,10,On Leave
2407,EMP02407,Employee_02407,25,Female,Vijayawada,Finance,HR Executive,B.Com,Contract,2021-03-10,4,102792,3.0,7,Inactive
2408,EMP02408,Employee_02408,30,Female,Kolkata,IT,Support Engineer,B.Tech,Full-Time,2024-04-06,1,24537,3.6,3,On Leave
2409,EMP02409,Employee_02409,24,Female,Delhi,Admin,Executive,MCA,Full-Time,2023-04-06,2,133557,2.3,12,Active
2410,EMP02410,Employee_02410,33,Female,Bengaluru,HR,Tester,MCA,Part-Time,2023-12-14,2,109991,4.4,8,Active
2411,EMP02411,Employee_02411,41,Male,Mumbai,Marketing,Manager,MCA,Part-Time,2020-08-17,5,112649,4.3,0,On Leave
2412,EMP02412,Employee_02412,32,Male,Hyderabad,Finance,Executive,B.Tech,Full-Time,2025-07-05,0,139387,5.0,10,Active
2413,EMP02413,Employee_02413,31,Female,Hyderabad,Admin,Tester,B.Sc,Contract,2021-09-06,4,21458,2.2,8,Active
2414,EMP02414,Employee_02414,42,Male,Pune,Sales,HR Executive,MCA,Full-Time,2024-07-02,1,108342,2.4,2,Active
2415,EMP02415,Employee_02415,21,Male,Vijayawada,Sales,Developer,B.Sc,Part-Time,2026-04-16,0,118779,2.5,0,Active
2416,EMP02416,Employee_02416,41,Female,Delhi,Sales,Accountant,M.Tech,Contract,2024-04-25,1,129011,2.4,11,Inactive
2417,EMP02417,Employee_02417,43,Male,Mumbai,Marketing,HR Executive,M.Tech,Contract,2020-04-11,5,103624,3.5,12,Inactive
2418,EMP02418,Employee_02418,42,Female,Kolkata,Admin,Executive,B.Com,Contract,2024-07-29,1,148033,2.8,11,Inactive
2419,EMP02419,Employee_02419,32,Male,Mumbai,Support,HR Executive,MCA,Contract,2022-11-02,3,75375,2.8,11,On Leave
2420,EMP02420,Employee_02420,32,Male,Mumbai,Sales,Support Engineer,M.Tech,Contract,2024-09-11,1,70068,4.0,4,Inactive
2421,EMP02421,Employee_02421,34,Female,Kolkata,Operations,Executive,B.Sc,Full-Time,2021-10-17,4,147636,2.6,6,On Leave
2422,EMP02422,Employee_02422,36,Female,Pune,Finance,HR Executive,MCA,Contract,2025-03-02,0,113661,3.6,0,Active
2423,EMP02423,Employee_02423,30,Female,Kochi,Operations,Developer,B.Com,Full-Time,2022-10-28,3,81925,4.6,11,On Leave
2424,EMP02424,Employee_02424,31,Male,Kochi,Finance,Tester,MBA,Part-Time,2023-06-05,2,33616,3.1,11,Active
2425,EMP02425,Employee_02425,22,Male,Kochi,IT,Accountant,MBA,Full-Time,2020-02-03,5,138031,2.6,2,On Leave
2426,EMP02426,Employee_02426,25,Female,Hyderabad,Sales,Developer,B.Tech,Part-Time,2025-06-30,0,100505,2.8,12,Active
2427,EMP02427,Employee_02427,38,Male,Hyderabad,Marketing,Support Engineer,B.Tech,Contract,2023-10-04,2,110055,2.3,0,Active
2428,EMP02428,Employee_02428,24,Male,Chennai,Admin,Tester,M.Tech,Contract,2026-04-22,0,99697,2.6,3,On Leave
2429,EMP02429,Employee_02429,28,Female,Pune,HR,Analyst,B.Tech,Full-Time,2022-08-10,3,146836,3.9,12,Active
2430,EMP02430,Employee_02430,39,Female,Delhi,Finance,Accountant,B.Com,Full-Time,2023-12-15,2,25652,2.8,2,On Leave
2431,EMP02431,Employee_02431,42,Female,Bengaluru,IT,Support Engineer,MBA,Full-Time,2024-11-13,1,117694,4.7,12,On Leave
2432,EMP02432,Employee_02432,38,Male,Mumbai,Support,Developer,MCA,Contract,2022-02-27,3,109775,3.0,5,Active
2433,EMP02433,Employee_02433,28,Female,Delhi,Operations,Support Engineer,M.Tech,Full-Time,2026-07-22,0,102981,2.3,7,On Leave
2434,EMP02434,Employee_02434,43,Male,Vijayawada,Finance,Analyst,MBA,Part-Time,2025-02-01,0,26192,4.8,6,Active
2435,EMP02435,Employee_02435,35,Male,Delhi,Admin,Support Engineer,MBA,Contract,2022-10-10,3,83583,3.2,2,On Leave
2436,EMP02436,Employee_02436,45,Male,Guntur,IT,Tester,MCA,Full-Time,2021-11-14,4,129516,2.8,1,On Leave
2437,EMP02437,Employee_02437,33,Male,Guntur,Sales,Analyst,MCA,Part-Time,2024-12-15,1,59886,2.0,9,Active
2438,EMP02438,Employee_02438,28,Female,Hyderabad,Marketing,Support Engineer,B.Tech,Contract,2020-03-23,5,106087,4.8,6,Inactive
2439,EMP02439,Employee_02439,25,Female,Vijayawada,Sales,Analyst,B.Sc,Full-Time,2026-01-20,0,50779,4.7,11,Inactive
2440,EMP02440,Employee_02440,45,Male,Mumbai,Finance,Developer,B.Sc,Part-Time,2022-07-27,3,28086,2.9,5,On Leave
2441,EMP02441,Employee_02441,33,Male,Kolkata,Finance,Executive,B.Tech,Full-Time,2022-09-19,3,96061,3.1,10,Inactive
2442,EMP02442,Employee_02442,36,Female,Vijayawada,Finance,Analyst,B.Tech,Contract,2021-06-26,4,112846,4.3,7,Inactive
2443,EMP02443,Employee_02443,39,Female,Pune,HR,Executive,M.Tech,Part-Time,2023-04-14,2,24365,4.2,10,Active
2444,EMP02444,Employee_02444,40,Male,Hyderabad,Finance,Accountant,MBA,Full-Time,2024-11-20,1,115651,2.7,12,On Leave
2445,EMP02445,Employee_02445,31,Male,Vijayawada,Finance,HR Executive,B.Com,Full-Time,2021-03-15,4,22141,3.2,10,Inactive
2446,EMP02446,Employee_02446,26,Male,Hyderabad,Admin,Executive,MCA,Full-Time,2022-05-25,3,47240,4.5,2,Active
2447,EMP02447,Employee_02447,39,Female,Vijayawada,Sales,Accountant,MBA,Part-Time,2021-02-05,4,82536,3.2,1,Active
2448,EMP02448,Employee_02448,32,Female,Vijayawada,IT,Accountant,M.Tech,Part-Time,2020-04-20,5,53889,3.7,10,Inactive
2449,EMP02449,Employee_02449,32,Female,Hyderabad,IT,Manager,B.Tech,Full-Time,2020-11-27,5,69510,2.2,4,On Leave
2450,EMP02450,Employee_02450,44,Male,Pune,Marketing,Support Engineer,B.Tech,Full-Time,2024-03-25,1,81972,3.7,8,On Leave
2451,EMP02451,Employee_02451,37,Male,Pune,IT,Tester,B.Tech,Contract,2023-07-19,2,122796,3.4,6,On Leave
2452,EMP02452,Employee_02452,29,Female,Mumbai,HR,Manager,B.Sc,Part-Time,2022-04-22,3,124977,4.1,7,On Leave
2453,EMP02453,Employee_02453,24,Male,Vijayawada,Finance,Analyst,B.Tech,Part-Time,2025-08-30,0,29705,2.2,3,Active
2454,EMP02454,Employee_02454,28,Female,Chennai,Finance,Developer,B.Tech,Full-Time,2022-09-25,3,91614,3.1,1,On Leave
2455,EMP02455,Employee_02455,26,Male,Kolkata,Sales,Analyst,M.Tech,Part-Time,2026-02-18,0,112807,4.4,2,On Leave
2456,EMP02456,Employee_02456,44,Male,Kolkata,HR,Accountant,B.Sc,Contract,2021-05-12,4,125760,2.7,0,Inactive
2457,EMP02457,Employee_02457,35,Female,Chennai,IT,Developer,B.Tech,Part-Time,2020-02-21,5,98283,3.9,6,Active
2458,EMP02458,Employee_02458,29,Male,Vijayawada,HR,HR Executive,B.Sc,Part-Time,2020-11-26,5,44141,4.3,7,On Leave
2459,EMP02459,Employee_02459,21,Female,Hyderabad,Operations,Analyst,B.Tech,Contract,2024-02-04,1,102054,2.3,3,Active
2460,EMP02460,Employee_02460,41,Female,Kochi,Admin,Manager,MCA,Part-Time,2022-12-20,3,97674,3.1,5,Inactive
2461,EMP02461,Employee_02461,33,Female,Vijayawada,HR,Executive,MBA,Part-Time,2023-10-18,2,48116,3.8,7,On Leave
2462,EMP02462,Employee_02462,43,Male,Guntur,Sales,Support Engineer,MBA,Full-Time,2021-04-21,4,149340,3.5,12,Active
2463,EMP02463,Employee_02463,45,Male,Hyderabad,Operations,Support Engineer,MBA,Full-Time,2024-07-03,1,118055,4.8,7,Inactive
2464,EMP02464,Employee_02464,27,Male,Chennai,Sales,Tester,M.Tech,Part-Time,2021-02-07,4,143259,4.2,0,Active
2465,EMP02465,Employee_02465,30,Female,Guntur,Sales,Executive,B.Tech,Part-Time,2023-05-21,2,120493,4.7,2,On Leave
2466,EMP02466,Employee_02466,23,Female,Chennai,HR,Support Engineer,B.Sc,Part-Time,2021-03-28,4,137820,3.2,1,On Leave
2467,EMP02467,Employee_02467,24,Female,Pune,Support,Tester,MBA,Full-Time,2022-07-17,3,122014,5.0,11,Inactive
2468,EMP02468,Employee_02468,31,Female,Kochi,Admin,Developer,B.Sc,Part-Time,2024-05-09,1,116856,3.6,9,On Leave
2469,EMP02469,Employee_02469,45,Male,Vijayawada,Sales,HR Executive,M.Tech,Full-Time,2026-04-07,0,78640,2.0,4,On Leave
2470,EMP02470,Employee_02470,45,Male,Kochi,HR,Manager,MBA,Full-Time,2020-11-18,5,108312,3.7,2,Inactive
2471,EMP02471,Employee_02471,40,Female,Hyderabad,Support,Manager,MCA,Full-Time,2023-09-12,2,76472,2.8,0,Active
2472,EMP02472,Employee_02472,35,Female,Vijayawada,HR,Executive,B.Tech,Full-Time,2026-02-03,0,62653,2.4,2,On Leave
2473,EMP02473,Employee_02473,35,Female,Vijayawada,Marketing,Accountant,B.Com,Contract,2021-04-12,4,122983,4.0,7,On Leave
2474,EMP02474,Employee_02474,40,Male,Vijayawada,HR,Analyst,B.Com,Contract,2025-01-12,0,32910,2.9,2,Inactive
2475,EMP02475,Employee_02475,34,Male,Hyderabad,Support,Analyst,MBA,Full-Time,2023-10-07,2,111309,3.6,1,On Leave
2476,EMP02476,Employee_02476,34,Male,Bengaluru,Finance,Accountant,B.Com,Part-Time,2023-07-07,2,81767,2.3,6,Inactive
2477,EMP02477,Employee_02477,44,Female,Kochi,Support,Executive,MBA,Contract,2021-12-30,4,126637,2.3,9,On Leave
2478,EMP02478,Employee_02478,23,Male,Guntur,Finance,Developer,B.Tech,Full-Time,2020-10-17,5,73380,3.6,11,On Leave
2479,EMP02479,Employee_02479,36,Female,Pune,Finance,Analyst,MBA,Full-Time,2020-02-23,5,38148,3.3,7,On Leave
2480,EMP02480,Employee_02480,34,Male,Vijayawada,Operations,Tester,MCA,Full-Time,2022-03-07,3,49597,4.4,3,Active
2481,EMP02481,Employee_02481,43,Male,Kochi,Operations,Tester,B.Com,Contract,2023-06-25,2,32754,2.7,10,Inactive
2482,EMP02482,Employee_02482,28,Male,Chennai,Admin,Tester,M.Tech,Full-Time,2025-08-24,0,107586,4.1,3,On Leave
2483,EMP02483,Employee_02483,25,Male,Vijayawada,Marketing,Analyst,MCA,Contract,2021-09-23,4,102451,4.3,5,On Leave
2484,EMP02484,Employee_02484,31,Female,Guntur,Finance,Analyst,M.Tech,Full-Time,2022-01-24,3,35503,3.9,4,On Leave
2485,EMP02485,Employee_02485,33,Female,Pune,Marketing,Support Engineer,B.Com,Full-Time,2022-02-08,3,27783,2.4,8,Active
2486,EMP02486,Employee_02486,29,Female,Pune,IT,Executive,B.Tech,Part-Time,2026-03-22,0,101450,2.7,5,On Leave
2487,EMP02487,Employee_02487,37,Male,Kochi,Support,Tester,B.Com,Contract,2024-06-26,1,106519,4.3,9,On Leave
2488,EMP02488,Employee_02488,25,Male,Bengaluru,Admin,Accountant,M.Tech,Full-Time,2025-03-18,0,90762,4.7,0,Inactive
2489,EMP02489,Employee_02489,34,Male,Pune,Admin,Executive,MBA,Part-Time,2021-01-15,4,122978,3.5,1,Active
2490,EMP02490,Employee_02490,43,Male,Mumbai,IT,Manager,B.Com,Full-Time,2025-05-12,0,53673,2.4,10,On Leave
2491,EMP02491,Employee_02491,41,Male,Kochi,Sales,Developer,MBA,Contract,2021-12-04,4,62757,4.2,4,Active
2492,EMP02492,Employee_02492,44,Male,Bengaluru,HR,Tester,B.Com,Part-Time,2022-01-27,3,79522,3.3,4,Active
2493,EMP02493,Employee_02493,45,Male,Chennai,Marketing,Executive,B.Com,Full-Time,2023-04-29,2,88975,2.5,10,On Leave
2494,EMP02494,Employee_02494,35,Male,Kolkata,Support,Analyst,B.Com,Part-Time,2023-06-14,2,125833,3.1,1,Inactive
2495,EMP02495,Employee_02495,40,Female,Pune,HR,Executive,MBA,Full-Time,2020-02-03,5,92712,2.3,7,Inactive
2496,EMP02496,Employee_02496,41,Male,Kochi,IT,Manager,MBA,Full-Time,2023-06-28,2,53188,2.9,5,On Leave
2497,EMP02497,Employee_02497,21,Female,Chennai,Finance,Developer,M.Tech,Full-Time,2020-10-16,5,70332,3.0,5,Active
2498,EMP02498,Employee_02498,33,Female,Kochi,Finance,Manager,MCA,Part-Time,2025-05-21,0,118035,3.3,10,Active
2499,EMP02499,Employee_02499,38,Male,Bengaluru,Sales,Developer,MCA,Full-Time,2022-08-07,3,118590,2.3,4,Inactive
2500,EMP02500,Employee_02500,29,Female,Chennai,Sales,Tester,MBA,Full-Time,2021-06-03,4,57006,2.9,6,Active
2501,EMP02501,Employee_02501,42,Male,Vijayawada,Operations,Analyst,M.Tech,Contract,2023-05-13,2,78312,4.9,4,Inactive
2502,EMP02502,Employee_02502,40,Female,Delhi,Marketing,Manager,B.Com,Full-Time,2024-11-21,1,84689,4.2,8,On Leave
2503,EMP02503,Employee_02503,26,Female,Delhi,IT,Accountant,B.Com,Full-Time,2026-04-21,0,118589,4.8,2,Inactive
2504,EMP02504,Employee_02504,39,Female,Kochi,Marketing,Accountant,M.Tech,Full-Time,2020-03-29,5,109067,2.5,12,Active
2505,EMP02505,Employee_02505,34,Female,Kochi,HR,Accountant,MBA,Part-Time,2026-05-20,0,128611,2.9,3,Active
2506,EMP02506,Employee_02506,35,Male,Hyderabad,IT,Support Engineer,B.Com,Full-Time,2022-11-25,3,50663,4.4,8,On Leave
2507,EMP02507,Employee_02507,35,Female,Guntur,Support,HR Executive,MBA,Contract,2025-09-14,0,73644,4.8,4,On Leave
2508,EMP02508,Employee_02508,29,Male,Vijayawada,IT,HR Executive,MCA,Full-Time,2026-07-01,0,137795,2.0,11,Active
2509,EMP02509,Employee_02509,40,Male,Pune,Marketing,Accountant,B.Tech,Part-Time,2022-12-04,3,133425,4.7,1,Inactive
2510,EMP02510,Employee_02510,32,Male,Delhi,HR,HR Executive,B.Tech,Contract,2025-05-21,0,127794,3.3,5,Active
2511,EMP02511,Employee_02511,36,Male,Pune,Marketing,Executive,B.Com,Contract,2024-04-23,1,94685,2.8,11,On Leave
2512,EMP02512,Employee_02512,39,Female,Hyderabad,Operations,HR Executive,MBA,Contract,2024-11-16,1,103895,2.1,4,On Leave
2513,EMP02513,Employee_02513,36,Female,Chennai,Support,Analyst,MBA,Contract,2022-07-28,3,107956,2.9,2,On Leave
2514,EMP02514,Employee_02514,31,Male,Delhi,IT,Executive,MCA,Part-Time,2021-11-18,4,134838,2.4,0,On Leave
2515,EMP02515,Employee_02515,34,Male,Guntur,Sales,Tester,MCA,Full-Time,2025-07-02,0,63201,4.3,4,On Leave
2516,EMP02516,Employee_02516,38,Female,Kolkata,Operations,Executive,B.Tech,Contract,2024-07-25,1,31571,4.0,3,Active
2517,EMP02517,Employee_02517,45,Female,Kolkata,Support,Support Engineer,B.Tech,Contract,2020-03-30,5,38831,4.6,2,On Leave
2518,EMP02518,Employee_02518,21,Female,Chennai,Admin,Accountant,B.Com,Contract,2022-05-03,3,95056,3.9,8,Inactive
2519,EMP02519,Employee_02519,22,Male,Hyderabad,Sales,HR Executive,B.Sc,Part-Time,2025-04-28,0,74684,3.2,6,Inactive
2520,EMP02520,Employee_02520,27,Female,Pune,Sales,Analyst,MCA,Full-Time,2023-02-26,2,85676,3.2,12,On Leave
2521,EMP02521,Employee_02521,27,Female,Bengaluru,Admin,Developer,MBA,Full-Time,2021-09-08,4,76287,3.1,10,Active
2522,EMP02522,Employee_02522,30,Female,Guntur,Finance,HR Executive,B.Sc,Part-Time,2025-01-02,0,91384,4.6,7,Active
2523,EMP02523,Employee_02523,35,Female,Vijayawada,Marketing,Accountant,B.Com,Contract,2024-05-26,1,100093,4.1,8,Inactive
2524,EMP02524,Employee_02524,41,Female,Chennai,Operations,Executive,MBA,Contract,2023-03-20,2,80764,4.8,8,Inactive
2525,EMP02525,Employee_02525,21,Female,Kolkata,Admin,Tester,B.Tech,Part-Time,2022-11-05,3,80921,3.4,7,Active
2526,EMP02526,Employee_02526,36,Female,Kochi,Admin,Support Engineer,B.Sc,Part-Time,2020-04-02,5,128428,3.4,1,Active
2527,EMP02527,Employee_02527,31,Male,Hyderabad,IT,Developer,M.Tech,Contract,2020-11-07,5,141518,4.3,10,Active
2528,EMP02528,Employee_02528,29,Female,Delhi,Finance,Executive,M.Tech,Part-Time,2026-05-27,0,26781,4.4,5,On Leave
2529,EMP02529,Employee_02529,31,Female,Guntur,Operations,Executive,B.Com,Full-Time,2022-12-14,3,82006,3.6,12,Active
2530,EMP02530,Employee_02530,34,Male,Hyderabad,Marketing,Accountant,B.Tech,Contract,2021-06-17,4,130679,5.0,10,On Leave
2531,EMP02531,Employee_02531,23,Female,Guntur,HR,Analyst,MCA,Contract,2020-11-18,5,33710,4.2,4,On Leave
2532,EMP02532,Employee_02532,39,Male,Kolkata,HR,Support Engineer,MCA,Full-Time,2025-08-17,0,122622,4.5,1,On Leave
2533,EMP02533,Employee_02533,29,Female,Vijayawada,Admin,HR Executive,B.Tech,Contract,2025-01-08,0,123327,3.3,4,On Leave
2534,EMP02534,Employee_02534,37,Female,Kochi,Support,HR Executive,M.Tech,Contract,2024-07-30,1,145627,4.0,4,Inactive
2535,EMP02535,Employee_02535,25,Male,Delhi,Support,Support Engineer,MCA,Contract,2026-02-20,0,22147,4.2,11,Inactive
2536,EMP02536,Employee_02536,37,Male,Pune,IT,Manager,MCA,Contract,2020-03-09,5,35773,2.8,2,Active
2537,EMP02537,Employee_02537,34,Female,Vijayawada,Sales,HR Executive,B.Sc,Full-Time,2025-07-26,0,92913,4.6,5,Active
2538,EMP02538,Employee_02538,22,Female,Guntur,IT,Tester,MBA,Part-Time,2022-11-03,3,110944,2.2,1,Inactive
2539,EMP02539,Employee_02539,27,Female,Chennai,Marketing,Accountant,B.Com,Part-Time,2022-09-24,3,41668,2.8,11,Active
2540,EMP02540,Employee_02540,27,Male,Hyderabad,Finance,Executive,MCA,Part-Time,2020-01-11,5,103803,3.8,4,On Leave
2541,EMP02541,Employee_02541,32,Female,Guntur,Marketing,Accountant,MBA,Part-Time,2022-07-13,3,39518,3.6,11,Active
2542,EMP02542,Employee_02542,23,Male,Hyderabad,Finance,Support Engineer,MCA,Part-Time,2022-04-14,3,71360,4.8,1,Active
2543,EMP02543,Employee_02543,34,Female,Pune,Operations,Manager,M.Tech,Full-Time,2022-12-31,3,101435,3.6,1,Inactive
2544,EMP02544,Employee_02544,40,Male,Kochi,Marketing,Analyst,B.Sc,Contract,2026-03-04,0,103948,3.0,9,Inactive
2545,EMP02545,Employee_02545,32,Male,Pune,Sales,Analyst,MCA,Full-Time,2023-09-14,2,46993,3.1,5,Inactive
2546,EMP02546,Employee_02546,45,Male,Hyderabad,Sales,Analyst,B.Com,Part-Time,2025-12-21,0,42038,3.6,11,Active
2547,EMP02547,Employee_02547,25,Male,Kochi,Operations,Accountant,M.Tech,Full-Time,2022-11-27,3,63363,2.9,2,Active
2548,EMP02548,Employee_02548,26,Female,Pune,Marketing,Analyst,B.Tech,Part-Time,2021-02-20,4,34597,3.5,2,On Leave
2549,EMP02549,Employee_02549,23,Female,Delhi,Sales,Developer,B.Tech,Part-Time,2024-07-02,1,69548,2.7,5,Active
2550,EMP02550,Employee_02550,27,Male,Vijayawada,Admin,Analyst,M.Tech,Contract,2020-06-08,5,33436,4.4,4,Active
2551,EMP02551,Employee_02551,40,Female,Delhi,Operations,Accountant,MBA,Contract,2020-07-13,5,124762,3.1,8,On Leave
2552,EMP02552,Employee_02552,28,Male,Kolkata,Finance,Analyst,B.Sc,Part-Time,2024-11-05,1,98065,3.0,4,On Leave
2553,EMP02553,Employee_02553,31,Male,Kochi,HR,Developer,MBA,Full-Time,2022-12-29,3,58029,2.2,4,On Leave
2554,EMP02554,Employee_02554,41,Male,Hyderabad,Finance,Manager,M.Tech,Part-Time,2024-04-15,1,117755,4.1,1,Active
2555,EMP02555,Employee_02555,33,Male,Chennai,HR,Accountant,B.Com,Contract,2021-05-20,4,55065,3.3,8,Inactive
2556,EMP02556,Employee_02556,41,Female,Chennai,IT,Executive,M.Tech,Part-Time,2021-11-29,4,117884,4.5,9,Inactive
2557,EMP02557,Employee_02557,43,Female,Kochi,Sales,Manager,M.Tech,Contract,2026-06-04,0,40636,4.2,0,On Leave
2558,EMP02558,Employee_02558,36,Female,Hyderabad,Sales,Manager,B.Sc,Full-Time,2023-12-11,2,51949,4.3,8,Active
2559,EMP02559,Employee_02559,29,Male,Mumbai,Sales,Accountant,B.Tech,Full-Time,2025-03-12,0,107024,3.8,11,On Leave
2560,EMP02560,Employee_02560,23,Male,Delhi,IT,Manager,M.Tech,Contract,2023-12-03,2,95395,3.0,11,Inactive
2561,EMP02561,Employee_02561,33,Male,Chennai,Marketing,Developer,MBA,Part-Time,2020-03-06,5,29512,2.9,0,Inactive
2562,EMP02562,Employee_02562,29,Female,Hyderabad,IT,Tester,B.Tech,Contract,2025-05-08,0,136267,4.9,6,On Leave
2563,EMP02563,Employee_02563,37,Female,Pune,IT,Analyst,MBA,Part-Time,2026-07-21,0,104633,3.3,11,On Leave
2564,EMP02564,Employee_02564,34,Female,Kolkata,Admin,HR Executive,B.Com,Part-Time,2023-12-22,2,53268,2.7,8,On Leave
2565,EMP02565,Employee_02565,23,Female,Chennai,Finance,Developer,B.Tech,Full-Time,2022-08-31,3,72002,3.2,0,On Leave
2566,EMP02566,Employee_02566,38,Female,Kochi,Marketing,Accountant,B.Tech,Contract,2022-03-03,3,118188,2.0,4,On Leave
2567,EMP02567,Employee_02567,27,Female,Kolkata,Operations,Executive,MCA,Full-Time,2020-03-04,5,22371,2.6,1,On Leave
2568,EMP02568,Employee_02568,30,Male,Mumbai,Admin,Developer,B.Com,Full-Time,2026-05-21,0,98750,2.2,11,Inactive
2569,EMP02569,Employee_02569,25,Female,Vijayawada,Sales,Developer,MCA,Part-Time,2024-12-09,1,80749,3.8,1,On Leave
2570,EMP02570,Employee_02570,25,Female,Kolkata,Support,HR Executive,B.Com,Part-Time,2022-06-24,3,121243,3.5,12,On Leave
2571,EMP02571,Employee_02571,39,Male,Chennai,Finance,Developer,B.Tech,Contract,2021-09-03,4,61725,3.1,10,Active
2572,EMP02572,Employee_02572,28,Female,Guntur,Marketing,HR Executive,MBA,Part-Time,2021-09-23,4,115915,2.6,6,On Leave
2573,EMP02573,Employee_02573,37,Female,Delhi,Sales,Accountant,B.Com,Contract,2025-07-21,0,22842,3.8,6,Inactive
2574,EMP02574,Employee_02574,31,Male,Delhi,Sales,Analyst,MBA,Part-Time,2026-06-11,0,142503,3.0,1,Inactive
2575,EMP02575,Employee_02575,40,Female,Mumbai,Admin,Tester,B.Tech,Contract,2023-09-12,2,59586,4.8,11,Active
2576,EMP02576,Employee_02576,37,Female,Vijayawada,Operations,Analyst,M.Tech,Contract,2023-04-07,2,119127,4.1,2,Active
2577,EMP02577,Employee_02577,34,Female,Delhi,Operations,Analyst,B.Com,Contract,2025-07-12,0,85416,3.0,4,Inactive
2578,EMP02578,Employee_02578,24,Female,Pune,IT,Developer,MCA,Full-Time,2023-06-26,2,123723,3.3,9,Inactive
2579,EMP02579,Employee_02579,26,Male,Hyderabad,HR,Support Engineer,MCA,Part-Time,2025-08-27,0,33997,4.5,6,On Leave
2580,EMP02580,Employee_02580,26,Female,Kolkata,Sales,Tester,M.Tech,Contract,2021-09-27,4,91605,2.4,8,Active
2581,EMP02581,Employee_02581,33,Female,Guntur,IT,Analyst,M.Tech,Contract,2025-05-18,0,125534,3.7,9,Active
2582,EMP02582,Employee_02582,21,Male,Bengaluru,Operations,Executive,MBA,Contract,2023-01-29,2,71472,2.6,4,Active
2583,EMP02583,Employee_02583,37,Female,Bengaluru,Operations,Support Engineer,B.Com,Part-Time,2024-03-14,1,122630,3.2,11,Inactive
2584,EMP02584,Employee_02584,32,Male,Kochi,Support,Accountant,B.Com,Contract,2020-03-05,5,82237,3.8,6,Inactive
2585,EMP02585,Employee_02585,36,Male,Guntur,Marketing,Analyst,B.Tech,Contract,2021-07-18,4,53660,2.1,5,On Leave
2586,EMP02586,Employee_02586,43,Male,Kolkata,Operations,Developer,B.Sc,Full-Time,2021-09-19,4,109494,3.2,11,Inactive
2587,EMP02587,Employee_02587,44,Female,Vijayawada,Operations,Support Engineer,MCA,Full-Time,2023-08-07,2,75018,3.7,0,Active
2588,EMP02588,Employee_02588,33,Female,Guntur,Admin,Tester,B.Com,Contract,2021-10-12,4,65813,3.3,3,Inactive
2589,EMP02589,Employee_02589,35,Male,Kochi,HR,Analyst,MBA,Part-Time,2020-01-11,5,23865,4.5,5,Inactive
2590,EMP02590,Employee_02590,23,Female,Mumbai,HR,Tester,MCA,Full-Time,2024-02-25,1,58154,3.7,11,Inactive
2591,EMP02591,Employee_02591,42,Male,Kolkata,Sales,Support Engineer,M.Tech,Contract,2022-04-23,3,44295,3.3,4,Inactive
2592,EMP02592,Employee_02592,35,Female,Kochi,IT,Accountant,B.Tech,Part-Time,2023-01-19,2,134638,3.3,6,Inactive
2593,EMP02593,Employee_02593,44,Male,Mumbai,Sales,HR Executive,MCA,Part-Time,2023-05-26,2,87028,3.9,11,On Leave
2594,EMP02594,Employee_02594,24,Male,Chennai,IT,Tester,MCA,Full-Time,2025-07-10,0,106155,4.6,12,Inactive
2595,EMP02595,Employee_02595,43,Female,Pune,Operations,Accountant,MBA,Full-Time,2024-07-16,1,81174,2.9,1,Active
2596,EMP02596,Employee_02596,24,Female,Vijayawada,Admin,Executive,B.Com,Contract,2020-07-14,5,50261,4.8,10,Inactive
2597,EMP02597,Employee_02597,42,Female,Kolkata,Admin,Manager,B.Sc,Part-Time,2022-09-11,3,36810,4.5,10,Inactive
2598,EMP02598,Employee_02598,37,Male,Delhi,Marketing,Accountant,B.Com,Full-Time,2025-04-02,0,106281,3.2,1,Inactive
2599,EMP02599,Employee_02599,31,Female,Chennai,Sales,Manager,MCA,Part-Time,2025-12-27,0,116066,3.4,9,Inactive
2600,EMP02600,Employee_02600,38,Female,Vijayawada,Marketing,Accountant,B.Com,Contract,2023-12-02,2,22627,4.5,10,Active
2601,EMP02601,Employee_02601,33,Female,Bengaluru,Sales,HR Executive,B.Sc,Full-Time,2024-08-01,1,29615,2.5,8,Active
2602,EMP02602,Employee_02602,35,Male,Mumbai,Support,Accountant,M.Tech,Contract,2023-05-21,2,18493,2.9,7,Active
2603,EMP02603,Employee_02603,44,Male,Mumbai,HR,Support Engineer,M.Tech,Part-Time,2022-11-08,3,147158,4.0,7,On Leave
2604,EMP02604,Employee_02604,22,Female,Guntur,IT,Analyst,MBA,Full-Time,2023-10-24,2,74820,3.5,4,Active
2605,EMP02605,Employee_02605,24,Male,Hyderabad,HR,Accountant,M.Tech,Full-Time,2024-05-09,1,23058,2.2,5,Inactive
2606,EMP02606,Employee_02606,39,Female,Kochi,Finance,Support Engineer,B.Com,Contract,2025-02-27,0,88702,3.7,7,Active
2607,EMP02607,Employee_02607,43,Female,Kochi,Sales,HR Executive,MBA,Part-Time,2024-06-17,1,58919,2.3,12,On Leave
2608,EMP02608,Employee_02608,32,Male,Delhi,Operations,HR Executive,B.Tech,Part-Time,2022-10-20,3,69889,4.4,7,Active
2609,EMP02609,Employee_02609,25,Female,Bengaluru,Sales,Executive,B.Com,Full-Time,2025-02-04,0,52823,3.6,3,Active
2610,EMP02610,Employee_02610,23,Female,Mumbai,Finance,Accountant,M.Tech,Part-Time,2020-01-30,5,89330,2.6,9,On Leave
2611,EMP02611,Employee_02611,34,Female,Vijayawada,Support,Accountant,B.Tech,Contract,2022-07-17,3,124217,4.6,3,Inactive
2612,EMP02612,Employee_02612,21,Male,Hyderabad,Admin,Executive,B.Com,Contract,2025-10-31,0,69384,4.1,10,Inactive
2613,EMP02613,Employee_02613,38,Male,Delhi,Finance,HR Executive,B.Sc,Contract,2024-02-03,1,58204,3.2,0,Inactive
2614,EMP02614,Employee_02614,43,Female,Guntur,HR,Analyst,B.Sc,Contract,2022-12-19,3,35906,2.4,8,Active
2615,EMP02615,Employee_02615,26,Male,Delhi,Finance,HR Executive,B.Tech,Full-Time,2022-03-14,3,37807,2.8,10,On Leave
2616,EMP02616,Employee_02616,41,Female,Guntur,Operations,Accountant,B.Com,Contract,2025-06-26,0,56468,4.5,12,On Leave
2617,EMP02617,Employee_02617,33,Female,Delhi,Marketing,Tester,B.Tech,Full-Time,2023-01-22,2,115596,4.1,2,On Leave
2618,EMP02618,Employee_02618,45,Female,Pune,IT,Support Engineer,B.Sc,Full-Time,2021-02-03,4,107812,2.3,6,Active
2619,EMP02619,Employee_02619,41,Female,Guntur,Marketing,Analyst,MCA,Part-Time,2026-03-13,0,44284,4.1,3,Inactive
2620,EMP02620,Employee_02620,29,Male,Bengaluru,Marketing,Executive,B.Sc,Full-Time,2020-11-24,5,118139,4.0,2,Inactive
2621,EMP02621,Employee_02621,22,Male,Kolkata,Sales,HR Executive,B.Tech,Full-Time,2022-12-29,3,43544,2.3,7,Active
2622,EMP02622,Employee_02622,36,Female,Hyderabad,IT,HR Executive,M.Tech,Contract,2025-09-12,0,121518,4.8,7,Inactive
2623,EMP02623,Employee_02623,24,Male,Kochi,Operations,Developer,MBA,Part-Time,2024-11-18,1,80190,4.3,6,On Leave
2624,EMP02624,Employee_02624,43,Male,Vijayawada,Finance,Developer,B.Com,Contract,2025-05-31,0,35217,3.9,2,On Leave
2625,EMP02625,Employee_02625,33,Female,Kochi,Sales,Developer,B.Sc,Contract,2025-10-15,0,30930,4.0,1,Active
2626,EMP02626,Employee_02626,30,Female,Vijayawada,Marketing,Analyst,MCA,Contract,2024-05-04,1,104116,4.4,4,Active
2627,EMP02627,Employee_02627,22,Male,Kochi,IT,HR Executive,B.Com,Contract,2024-07-01,1,102646,4.2,10,Active
2628,EMP02628,Employee_02628,44,Female,Chennai,Operations,Analyst,M.Tech,Contract,2026-05-01,0,145544,3.9,3,Inactive
2629,EMP02629,Employee_02629,24,Male,Pune,Support,Manager,MCA,Part-Time,2020-08-05,5,36127,4.2,5,Inactive
2630,EMP02630,Employee_02630,35,Male,Bengaluru,Sales,HR Executive,M.Tech,Full-Time,2020-02-14,5,90685,2.5,5,Inactive
2631,EMP02631,Employee_02631,33,Female,Kochi,IT,Accountant,B.Com,Part-Time,2021-12-04,4,18903,2.4,1,On Leave
2632,EMP02632,Employee_02632,25,Male,Kolkata,Marketing,Executive,M.Tech,Contract,2020-02-12,5,78792,2.6,5,On Leave
2633,EMP02633,Employee_02633,21,Female,Bengaluru,Admin,Tester,B.Com,Part-Time,2020-12-04,5,125021,3.1,3,Inactive
2634,EMP02634,Employee_02634,27,Male,Mumbai,IT,Analyst,B.Sc,Contract,2026-06-08,0,108481,2.4,2,Active
2635,EMP02635,Employee_02635,23,Female,Kochi,IT,Executive,B.Com,Contract,2022-02-14,3,104617,3.1,10,Inactive
2636,EMP02636,Employee_02636,36,Male,Pune,IT,Support Engineer,MBA,Contract,2021-02-13,4,147222,2.2,7,Inactive
2637,EMP02637,Employee_02637,39,Female,Hyderabad,Operations,Analyst,MBA,Part-Time,2020-08-21,5,97551,2.2,4,On Leave
2638,EMP02638,Employee_02638,45,Female,Kolkata,Marketing,Analyst,MCA,Part-Time,2022-08-07,3,102085,2.6,7,Inactive
2639,EMP02639,Employee_02639,35,Female,Mumbai,Sales,Tester,B.Com,Contract,2025-02-16,0,132185,4.6,0,On Leave
2640,EMP02640,Employee_02640,42,Female,Pune,IT,Executive,B.Sc,Full-Time,2025-02-06,0,79126,4.5,10,Inactive
2641,EMP02641,Employee_02641,34,Female,Mumbai,Operations,Analyst,B.Tech,Part-Time,2026-07-04,0,136276,3.0,12,On Leave
2642,EMP02642,Employee_02642,38,Female,Pune,HR,Analyst,B.Com,Part-Time,2023-02-24,2,29321,3.8,11,Active
2643,EMP02643,Employee_02643,30,Female,Kochi,Marketing,Accountant,MBA,Full-Time,2023-10-28,2,60519,3.5,7,Active
2644,EMP02644,Employee_02644,22,Female,Guntur,Marketing,Accountant,B.Com,Part-Time,2021-03-16,4,144908,4.9,9,On Leave
2645,EMP02645,Employee_02645,34,Female,Chennai,Finance,HR Executive,M.Tech,Contract,2023-12-09,2,107501,3.4,8,Active
2646,EMP02646,Employee_02646,37,Male,Pune,IT,Tester,M.Tech,Part-Time,2023-04-27,2,106566,2.8,10,On Leave
2647,EMP02647,Employee_02647,44,Female,Kochi,Finance,HR Executive,B.Tech,Full-Time,2023-11-29,2,127277,2.0,6,On Leave
2648,EMP02648,Employee_02648,34,Female,Vijayawada,Admin,Accountant,MCA,Part-Time,2021-06-25,4,142874,2.1,12,Inactive
2649,EMP02649,Employee_02649,45,Male,Guntur,Sales,Accountant,MBA,Contract,2020-06-16,5,71771,3.7,6,Active
2650,EMP02650,Employee_02650,23,Male,Delhi,HR,Manager,MCA,Contract,2024-12-23,1,40386,2.2,7,Inactive
2651,EMP02651,Employee_02651,26,Male,Mumbai,Sales,Manager,B.Sc,Full-Time,2021-12-07,4,26514,3.2,10,On Leave
2652,EMP02652,Employee_02652,22,Male,Mumbai,Marketing,HR Executive,B.Tech,Part-Time,2022-09-17,3,55512,2.6,9,On Leave
2653,EMP02653,Employee_02653,33,Male,Guntur,Operations,Manager,B.Sc,Part-Time,2020-04-22,5,85787,4.1,10,Inactive
2654,EMP02654,Employee_02654,33,Female,Bengaluru,Finance,Support Engineer,B.Sc,Part-Time,2026-01-11,0,102703,4.3,9,On Leave
2655,EMP02655,Employee_02655,22,Female,Kolkata,Operations,Tester,MCA,Part-Time,2020-07-17,5,118280,4.6,4,Inactive
2656,EMP02656,Employee_02656,24,Male,Mumbai,Finance,Support Engineer,B.Com,Part-Time,2022-10-02,3,48526,4.9,10,Active
2657,EMP02657,Employee_02657,21,Female,Mumbai,Finance,Support Engineer,B.Com,Full-Time,2025-12-08,0,102930,2.7,7,Inactive
2658,EMP02658,Employee_02658,34,Male,Hyderabad,Sales,Manager,B.Sc,Full-Time,2026-04-01,0,135081,3.6,0,Active
2659,EMP02659,Employee_02659,36,Female,Kolkata,Support,HR Executive,B.Sc,Contract,2020-11-03,5,26960,4.7,1,On Leave
2660,EMP02660,Employee_02660,38,Female,Chennai,Admin,Executive,M.Tech,Full-Time,2021-06-23,4,141725,3.7,12,Inactive
2661,EMP02661,Employee_02661,30,Male,Vijayawada,Support,Tester,B.Com,Full-Time,2021-10-07,4,112972,4.4,2,Inactive
2662,EMP02662,Employee_02662,28,Male,Vijayawada,IT,Developer,B.Com,Full-Time,2020-02-04,5,69038,4.3,8,On Leave
2663,EMP02663,Employee_02663,26,Male,Chennai,IT,Manager,M.Tech,Full-Time,2020-06-18,5,145839,2.9,10,On Leave
2664,EMP02664,Employee_02664,23,Female,Bengaluru,Support,Tester,MCA,Part-Time,2020-01-15,5,146214,3.1,5,On Leave
2665,EMP02665,Employee_02665,42,Female,Guntur,Finance,Accountant,B.Com,Contract,2021-07-17,4,35865,2.2,4,On Leave
2666,EMP02666,Employee_02666,45,Female,Mumbai,Marketing,Manager,B.Tech,Full-Time,2020-03-14,5,43604,3.1,6,On Leave
2667,EMP02667,Employee_02667,22,Female,Mumbai,Sales,Executive,B.Tech,Contract,2024-06-19,1,144165,3.6,12,Inactive
2668,EMP02668,Employee_02668,36,Male,Guntur,IT,HR Executive,B.Tech,Full-Time,2025-09-10,0,55161,4.7,11,Inactive
2669,EMP02669,Employee_02669,35,Female,Bengaluru,Marketing,Support Engineer,MCA,Contract,2023-10-06,2,58246,2.7,6,Active
2670,EMP02670,Employee_02670,21,Male,Kochi,Support,Accountant,MCA,Part-Time,2025-02-28,0,43075,3.1,11,On Leave
2671,EMP02671,Employee_02671,21,Male,Hyderabad,HR,Manager,MCA,Contract,2021-06-25,4,51849,3.1,9,On Leave
2672,EMP02672,Employee_02672,25,Female,Hyderabad,Marketing,Executive,MBA,Contract,2023-12-16,2,80462,2.7,2,Inactive
2673,EMP02673,Employee_02673,26,Female,Delhi,HR,Analyst,MBA,Full-Time,2025-09-01,0,45037,3.0,10,On Leave
2674,EMP02674,Employee_02674,23,Female,Delhi,Admin,Tester,M.Tech,Full-Time,2024-12-22,1,92035,3.8,0,Inactive
2675,EMP02675,Employee_02675,30,Female,Chennai,Support,Manager,B.Com,Contract,2022-01-21,3,140616,4.5,9,Active
2676,EMP02676,Employee_02676,38,Female,Kochi,Admin,Accountant,B.Sc,Contract,2025-10-19,0,80320,4.1,2,Inactive
2677,EMP02677,Employee_02677,36,Female,Pune,Marketing,Executive,M.Tech,Part-Time,2025-03-03,0,63049,4.6,4,Inactive
2678,EMP02678,Employee_02678,37,Female,Vijayawada,HR,Support Engineer,MBA,Contract,2025-03-09,0,147868,2.5,6,Inactive
2679,EMP02679,Employee_02679,37,Male,Pune,Marketing,Developer,M.Tech,Part-Time,2022-07-01,3,29274,4.5,9,Active
2680,EMP02680,Employee_02680,36,Male,Hyderabad,Marketing,Developer,MCA,Full-Time,2023-04-15,2,127775,4.9,10,Inactive
2681,EMP02681,Employee_02681,36,Female,Chennai,Support,HR Executive,M.Tech,Contract,2023-12-22,2,77783,3.4,2,Active
2682,EMP02682,Employee_02682,32,Male,Guntur,Sales,Developer,MCA,Full-Time,2021-05-30,4,86602,3.8,0,On Leave
2683,EMP02683,Employee_02683,41,Female,Chennai,Admin,Executive,B.Tech,Contract,2023-01-04,2,33374,4.7,10,Active
2684,EMP02684,Employee_02684,26,Female,Vijayawada,Operations,HR Executive,MCA,Full-Time,2025-02-27,0,65783,3.2,1,Active
2685,EMP02685,Employee_02685,37,Male,Pune,Operations,Tester,MBA,Part-Time,2020-09-26,5,87702,2.4,9,Active
2686,EMP02686,Employee_02686,39,Female,Kochi,Support,HR Executive,M.Tech,Part-Time,2021-10-08,4,81532,4.5,12,Inactive
2687,EMP02687,Employee_02687,32,Male,Chennai,Support,Manager,M.Tech,Part-Time,2020-12-03,5,83325,4.6,0,Inactive
2688,EMP02688,Employee_02688,33,Male,Chennai,IT,Developer,M.Tech,Contract,2022-08-25,3,103051,2.0,11,Active
2689,EMP02689,Employee_02689,30,Female,Mumbai,Finance,Accountant,MCA,Part-Time,2024-11-05,1,136825,3.2,10,Active
2690,EMP02690,Employee_02690,31,Female,Chennai,Sales,Analyst,MBA,Contract,2023-08-23,2,86107,4.0,0,Inactive
2691,EMP02691,Employee_02691,44,Female,Mumbai,Sales,Executive,B.Com,Full-Time,2021-08-11,4,34034,4.2,7,On Leave
2692,EMP02692,Employee_02692,33,Male,Delhi,Finance,Accountant,MCA,Contract,2026-06-11,0,23039,2.8,3,Active
2693,EMP02693,Employee_02693,35,Male,Pune,Sales,Developer,MBA,Full-Time,2023-10-01,2,69938,2.7,12,Inactive
2694,EMP02694,Employee_02694,28,Female,Mumbai,HR,Manager,B.Sc,Part-Time,2023-10-26,2,72576,2.2,3,Inactive
2695,EMP02695,Employee_02695,21,Male,Hyderabad,Sales,Executive,B.Com,Full-Time,2022-11-04,3,116122,2.6,7,Inactive
2696,EMP02696,Employee_02696,33,Female,Bengaluru,IT,Accountant,M.Tech,Full-Time,2020-10-24,5,30634,2.4,2,Inactive
2697,EMP02697,Employee_02697,31,Female,Hyderabad,Marketing,Manager,B.Sc,Contract,2023-12-31,2,148719,2.2,9,On Leave
2698,EMP02698,Employee_02698,31,Male,Delhi,Operations,Analyst,B.Sc,Part-Time,2023-05-10,2,121093,2.9,1,Active
2699,EMP02699,Employee_02699,22,Male,Pune,Operations,Developer,B.Com,Contract,2025-09-22,0,145484,4.3,1,On Leave
2700,EMP02700,Employee_02700,44,Male,Kochi,Admin,Analyst,B.Com,Contract,2022-07-03,3,99280,3.8,4,Inactive
2701,EMP02701,Employee_02701,32,Female,Pune,Finance,Manager,B.Com,Part-Time,2023-07-10,2,148069,4.8,6,Active
2702,EMP02702,Employee_02702,34,Male,Kolkata,Operations,HR Executive,B.Sc,Part-Time,2020-03-12,5,49542,4.2,2,Active
2703,EMP02703,Employee_02703,45,Female,Hyderabad,Marketing,Manager,B.Tech,Part-Time,2020-02-07,5,18203,3.4,1,On Leave
2704,EMP02704,Employee_02704,42,Female,Kochi,Admin,Accountant,B.Tech,Part-Time,2026-04-22,0,119033,3.5,5,Active
2705,EMP02705,Employee_02705,43,Male,Kochi,IT,Analyst,B.Tech,Full-Time,2022-06-02,3,128744,2.1,8,Inactive
2706,EMP02706,Employee_02706,44,Male,Kochi,Finance,Accountant,MCA,Contract,2024-09-06,1,43178,4.5,11,On Leave
2707,EMP02707,Employee_02707,24,Female,Bengaluru,Support,Executive,MCA,Contract,2026-04-01,0,72296,2.1,12,Active
2708,EMP02708,Employee_02708,37,Female,Bengaluru,Operations,HR Executive,MCA,Full-Time,2024-07-27,1,142028,4.1,11,Inactive
2709,EMP02709,Employee_02709,42,Male,Guntur,Admin,Manager,MCA,Full-Time,2020-05-24,5,118089,3.0,6,Active
2710,EMP02710,Employee_02710,25,Male,Mumbai,Admin,Manager,M.Tech,Full-Time,2025-05-16,0,145998,2.5,0,Inactive
2711,EMP02711,Employee_02711,32,Male,Hyderabad,Sales,Developer,MBA,Contract,2022-05-13,3,128093,2.8,7,Inactive
2712,EMP02712,Employee_02712,45,Female,Mumbai,Sales,HR Executive,MBA,Full-Time,2025-11-01,0,115315,2.3,4,Inactive
2713,EMP02713,Employee_02713,36,Female,Kolkata,Support,Accountant,B.Com,Full-Time,2024-05-06,1,87058,3.7,6,On Leave
2714,EMP02714,Employee_02714,45,Female,Mumbai,Operations,HR Executive,B.Tech,Part-Time,2023-10-14,2,146823,4.7,1,On Leave
2715,EMP02715,Employee_02715,33,Male,Kolkata,IT,Accountant,B.Sc,Contract,2024-02-05,1,72323,5.0,3,Active
2716,EMP02716,Employee_02716,44,Female,Guntur,Operations,Executive,B.Sc,Part-Time,2020-03-07,5,26486,2.4,8,On Leave
2717,EMP02717,Employee_02717,36,Male,Guntur,Admin,Accountant,B.Tech,Contract,2025-05-07,0,81426,2.1,3,Active
2718,EMP02718,Employee_02718,24,Male,Hyderabad,HR,Manager,B.Com,Contract,2024-08-29,1,115301,2.8,7,Active
2719,EMP02719,Employee_02719,32,Male,Delhi,Marketing,Developer,MCA,Contract,2021-07-21,4,94040,3.0,0,On Leave
2720,EMP02720,Employee_02720,42,Female,Vijayawada,Sales,Accountant,B.Sc,Part-Time,2020-05-29,5,72730,3.7,7,Inactive
2721,EMP02721,Employee_02721,33,Female,Pune,Sales,Developer,B.Tech,Full-Time,2021-02-02,4,74244,2.0,12,On Leave
2722,EMP02722,Employee_02722,30,Female,Kochi,Sales,Developer,MBA,Contract,2020-11-21,5,76563,2.9,9,On Leave
2723,EMP02723,Employee_02723,24,Female,Delhi,Marketing,HR Executive,MBA,Full-Time,2023-02-12,2,132735,5.0,9,On Leave
2724,EMP02724,Employee_02724,43,Female,Chennai,Finance,Support Engineer,B.Sc,Part-Time,2025-07-26,0,69026,3.1,8,Inactive
2725,EMP02725,Employee_02725,22,Male,Chennai,Sales,Tester,B.Tech,Part-Time,2024-07-13,1,19095,2.5,3,Inactive
2726,EMP02726,Employee_02726,35,Female,Kolkata,IT,Tester,B.Tech,Contract,2025-04-01,0,44760,2.6,1,On Leave
2727,EMP02727,Employee_02727,45,Female,Guntur,IT,Analyst,B.Sc,Full-Time,2021-11-10,4,21138,3.0,6,On Leave
2728,EMP02728,Employee_02728,36,Male,Kochi,Support,Executive,MBA,Full-Time,2021-06-04,4,95047,4.3,7,Inactive
2729,EMP02729,Employee_02729,36,Female,Mumbai,Marketing,Manager,B.Tech,Full-Time,2021-07-29,4,120474,3.8,8,Active
2730,EMP02730,Employee_02730,43,Female,Pune,HR,Executive,MBA,Full-Time,2022-11-29,3,57105,2.8,8,Inactive
2731,EMP02731,Employee_02731,30,Male,Kolkata,IT,Manager,MBA,Contract,2020-11-10,5,114204,2.1,1,Inactive
2732,EMP02732,Employee_02732,29,Female,Hyderabad,Support,Analyst,B.Tech,Part-Time,2021-05-13,4,49856,3.8,3,Inactive
2733,EMP02733,Employee_02733,37,Male,Delhi,Support,Manager,B.Com,Contract,2021-01-13,4,50542,4.5,9,Inactive
2734,EMP02734,Employee_02734,38,Male,Mumbai,HR,Tester,B.Tech,Full-Time,2024-08-03,1,73422,2.9,0,Active
2735,EMP02735,Employee_02735,24,Male,Mumbai,IT,Support Engineer,B.Tech,Contract,2025-10-13,0,47062,4.8,8,On Leave
2736,EMP02736,Employee_02736,26,Male,Mumbai,Marketing,Accountant,B.Tech,Contract,2022-08-06,3,100539,3.9,7,Inactive
2737,EMP02737,Employee_02737,21,Female,Vijayawada,HR,Tester,M.Tech,Contract,2024-08-23,1,90060,4.4,12,Inactive
2738,EMP02738,Employee_02738,27,Female,Delhi,Support,Tester,B.Com,Part-Time,2025-11-26,0,36142,2.1,1,Active
2739,EMP02739,Employee_02739,35,Female,Hyderabad,Admin,Tester,B.Tech,Full-Time,2021-09-16,4,104015,4.0,7,Active
2740,EMP02740,Employee_02740,29,Female,Hyderabad,Sales,Executive,MCA,Full-Time,2025-01-16,0,85704,3.9,9,On Leave
2741,EMP02741,Employee_02741,33,Female,Mumbai,HR,Developer,MBA,Full-Time,2022-07-25,3,93741,2.3,10,Active
2742,EMP02742,Employee_02742,34,Male,Delhi,Admin,HR Executive,B.Sc,Full-Time,2021-11-18,4,136206,3.1,1,On Leave
2743,EMP02743,Employee_02743,23,Female,Delhi,Marketing,HR Executive,B.Tech,Full-Time,2020-05-28,5,25015,5.0,9,Inactive
2744,EMP02744,Employee_02744,33,Male,Hyderabad,Marketing,Accountant,B.Com,Contract,2022-07-14,3,27817,3.2,4,Inactive
2745,EMP02745,Employee_02745,40,Female,Kolkata,Marketing,Analyst,MBA,Full-Time,2025-03-15,0,96725,4.6,6,On Leave
2746,EMP02746,Employee_02746,33,Female,Vijayawada,IT,Analyst,MBA,Part-Time,2022-10-06,3,45924,2.1,0,Active
2747,EMP02747,Employee_02747,31,Male,Hyderabad,Admin,Analyst,B.Tech,Full-Time,2025-05-22,0,99249,3.8,12,Inactive
2748,EMP02748,Employee_02748,39,Female,Kochi,IT,Manager,B.Tech,Part-Time,2021-03-12,4,128919,4.5,0,Inactive
2749,EMP02749,Employee_02749,23,Female,Vijayawada,Marketing,Executive,B.Sc,Full-Time,2023-04-18,2,111499,3.0,9,On Leave
2750,EMP02750,Employee_02750,30,Female,Chennai,Sales,Analyst,MBA,Contract,2025-10-26,0,124733,5.0,5,Active
2751,EMP02751,Employee_02751,44,Male,Mumbai,Finance,HR Executive,M.Tech,Part-Time,2022-05-14,3,79377,3.1,0,Inactive
2752,EMP02752,Employee_02752,44,Female,Vijayawada,Sales,Analyst,MBA,Full-Time,2022-05-28,3,119165,4.2,11,On Leave
2753,EMP02753,Employee_02753,45,Female,Kolkata,Admin,Manager,B.Sc,Contract,2023-05-27,2,130085,4.1,2,On Leave
2754,EMP02754,Employee_02754,37,Male,Kochi,Finance,Accountant,M.Tech,Part-Time,2023-11-30,2,116596,4.6,10,On Leave
2755,EMP02755,Employee_02755,42,Male,Mumbai,Sales,Analyst,MBA,Contract,2025-01-30,0,42245,2.8,1,Inactive
2756,EMP02756,Employee_02756,22,Male,Vijayawada,Sales,Support Engineer,MBA,Contract,2024-12-08,1,130832,2.0,5,Active
2757,EMP02757,Employee_02757,43,Male,Guntur,Sales,Support Engineer,B.Com,Part-Time,2021-04-30,4,49833,3.2,5,Inactive
2758,EMP02758,Employee_02758,27,Female,Delhi,Admin,Developer,B.Sc,Contract,2024-06-29,1,135403,2.0,4,On Leave
2759,EMP02759,Employee_02759,29,Female,Guntur,Finance,Support Engineer,B.Com,Full-Time,2022-08-30,3,52686,3.4,1,On Leave
2760,EMP02760,Employee_02760,31,Female,Hyderabad,IT,Developer,M.Tech,Full-Time,2020-08-12,5,24253,3.9,2,Active
2761,EMP02761,Employee_02761,23,Male,Kochi,Admin,Executive,MCA,Part-Time,2020-08-14,5,103643,3.3,6,Inactive
2762,EMP02762,Employee_02762,23,Male,Hyderabad,Finance,Executive,MCA,Part-Time,2025-10-07,0,54520,4.8,3,On Leave
2763,EMP02763,Employee_02763,39,Female,Vijayawada,Finance,Executive,M.Tech,Full-Time,2024-03-17,1,31430,4.3,10,Active
2764,EMP02764,Employee_02764,29,Female,Pune,Support,Support Engineer,B.Com,Contract,2020-09-08,5,86786,3.6,7,Inactive
2765,EMP02765,Employee_02765,40,Male,Chennai,IT,HR Executive,B.Sc,Full-Time,2020-10-14,5,54307,2.4,1,On Leave
2766,EMP02766,Employee_02766,30,Male,Hyderabad,Finance,Executive,MBA,Part-Time,2024-06-16,1,49867,3.4,1,Active
2767,EMP02767,Employee_02767,40,Female,Kochi,HR,HR Executive,MBA,Part-Time,2024-11-22,1,80583,3.3,3,Inactive
2768,EMP02768,Employee_02768,28,Male,Kochi,Sales,Manager,B.Com,Full-Time,2020-03-02,5,56624,2.7,9,On Leave
2769,EMP02769,Employee_02769,41,Male,Guntur,Sales,Accountant,MCA,Part-Time,2021-09-03,4,123465,4.4,1,On Leave
2770,EMP02770,Employee_02770,31,Male,Kochi,Support,Tester,B.Com,Part-Time,2026-05-14,0,61362,4.8,5,On Leave
2771,EMP02771,Employee_02771,29,Female,Kolkata,Support,Analyst,B.Tech,Full-Time,2025-10-31,0,83093,4.4,11,Inactive
2772,EMP02772,Employee_02772,28,Male,Delhi,Admin,Accountant,B.Tech,Part-Time,2022-06-30,3,30145,3.3,0,Inactive
2773,EMP02773,Employee_02773,40,Male,Vijayawada,Admin,Developer,B.Sc,Part-Time,2023-11-25,2,32624,4.3,6,On Leave
2774,EMP02774,Employee_02774,43,Female,Guntur,Sales,Accountant,B.Sc,Full-Time,2021-02-05,4,57831,2.0,11,Inactive
2775,EMP02775,Employee_02775,44,Male,Chennai,Sales,Support Engineer,MCA,Part-Time,2022-01-01,4,122028,3.2,0,Active
2776,EMP02776,Employee_02776,21,Female,Vijayawada,Sales,Accountant,MCA,Full-Time,2026-01-01,0,63930,3.9,5,On Leave
2777,EMP02777,Employee_02777,36,Male,Mumbai,Admin,Tester,M.Tech,Full-Time,2024-01-10,1,100797,4.3,1,Active
2778,EMP02778,Employee_02778,36,Male,Pune,Support,Manager,B.Com,Part-Time,2020-09-20,5,74772,5.0,7,On Leave
2779,EMP02779,Employee_02779,34,Female,Chennai,Sales,Executive,B.Tech,Full-Time,2025-03-11,0,45282,2.3,5,On Leave
2780,EMP02780,Employee_02780,32,Male,Kochi,Finance,Tester,M.Tech,Contract,2020-06-24,5,122313,4.9,0,Active
2781,EMP02781,Employee_02781,35,Male,Hyderabad,Admin,Executive,B.Tech,Full-Time,2025-09-25,0,76503,4.9,2,On Leave
2782,EMP02782,Employee_02782,28,Female,Kolkata,Operations,Manager,B.Sc,Full-Time,2024-12-12,1,129872,4.9,12,Inactive
2783,EMP02783,Employee_02783,21,Female,Chennai,Admin,Tester,M.Tech,Full-Time,2021-07-01,4,34791,3.9,0,Inactive
2784,EMP02784,Employee_02784,36,Female,Delhi,HR,Manager,MCA,Contract,2021-10-18,4,130690,4.3,3,On Leave
2785,EMP02785,Employee_02785,32,Male,Hyderabad,Operations,Analyst,B.Tech,Contract,2023-09-02,2,105036,2.3,11,Active
2786,EMP02786,Employee_02786,43,Female,Chennai,Sales,Developer,B.Tech,Full-Time,2023-05-28,2,85091,4.1,2,Inactive
2787,EMP02787,Employee_02787,35,Male,Chennai,Sales,Developer,M.Tech,Full-Time,2020-02-13,5,53295,2.4,5,On Leave
2788,EMP02788,Employee_02788,42,Female,Pune,Admin,Support Engineer,B.Sc,Contract,2023-01-17,2,55315,4.6,10,Active
2789,EMP02789,Employee_02789,45,Male,Kochi,HR,HR Executive,M.Tech,Part-Time,2024-11-15,1,55105,4.5,8,Active
2790,EMP02790,Employee_02790,34,Female,Mumbai,IT,Executive,B.Sc,Full-Time,2021-05-22,4,129744,3.8,8,Inactive
2791,EMP02791,Employee_02791,29,Female,Bengaluru,Support,HR Executive,B.Com,Contract,2024-03-11,1,84249,2.2,0,Inactive
2792,EMP02792,Employee_02792,21,Female,Kolkata,IT,Analyst,B.Com,Contract,2020-01-18,5,93338,2.9,11,On Leave
2793,EMP02793,Employee_02793,36,Female,Chennai,IT,Manager,B.Com,Full-Time,2021-01-24,4,124749,2.9,9,Active
2794,EMP02794,Employee_02794,21,Female,Kochi,Support,Analyst,M.Tech,Contract,2024-01-09,1,101322,4.5,10,Active
2795,EMP02795,Employee_02795,31,Male,Pune,Finance,Manager,M.Tech,Contract,2021-05-15,4,60579,4.1,5,Active
2796,EMP02796,Employee_02796,37,Female,Mumbai,Sales,Support Engineer,B.Com,Contract,2023-08-21,2,68621,5.0,10,Active
2797,EMP02797,Employee_02797,36,Male,Kochi,Operations,Developer,B.Tech,Full-Time,2023-06-07,2,124061,2.5,5,Active
2798,EMP02798,Employee_02798,45,Female,Chennai,Admin,Accountant,M.Tech,Contract,2023-09-12,2,59722,4.5,5,On Leave
2799,EMP02799,Employee_02799,26,Female,Mumbai,IT,Executive,B.Tech,Part-Time,2026-01-13,0,123346,2.1,1,Inactive
2800,EMP02800,Employee_02800,37,Female,Bengaluru,Support,Analyst,B.Com,Full-Time,2025-12-25,0,19833,4.1,9,Active
2801,EMP02801,Employee_02801,32,Female,Delhi,Finance,Developer,B.Com,Contract,2022-06-20,3,104108,4.9,12,Inactive
2802,EMP02802,Employee_02802,34,Male,Bengaluru,Sales,Accountant,MCA,Contract,2026-04-27,0,134117,3.0,7,Active
2803,EMP02803,Employee_02803,43,Female,Chennai,Admin,Tester,B.Com,Contract,2020-03-16,5,98071,4.3,7,Active
2804,EMP02804,Employee_02804,33,Female,Hyderabad,HR,Support Engineer,M.Tech,Full-Time,2020-12-25,5,18147,3.6,5,Active
2805,EMP02805,Employee_02805,45,Female,Hyderabad,IT,Executive,B.Com,Part-Time,2021-04-21,4,71767,2.6,11,Inactive
2806,EMP02806,Employee_02806,25,Female,Guntur,HR,Analyst,M.Tech,Full-Time,2020-10-15,5,77580,2.0,7,On Leave
2807,EMP02807,Employee_02807,40,Male,Vijayawada,HR,Support Engineer,M.Tech,Part-Time,2026-06-01,0,143610,3.7,9,Active
2808,EMP02808,Employee_02808,27,Female,Chennai,Operations,HR Executive,MCA,Contract,2022-06-21,3,145336,4.2,8,Active
2809,EMP02809,Employee_02809,45,Female,Guntur,Sales,Developer,M.Tech,Contract,2026-02-14,0,85686,4.3,9,Active
2810,EMP02810,Employee_02810,36,Female,Mumbai,Operations,Accountant,M.Tech,Contract,2020-01-17,5,80183,3.5,4,On Leave
2811,EMP02811,Employee_02811,30,Female,Guntur,Finance,HR Executive,B.Sc,Part-Time,2022-10-31,3,90641,2.3,0,On Leave
2812,EMP02812,Employee_02812,30,Female,Kochi,HR,HR Executive,B.Tech,Contract,2023-11-07,2,78885,2.9,7,Inactive
2813,EMP02813,Employee_02813,31,Female,Kochi,IT,Accountant,MCA,Contract,2022-10-18,3,72866,4.8,8,On Leave
2814,EMP02814,Employee_02814,32,Male,Vijayawada,Operations,HR Executive,M.Tech,Contract,2024-10-23,1,100372,3.4,12,Active
2815,EMP02815,Employee_02815,36,Female,Hyderabad,Admin,Executive,B.Tech,Part-Time,2024-03-29,1,99115,5.0,3,On Leave
2816,EMP02816,Employee_02816,42,Male,Pune,Operations,Developer,M.Tech,Contract,2021-02-04,4,140151,3.4,6,Active
2817,EMP02817,Employee_02817,37,Male,Pune,Sales,Support Engineer,B.Com,Full-Time,2025-07-07,0,75124,3.2,2,Active
2818,EMP02818,Employee_02818,34,Female,Hyderabad,Finance,Executive,B.Tech,Full-Time,2022-02-13,3,107146,2.4,8,On Leave
2819,EMP02819,Employee_02819,31,Female,Delhi,HR,Tester,MCA,Part-Time,2024-05-27,1,69266,2.5,3,Active
2820,EMP02820,Employee_02820,40,Male,Mumbai,Admin,Accountant,B.Tech,Part-Time,2022-12-11,3,32058,2.6,2,Inactive
2821,EMP02821,Employee_02821,22,Female,Delhi,Admin,Developer,B.Sc,Full-Time,2023-09-12,2,81707,4.1,5,Active
2822,EMP02822,Employee_02822,24,Female,Mumbai,Marketing,Support Engineer,MCA,Part-Time,2024-08-10,1,141276,2.8,3,Inactive
2823,EMP02823,Employee_02823,24,Male,Kochi,HR,Manager,MBA,Contract,2024-05-23,1,59973,2.3,9,On Leave
2824,EMP02824,Employee_02824,34,Female,Bengaluru,Finance,Manager,B.Sc,Contract,2020-02-28,5,103177,2.1,11,On Leave
2825,EMP02825,Employee_02825,41,Female,Guntur,Operations,Executive,M.Tech,Full-Time,2022-08-28,3,24924,3.1,4,Inactive
2826,EMP02826,Employee_02826,32,Female,Hyderabad,Finance,HR Executive,B.Sc,Contract,2024-02-28,1,102893,4.4,5,Inactive
2827,EMP02827,Employee_02827,21,Female,Pune,Sales,Manager,MBA,Part-Time,2024-10-21,1,148999,3.5,12,Active
2828,EMP02828,Employee_02828,44,Male,Hyderabad,Finance,Executive,MBA,Contract,2026-06-19,0,34178,2.8,6,Inactive
2829,EMP02829,Employee_02829,34,Male,Chennai,IT,Accountant,B.Com,Part-Time,2021-08-05,4,22553,2.6,10,On Leave
2830,EMP02830,Employee_02830,33,Male,Guntur,Admin,Developer,M.Tech,Full-Time,2020-04-05,5,45311,3.4,9,Inactive
2831,EMP02831,Employee_02831,26,Male,Mumbai,Marketing,Developer,MBA,Part-Time,2021-03-17,4,28137,2.2,9,On Leave
2832,EMP02832,Employee_02832,26,Male,Kolkata,Sales,Executive,M.Tech,Full-Time,2025-05-02,0,48016,3.1,11,On Leave
2833,EMP02833,Employee_02833,44,Male,Bengaluru,IT,Support Engineer,B.Sc,Full-Time,2020-10-24,5,59301,3.7,6,Inactive
2834,EMP02834,Employee_02834,26,Male,Kolkata,Finance,Manager,MCA,Full-Time,2020-12-14,5,63439,4.8,0,On Leave
2835,EMP02835,Employee_02835,35,Male,Delhi,Marketing,Support Engineer,MBA,Contract,2025-03-12,0,91329,2.5,12,On Leave
2836,EMP02836,Employee_02836,35,Male,Guntur,Sales,Manager,B.Sc,Contract,2026-01-02,0,61650,4.7,2,On Leave
2837,EMP02837,Employee_02837,43,Female,Kochi,IT,Tester,B.Com,Part-Time,2025-10-24,0,24761,4.9,2,On Leave
2838,EMP02838,Employee_02838,32,Female,Vijayawada,Support,Developer,MCA,Part-Time,2024-09-12,1,149929,3.7,2,On Leave
2839,EMP02839,Employee_02839,41,Female,Chennai,Marketing,Support Engineer,B.Sc,Part-Time,2020-03-20,5,129827,4.7,4,Inactive
2840,EMP02840,Employee_02840,35,Female,Kolkata,Marketing,Developer,MBA,Full-Time,2022-06-09,3,140100,4.1,7,On Leave
2841,EMP02841,Employee_02841,34,Male,Guntur,HR,Manager,MCA,Contract,2023-01-21,2,101382,3.4,7,On Leave
2842,EMP02842,Employee_02842,25,Male,Kochi,Finance,Manager,MBA,Contract,2025-02-01,0,98298,2.5,8,On Leave
2843,EMP02843,Employee_02843,43,Male,Hyderabad,Operations,Executive,MBA,Full-Time,2020-10-18,5,117000,2.8,7,On Leave
2844,EMP02844,Employee_02844,34,Female,Kolkata,IT,Executive,B.Tech,Contract,2025-10-14,0,26722,3.0,11,On Leave
2845,EMP02845,Employee_02845,33,Female,Bengaluru,Finance,Accountant,MCA,Contract,2024-07-02,1,98114,5.0,9,Active
2846,EMP02846,Employee_02846,26,Female,Pune,Operations,Tester,B.Tech,Part-Time,2021-05-19,4,86815,2.4,10,Active
2847,EMP02847,Employee_02847,39,Female,Kolkata,IT,Accountant,B.Tech,Contract,2020-12-13,5,40439,4.9,8,Active
2848,EMP02848,Employee_02848,21,Female,Chennai,IT,Accountant,MBA,Contract,2025-04-14,0,122958,3.5,1,Active
2849,EMP02849,Employee_02849,36,Male,Guntur,Operations,Accountant,MCA,Part-Time,2020-08-12,5,92771,2.2,3,Inactive
2850,EMP02850,Employee_02850,41,Male,Delhi,HR,Analyst,B.Tech,Contract,2021-09-13,4,94984,3.2,10,Active
2851,EMP02851,Employee_02851,42,Female,Kolkata,Operations,Developer,M.Tech,Full-Time,2020-07-28,5,140940,2.2,1,Active
2852,EMP02852,Employee_02852,22,Female,Chennai,Sales,Manager,B.Tech,Full-Time,2024-03-04,1,56953,3.0,4,Active
2853,EMP02853,Employee_02853,40,Female,Mumbai,Admin,Support Engineer,M.Tech,Full-Time,2021-12-06,4,141382,3.1,9,On Leave
2854,EMP02854,Employee_02854,31,Male,Delhi,Finance,HR Executive,M.Tech,Contract,2024-09-25,1,136306,4.2,4,On Leave
2855,EMP02855,Employee_02855,42,Female,Mumbai,HR,Support Engineer,M.Tech,Full-Time,2022-11-22,3,61453,2.2,1,Inactive
2856,EMP02856,Employee_02856,22,Male,Vijayawada,Sales,Accountant,MBA,Part-Time,2023-04-09,2,114046,2.3,3,On Leave
2857,EMP02857,Employee_02857,45,Female,Hyderabad,Operations,Support Engineer,MBA,Full-Time,2026-06-06,0,135254,3.1,1,Inactive
2858,EMP02858,Employee_02858,40,Female,Kochi,Support,Analyst,B.Com,Part-Time,2023-05-18,2,30170,4.4,8,On Leave
2859,EMP02859,Employee_02859,37,Female,Kolkata,Support,Manager,B.Com,Contract,2020-05-22,5,33286,2.6,12,Active
2860,EMP02860,Employee_02860,35,Female,Pune,Finance,Tester,B.Com,Full-Time,2023-12-27,2,84975,2.8,0,Inactive
2861,EMP02861,Employee_02861,35,Male,Hyderabad,Operations,Analyst,MCA,Part-Time,2021-08-18,4,46647,2.3,1,Inactive
2862,EMP02862,Employee_02862,37,Male,Pune,Operations,HR Executive,B.Tech,Contract,2024-10-03,1,102281,3.8,2,On Leave
2863,EMP02863,Employee_02863,22,Female,Kolkata,IT,Developer,B.Sc,Full-Time,2022-05-08,3,137002,4.2,3,On Leave
2864,EMP02864,Employee_02864,29,Male,Hyderabad,Operations,Support Engineer,B.Com,Contract,2024-09-10,1,58596,3.0,7,Active
2865,EMP02865,Employee_02865,37,Male,Kochi,Finance,Analyst,B.Com,Part-Time,2026-06-10,0,144948,4.8,8,On Leave
2866,EMP02866,Employee_02866,40,Male,Mumbai,Finance,Executive,MBA,Full-Time,2022-11-12,3,91411,3.3,6,Inactive
2867,EMP02867,Employee_02867,29,Male,Mumbai,Support,Analyst,MBA,Full-Time,2026-02-21,0,142371,5.0,2,Inactive
2868,EMP02868,Employee_02868,38,Male,Kochi,Finance,HR Executive,MBA,Part-Time,2023-10-08,2,30430,4.4,5,On Leave
2869,EMP02869,Employee_02869,37,Female,Vijayawada,Operations,Tester,B.Com,Part-Time,2025-08-24,0,137274,3.8,8,On Leave
2870,EMP02870,Employee_02870,35,Female,Hyderabad,HR,Manager,M.Tech,Contract,2022-11-22,3,95309,4.9,3,On Leave
2871,EMP02871,Employee_02871,34,Female,Chennai,Admin,Support Engineer,M.Tech,Full-Time,2022-05-22,3,18854,4.1,9,On Leave
2872,EMP02872,Employee_02872,27,Male,Bengaluru,Finance,Tester,MCA,Part-Time,2026-07-09,0,83842,3.1,3,Inactive
2873,EMP02873,Employee_02873,40,Female,Guntur,HR,Analyst,B.Com,Part-Time,2025-05-14,0,81544,3.3,12,On Leave
2874,EMP02874,Employee_02874,25,Male,Vijayawada,IT,HR Executive,B.Com,Contract,2024-07-04,1,52685,4.1,3,Inactive
2875,EMP02875,Employee_02875,21,Female,Hyderabad,Finance,Manager,MBA,Contract,2025-10-24,0,100856,4.9,1,Inactive
2876,EMP02876,Employee_02876,28,Male,Vijayawada,HR,HR Executive,M.Tech,Contract,2022-09-15,3,31856,2.6,7,Active
2877,EMP02877,Employee_02877,30,Female,Pune,HR,Analyst,B.Sc,Contract,2023-03-10,2,137686,4.6,5,Active
2878,EMP02878,Employee_02878,38,Female,Kolkata,IT,HR Executive,MBA,Full-Time,2022-05-08,3,21758,3.5,2,Inactive
2879,EMP02879,Employee_02879,32,Male,Delhi,Support,Support Engineer,M.Tech,Part-Time,2023-05-08,2,104855,3.5,6,Active
2880,EMP02880,Employee_02880,21,Male,Delhi,Finance,Analyst,B.Sc,Contract,2025-11-11,0,61318,3.9,8,On Leave
2881,EMP02881,Employee_02881,33,Female,Guntur,Marketing,Manager,MCA,Contract,2026-01-22,0,131453,3.8,5,Active
2882,EMP02882,Employee_02882,30,Male,Hyderabad,Sales,Analyst,M.Tech,Full-Time,2025-12-21,0,135704,4.7,5,On Leave
2883,EMP02883,Employee_02883,40,Male,Pune,Finance,Developer,B.Sc,Part-Time,2021-11-17,4,138657,2.3,11,Inactive
2884,EMP02884,Employee_02884,34,Female,Kolkata,Support,Manager,MBA,Contract,2025-11-12,0,94802,2.4,7,On Leave
2885,EMP02885,Employee_02885,26,Female,Hyderabad,Sales,Manager,B.Tech,Contract,2023-10-16,2,141521,2.4,7,Inactive
2886,EMP02886,Employee_02886,38,Male,Hyderabad,Support,Manager,M.Tech,Contract,2025-01-12,0,77374,4.5,7,Active
2887,EMP02887,Employee_02887,29,Female,Vijayawada,Sales,Support Engineer,MBA,Full-Time,2022-06-27,3,108953,4.4,12,Active
2888,EMP02888,Employee_02888,35,Male,Hyderabad,Marketing,Support Engineer,B.Sc,Part-Time,2021-06-12,4,148994,3.9,12,On Leave
2889,EMP02889,Employee_02889,43,Female,Pune,Finance,Manager,MCA,Part-Time,2023-12-31,2,141159,2.7,2,Inactive
2890,EMP02890,Employee_02890,30,Male,Delhi,Operations,Support Engineer,B.Com,Part-Time,2020-04-02,5,60786,4.4,0,On Leave
2891,EMP02891,Employee_02891,39,Male,Mumbai,HR,Analyst,MBA,Part-Time,2022-07-02,3,135930,4.7,7,On Leave
2892,EMP02892,Employee_02892,23,Female,Guntur,Admin,Executive,MCA,Part-Time,2026-01-10,0,112289,4.4,6,Inactive
2893,EMP02893,Employee_02893,40,Female,Guntur,Admin,Executive,B.Sc,Full-Time,2024-04-05,1,20663,2.9,4,On Leave
2894,EMP02894,Employee_02894,40,Female,Kolkata,Operations,Support Engineer,MCA,Part-Time,2021-12-31,4,36495,4.9,2,On Leave
2895,EMP02895,Employee_02895,21,Male,Pune,Marketing,Support Engineer,MCA,Contract,2024-11-27,1,20770,4.0,6,On Leave
2896,EMP02896,Employee_02896,26,Female,Hyderabad,Operations,Executive,B.Tech,Full-Time,2023-02-16,2,128558,2.8,7,Active
2897,EMP02897,Employee_02897,28,Male,Pune,Admin,Analyst,MBA,Full-Time,2020-07-12,5,82209,3.7,0,On Leave
2898,EMP02898,Employee_02898,28,Male,Delhi,HR,Developer,MCA,Contract,2022-07-05,3,111284,3.3,9,Active
2899,EMP02899,Employee_02899,32,Male,Delhi,Support,Accountant,B.Tech,Full-Time,2021-04-24,4,75267,2.6,4,On Leave
2900,EMP02900,Employee_02900,36,Male,Delhi,Support,Support Engineer,MCA,Part-Time,2025-01-16,0,61437,3.5,7,On Leave
2901,EMP02901,Employee_02901,35,Female,Kochi,Operations,Support Engineer,B.Com,Full-Time,2024-02-16,1,95546,3.1,7,Inactive
2902,EMP02902,Employee_02902,41,Male,Kochi,HR,Accountant,B.Tech,Part-Time,2023-08-20,2,80912,4.1,6,On Leave
2903,EMP02903,Employee_02903,30,Female,Chennai,Operations,Manager,M.Tech,Contract,2024-02-02,1,37479,3.7,9,Inactive
2904,EMP02904,Employee_02904,22,Male,Bengaluru,Support,Support Engineer,B.Tech,Full-Time,2021-08-10,4,136785,4.7,12,On Leave
2905,EMP02905,Employee_02905,23,Female,Mumbai,Marketing,Support Engineer,B.Sc,Full-Time,2022-01-27,3,96477,4.5,5,Active
2906,EMP02906,Employee_02906,42,Female,Vijayawada,Sales,Developer,MCA,Contract,2020-06-14,5,53522,3.4,6,On Leave
2907,EMP02907,Employee_02907,30,Female,Pune,Finance,Analyst,B.Sc,Contract,2021-08-02,4,32859,2.6,11,Inactive
2908,EMP02908,Employee_02908,21,Female,Pune,Marketing,Developer,MCA,Part-Time,2023-03-16,2,63317,3.7,12,Active
2909,EMP02909,Employee_02909,43,Female,Chennai,Operations,Accountant,MCA,Part-Time,2021-12-22,4,41212,4.5,0,On Leave
2910,EMP02910,Employee_02910,22,Female,Bengaluru,Finance,Executive,B.Sc,Part-Time,2026-05-16,0,25054,2.8,7,Inactive
2911,EMP02911,Employee_02911,21,Male,Bengaluru,Sales,Tester,M.Tech,Contract,2024-07-23,1,40634,3.7,9,Active
2912,EMP02912,Employee_02912,37,Male,Kochi,Support,Manager,MBA,Part-Time,2022-12-09,3,114177,3.4,3,On Leave
2913,EMP02913,Employee_02913,23,Male,Bengaluru,HR,Manager,B.Tech,Full-Time,2024-08-30,1,66664,3.5,4,On Leave
2914,EMP02914,Employee_02914,43,Male,Bengaluru,Marketing,Tester,MCA,Full-Time,2020-12-19,5,71429,3.5,3,Active
2915,EMP02915,Employee_02915,40,Male,Kochi,Support,HR Executive,B.Com,Part-Time,2025-11-23,0,31301,3.7,10,Active
2916,EMP02916,Employee_02916,24,Male,Kolkata,Finance,Analyst,M.Tech,Full-Time,2022-02-10,3,46230,4.0,9,Active
2917,EMP02917,Employee_02917,33,Male,Guntur,Support,Accountant,B.Tech,Part-Time,2023-08-07,2,72236,2.3,2,On Leave
2918,EMP02918,Employee_02918,36,Male,Kolkata,HR,Analyst,MCA,Part-Time,2020-10-10,5,40302,2.0,10,Inactive
2919,EMP02919,Employee_02919,31,Male,Chennai,IT,Executive,B.Com,Part-Time,2020-05-26,5,25909,2.3,11,On Leave
2920,EMP02920,Employee_02920,34,Female,Kolkata,Admin,HR Executive,B.Com,Full-Time,2024-02-15,1,25291,4.9,1,On Leave
2921,EMP02921,Employee_02921,35,Female,Vijayawada,Finance,Executive,B.Tech,Part-Time,2025-07-24,0,108899,4.3,2,On Leave
2922,EMP02922,Employee_02922,24,Female,Kolkata,HR,Analyst,M.Tech,Contract,2022-05-05,3,121382,2.1,3,On Leave
2923,EMP02923,Employee_02923,31,Male,Kochi,Support,Executive,B.Tech,Part-Time,2020-08-12,5,133210,4.9,0,Inactive
2924,EMP02924,Employee_02924,21,Female,Guntur,Support,HR Executive,M.Tech,Contract,2025-03-05,0,21582,3.0,9,Active
2925,EMP02925,Employee_02925,45,Male,Hyderabad,Admin,Analyst,M.Tech,Contract,2021-07-14,4,82964,2.7,7,Inactive
2926,EMP02926,Employee_02926,21,Female,Hyderabad,Support,Executive,B.Sc,Full-Time,2025-11-11,0,24927,3.7,1,Active
2927,EMP02927,Employee_02927,27,Female,Kolkata,Admin,Tester,B.Com,Contract,2023-05-06,2,26027,4.4,6,On Leave
2928,EMP02928,Employee_02928,38,Male,Pune,Admin,Support Engineer,MCA,Contract,2025-11-25,0,68514,3.9,10,Active
2929,EMP02929,Employee_02929,36,Male,Delhi,Operations,Tester,B.Com,Part-Time,2026-06-24,0,66890,2.4,5,Active
2930,EMP02930,Employee_02930,40,Male,Pune,Marketing,Manager,B.Sc,Part-Time,2022-05-16,3,47970,4.7,6,Inactive
2931,EMP02931,Employee_02931,38,Male,Guntur,Sales,Manager,B.Sc,Contract,2026-01-31,0,72051,3.6,7,Active
2932,EMP02932,Employee_02932,29,Female,Kolkata,Marketing,HR Executive,MBA,Part-Time,2020-05-13,5,79704,3.2,7,On Leave
2933,EMP02933,Employee_02933,44,Male,Guntur,Sales,Accountant,B.Tech,Full-Time,2024-10-30,1,143726,4.8,4,Active
2934,EMP02934,Employee_02934,28,Male,Kochi,Admin,Accountant,MBA,Full-Time,2024-06-27,1,45695,3.4,5,Active
2935,EMP02935,Employee_02935,32,Male,Mumbai,Marketing,Analyst,B.Com,Part-Time,2022-12-01,3,97143,2.0,1,Active
2936,EMP02936,Employee_02936,24,Female,Bengaluru,HR,HR Executive,MCA,Part-Time,2026-02-06,0,99685,4.1,11,Active
2937,EMP02937,Employee_02937,30,Female,Bengaluru,HR,Manager,MBA,Contract,2021-02-21,4,119373,4.8,3,On Leave
2938,EMP02938,Employee_02938,31,Female,Guntur,Operations,Tester,B.Sc,Contract,2020-03-31,5,107573,3.0,10,Inactive
2939,EMP02939,Employee_02939,28,Male,Vijayawada,Admin,Analyst,B.Com,Full-Time,2025-08-13,0,117555,3.5,4,Active
2940,EMP02940,Employee_02940,42,Female,Delhi,Operations,HR Executive,MBA,Full-Time,2023-04-03,2,89484,3.9,5,Active
2941,EMP02941,Employee_02941,21,Male,Chennai,Admin,Manager,B.Sc,Contract,2022-08-03,3,40605,2.3,6,Inactive
2942,EMP02942,Employee_02942,29,Female,Pune,Support,Executive,MCA,Part-Time,2025-04-15,0,50953,4.1,10,On Leave
2943,EMP02943,Employee_02943,39,Female,Hyderabad,Sales,Tester,B.Tech,Contract,2020-08-14,5,103155,4.5,10,On Leave
2944,EMP02944,Employee_02944,23,Male,Kolkata,HR,Analyst,B.Sc,Part-Time,2026-06-07,0,124532,4.0,5,On Leave
2945,EMP02945,Employee_02945,45,Female,Kolkata,Marketing,Executive,M.Tech,Part-Time,2022-11-29,3,23049,2.7,8,Inactive
2946,EMP02946,Employee_02946,21,Female,Kochi,Operations,Analyst,B.Com,Full-Time,2020-05-18,5,128093,2.5,7,On Leave
2947,EMP02947,Employee_02947,29,Female,Kochi,Operations,Tester,B.Sc,Full-Time,2023-12-26,2,92733,3.8,6,On Leave
2948,EMP02948,Employee_02948,43,Female,Delhi,Finance,Developer,B.Tech,Full-Time,2025-05-03,0,110727,4.5,2,Inactive
2949,EMP02949,Employee_02949,41,Female,Kochi,Marketing,Support Engineer,MCA,Full-Time,2020-09-30,5,135133,2.6,4,Active
2950,EMP02950,Employee_02950,42,Male,Kolkata,Sales,Manager,MBA,Part-Time,2023-07-06,2,48813,4.4,11,On Leave
2951,EMP02951,Employee_02951,40,Male,Hyderabad,HR,Accountant,B.Tech,Part-Time,2025-10-07,0,145510,4.2,10,On Leave
2952,EMP02952,Employee_02952,25,Female,Guntur,HR,Executive,B.Tech,Part-Time,2021-02-27,4,92414,3.9,5,On Leave
2953,EMP02953,Employee_02953,38,Male,Pune,Operations,Support Engineer,B.Sc,Contract,2023-05-20,2,91883,2.3,4,Active
2954,EMP02954,Employee_02954,36,Female,Delhi,Support,Accountant,MCA,Contract,2022-05-23,3,62297,4.0,12,Active
2955,EMP02955,Employee_02955,22,Female,Mumbai,Admin,Accountant,B.Tech,Full-Time,2022-05-02,3,54312,3.2,5,Inactive
2956,EMP02956,Employee_02956,38,Male,Kolkata,Admin,Developer,M.Tech,Contract,2025-10-21,0,52051,4.7,11,On Leave
2957,EMP02957,Employee_02957,23,Male,Bengaluru,Support,Analyst,B.Tech,Part-Time,2023-02-11,2,18531,3.5,9,Inactive
2958,EMP02958,Employee_02958,29,Male,Kochi,Sales,Developer,MCA,Part-Time,2022-11-21,3,118093,4.1,1,Inactive
2959,EMP02959,Employee_02959,26,Male,Kolkata,Operations,Manager,B.Sc,Part-Time,2023-05-27,2,97160,4.6,7,On Leave
2960,EMP02960,Employee_02960,30,Female,Kolkata,HR,Manager,B.Com,Full-Time,2025-05-31,0,147912,3.4,0,Active
2961,EMP02961,Employee_02961,24,Male,Kolkata,Finance,Manager,MBA,Part-Time,2023-10-01,2,59110,2.3,10,On Leave
2962,EMP02962,Employee_02962,22,Male,Chennai,Support,Support Engineer,M.Tech,Full-Time,2026-07-26,0,125242,4.0,6,On Leave
2963,EMP02963,Employee_02963,39,Female,Guntur,Finance,Analyst,M.Tech,Full-Time,2022-05-30,3,112635,3.4,6,Active
2964,EMP02964,Employee_02964,42,Male,Vijayawada,IT,Executive,MBA,Contract,2022-02-12,3,141833,2.0,12,Active
2965,EMP02965,Employee_02965,41,Female,Kochi,Sales,Manager,B.Tech,Part-Time,2025-12-01,0,127291,4.8,11,On Leave
2966,EMP02966,Employee_02966,39,Male,Guntur,Admin,Tester,MCA,Part-Time,2020-05-23,5,79493,2.8,4,Inactive
2967,EMP02967,Employee_02967,40,Female,Mumbai,Operations,HR Executive,B.Com,Part-Time,2021-12-21,4,125438,3.0,7,Active
2968,EMP02968,Employee_02968,36,Male,Kochi,Finance,Analyst,MBA,Contract,2024-10-15,1,121590,3.1,4,Inactive
2969,EMP02969,Employee_02969,36,Male,Pune,Marketing,Support Engineer,B.Sc,Full-Time,2025-08-03,0,109756,2.0,12,Active
2970,EMP02970,Employee_02970,34,Male,Pune,Finance,HR Executive,M.Tech,Part-Time,2022-01-31,3,65068,3.2,3,Inactive
2971,EMP02971,Employee_02971,32,Male,Vijayawada,Marketing,Developer,M.Tech,Part-Time,2021-12-04,4,134208,2.7,0,Active
2972,EMP02972,Employee_02972,23,Male,Mumbai,Admin,HR Executive,M.Tech,Part-Time,2023-10-04,2,131424,3.5,2,Inactive
2973,EMP02973,Employee_02973,25,Female,Kochi,IT,Developer,M.Tech,Part-Time,2021-05-15,4,107810,4.1,3,Active
2974,EMP02974,Employee_02974,44,Male,Chennai,Admin,HR Executive,B.Sc,Full-Time,2024-06-24,1,125005,3.8,3,Inactive
2975,EMP02975,Employee_02975,25,Male,Vijayawada,Finance,Executive,MBA,Contract,2021-06-14,4,111048,4.1,2,Active
2976,EMP02976,Employee_02976,31,Male,Vijayawada,IT,Developer,MCA,Contract,2022-02-01,3,72499,2.3,3,On Leave
2977,EMP02977,Employee_02977,25,Male,Vijayawada,IT,Tester,B.Sc,Full-Time,2023-07-02,2,72425,2.8,0,Active
2978,EMP02978,Employee_02978,42,Male,Kolkata,Marketing,Support Engineer,MBA,Contract,2022-03-16,3,50450,3.9,8,Active
2979,EMP02979,Employee_02979,32,Male,Mumbai,Admin,Executive,MBA,Full-Time,2021-06-07,4,145628,4.7,10,On Leave
2980,EMP02980,Employee_02980,43,Male,Vijayawada,Support,HR Executive,MCA,Full-Time,2025-11-15,0,115434,4.3,10,On Leave
2981,EMP02981,Employee_02981,30,Female,Mumbai,Finance,Analyst,B.Com,Part-Time,2024-04-30,1,114869,4.5,5,On Leave
2982,EMP02982,Employee_02982,28,Female,Mumbai,IT,Support Engineer,B.Sc,Contract,2026-01-18,0,139521,3.9,2,Active
2983,EMP02983,Employee_02983,27,Male,Mumbai,Finance,Executive,M.Tech,Contract,2025-01-18,0,130374,3.6,5,Active
2984,EMP02984,Employee_02984,40,Female,Kolkata,Sales,Executive,B.Tech,Contract,2022-06-24,3,137751,3.8,9,Inactive
2985,EMP02985,Employee_02985,28,Female,Kochi,Support,Support Engineer,B.Com,Full-Time,2020-04-03,5,61248,2.3,8,On Leave
2986,EMP02986,Employee_02986,25,Female,Kolkata,Support,Developer,MBA,Contract,2020-05-02,5,104932,2.0,6,Inactive
2987,EMP02987,Employee_02987,30,Female,Kochi,Support,Executive,B.Sc,Contract,2022-07-03,3,147554,3.3,1,On Leave
2988,EMP02988,Employee_02988,44,Male,Kolkata,Operations,Manager,B.Com,Full-Time,2024-01-07,1,41337,4.7,0,Inactive
2989,EMP02989,Employee_02989,26,Female,Pune,Admin,Tester,B.Sc,Contract,2024-04-10,1,58030,2.3,5,On Leave
2990,EMP02990,Employee_02990,28,Female,Hyderabad,Sales,Support Engineer,B.Com,Contract,2024-08-25,1,85415,3.8,9,Inactive
2991,EMP02991,Employee_02991,32,Female,Pune,HR,Accountant,B.Tech,Contract,2024-08-25,1,132158,4.3,10,Inactive
2992,EMP02992,Employee_02992,22,Male,Chennai,Admin,Executive,MBA,Contract,2022-06-08,3,32044,2.4,1,Inactive
2993,EMP02993,Employee_02993,42,Female,Pune,Finance,Manager,M.Tech,Full-Time,2022-06-26,3,61973,3.1,6,Inactive
2994,EMP02994,Employee_02994,35,Male,Guntur,Support,Developer,B.Tech,Contract,2025-08-30,0,88228,3.7,9,Active
2995,EMP02995,Employee_02995,40,Female,Guntur,IT,Accountant,B.Sc,Contract,2020-05-16,5,20720,2.9,8,Active
2996,EMP02996,Employee_02996,30,Male,Vijayawada,Operations,Support Engineer,M.Tech,Part-Time,2024-08-20,1,97745,4.8,7,Active
2997,EMP02997,Employee_02997,34,Male,Kochi,Sales,Accountant,B.Tech,Part-Time,2025-06-06,0,33277,4.4,9,Inactive
2998,EMP02998,Employee_02998,41,Female,Pune,Marketing,HR Executive,MBA,Contract,2024-02-07,1,46165,2.0,5,Inactive
2999,EMP02999,Employee_02999,36,Female,Kolkata,IT,Support Engineer,B.Sc,Contract,2022-11-10,3,73943,4.1,3,On Leave
3000,EMP03000,Employee_03000,42,Male,Kolkata,Sales,Accountant,MCA,Part-Time,2020-05-02,5,104967,3.2,5,On Leave
3001,EMP03001,Employee_03001,35,Male,Vijayawada,Marketing,Executive,B.Com,Part-Time,2025-01-14,0,41742,3.8,12,Active
3002,EMP03002,Employee_03002,37,Male,Guntur,Finance,Support Engineer,B.Tech,Full-Time,2024-07-09,1,101600,3.9,8,Active
3003,EMP03003,Employee_03003,37,Male,Mumbai,Sales,Tester,B.Sc,Part-Time,2020-07-03,5,120218,2.8,12,Inactive
3004,EMP03004,Employee_03004,33,Male,Bengaluru,Operations,HR Executive,B.Tech,Full-Time,2025-12-04,0,104501,2.5,1,On Leave
3005,EMP03005,Employee_03005,23,Male,Delhi,Marketing,HR Executive,MCA,Part-Time,2025-01-24,0,19339,3.6,0,Inactive
3006,EMP03006,Employee_03006,21,Male,Vijayawada,Support,Tester,MBA,Part-Time,2024-10-15,1,96552,3.8,0,Inactive
3007,EMP03007,Employee_03007,44,Female,Bengaluru,Finance,Manager,B.Tech,Part-Time,2024-10-28,1,50119,4.0,1,Active
3008,EMP03008,Employee_03008,44,Female,Kolkata,HR,Developer,B.Tech,Part-Time,2022-08-31,3,124184,4.1,5,Active
3009,EMP03009,Employee_03009,37,Male,Kolkata,Support,HR Executive,B.Tech,Full-Time,2023-07-09,2,76093,2.6,5,Active
3010,EMP03010,Employee_03010,31,Male,Chennai,Operations,Accountant,B.Sc,Contract,2025-10-12,0,100746,4.2,12,Active
3011,EMP03011,Employee_03011,21,Female,Vijayawada,HR,Analyst,B.Com,Contract,2021-03-09,4,35977,2.6,4,Active
3012,EMP03012,Employee_03012,44,Male,Pune,Support,Support Engineer,B.Tech,Part-Time,2024-04-25,1,41754,3.8,9,Inactive
3013,EMP03013,Employee_03013,39,Male,Kochi,Support,Accountant,B.Tech,Contract,2021-05-09,4,42874,4.0,11,Inactive
3014,EMP03014,Employee_03014,23,Female,Kochi,Finance,Executive,M.Tech,Full-Time,2025-07-10,0,144622,2.0,0,On Leave
3015,EMP03015,Employee_03015,21,Male,Kochi,Support,Analyst,B.Sc,Contract,2024-02-06,1,146554,4.8,11,Active
3016,EMP03016,Employee_03016,25,Female,Chennai,Finance,Developer,MCA,Part-Time,2022-04-30,3,37457,4.3,4,Active
3017,EMP03017,Employee_03017,27,Female,Vijayawada,Operations,Support Engineer,MBA,Full-Time,2020-08-01,5,143304,4.6,1,On Leave
3018,EMP03018,Employee_03018,29,Male,Chennai,Support,Manager,M.Tech,Full-Time,2025-01-12,0,19810,3.2,1,On Leave
3019,EMP03019,Employee_03019,22,Male,Guntur,Operations,Accountant,M.Tech,Full-Time,2022-07-29,3,119798,3.8,5,Active
3020,EMP03020,Employee_03020,24,Male,Kolkata,HR,Analyst,M.Tech,Contract,2021-03-27,4,131147,2.1,10,Active
3021,EMP03021,Employee_03021,42,Female,Delhi,Admin,Manager,B.Tech,Part-Time,2022-07-31,3,76104,2.6,2,Active
3022,EMP03022,Employee_03022,24,Female,Kolkata,HR,Developer,MCA,Contract,2022-06-24,3,92577,4.4,5,Inactive
3023,EMP03023,Employee_03023,39,Female,Delhi,IT,Support Engineer,B.Sc,Full-Time,2021-03-17,4,124053,4.6,0,Active
3024,EMP03024,Employee_03024,45,Female,Hyderabad,HR,HR Executive,B.Com,Full-Time,2021-07-31,4,30832,4.5,12,On Leave
3025,EMP03025,Employee_03025,45,Female,Hyderabad,HR,Accountant,B.Tech,Part-Time,2026-03-30,0,21494,2.8,11,Active
3026,EMP03026,Employee_03026,28,Female,Mumbai,Operations,Developer,MBA,Full-Time,2026-03-10,0,89611,3.3,5,On Leave
3027,EMP03027,Employee_03027,37,Female,Mumbai,Operations,HR Executive,MBA,Contract,2023-09-23,2,27104,3.2,2,On Leave
3028,EMP03028,Employee_03028,42,Female,Mumbai,Finance,Tester,B.Tech,Part-Time,2022-06-21,3,109327,3.7,0,Active
3029,EMP03029,Employee_03029,30,Female,Guntur,Finance,Support Engineer,B.Sc,Contract,2020-03-06,5,112132,3.4,10,On Leave
3030,EMP03030,Employee_03030,30,Male,Kochi,Operations,Executive,B.Tech,Full-Time,2025-12-25,0,137049,3.2,6,Inactive
3031,EMP03031,Employee_03031,36,Female,Bengaluru,Admin,Tester,M.Tech,Contract,2023-03-16,2,54433,3.6,10,Inactive
3032,EMP03032,Employee_03032,31,Female,Chennai,Admin,HR Executive,B.Tech,Full-Time,2025-10-25,0,21754,2.4,12,Inactive
3033,EMP03033,Employee_03033,25,Male,Mumbai,Finance,Tester,MBA,Contract,2024-05-03,1,122600,3.3,12,On Leave
3034,EMP03034,Employee_03034,36,Female,Chennai,Admin,Accountant,M.Tech,Part-Time,2024-08-18,1,30051,2.4,5,Active
3035,EMP03035,Employee_03035,23,Male,Pune,HR,Manager,B.Com,Full-Time,2021-10-09,4,113400,4.5,7,Inactive
3036,EMP03036,Employee_03036,27,Female,Hyderabad,IT,Support Engineer,M.Tech,Contract,2022-01-04,3,107182,2.5,11,On Leave
3037,EMP03037,Employee_03037,40,Male,Bengaluru,Operations,Developer,B.Com,Full-Time,2023-06-19,2,120361,4.6,7,Active
3038,EMP03038,Employee_03038,44,Male,Pune,HR,Tester,B.Com,Part-Time,2024-01-14,1,77680,3.0,12,Active
3039,EMP03039,Employee_03039,40,Male,Chennai,Finance,Analyst,B.Tech,Contract,2023-09-11,2,78276,2.9,2,Active
3040,EMP03040,Employee_03040,39,Male,Bengaluru,Marketing,Analyst,B.Com,Full-Time,2021-08-24,4,89006,4.7,11,On Leave
3041,EMP03041,Employee_03041,37,Male,Vijayawada,Admin,Manager,M.Tech,Part-Time,2025-06-11,0,76312,2.8,12,Active
3042,EMP03042,Employee_03042,24,Male,Pune,HR,Executive,MBA,Contract,2021-08-31,4,48082,3.3,8,On Leave
3043,EMP03043,Employee_03043,23,Male,Kochi,Support,Manager,B.Com,Full-Time,2025-10-18,0,149661,2.3,0,Inactive
3044,EMP03044,Employee_03044,35,Female,Delhi,Admin,Accountant,B.Com,Part-Time,2023-11-09,2,132090,4.4,10,Active
3045,EMP03045,Employee_03045,27,Male,Pune,Admin,Manager,B.Com,Part-Time,2024-09-04,1,96776,3.5,8,Inactive
3046,EMP03046,Employee_03046,25,Male,Vijayawada,Finance,Developer,B.Com,Full-Time,2022-01-30,3,102391,2.6,1,Active
3047,EMP03047,Employee_03047,31,Male,Kolkata,Admin,Manager,B.Tech,Part-Time,2022-10-28,3,113819,2.7,11,Inactive
3048,EMP03048,Employee_03048,36,Male,Kolkata,Finance,Accountant,B.Com,Part-Time,2024-06-12,1,132071,3.1,6,On Leave
3049,EMP03049,Employee_03049,35,Male,Vijayawada,Operations,Executive,B.Tech,Contract,2025-08-12,0,38717,4.2,2,Active
3050,EMP03050,Employee_03050,38,Female,Chennai,Support,Manager,B.Tech,Contract,2024-05-16,1,112347,3.8,1,On Leave
3051,EMP03051,Employee_03051,36,Female,Mumbai,Sales,Developer,M.Tech,Full-Time,2020-05-21,5,95472,4.1,1,Active
3052,EMP03052,Employee_03052,23,Male,Kochi,Support,Tester,B.Com,Contract,2024-05-06,1,90709,4.8,5,Inactive
3053,EMP03053,Employee_03053,29,Female,Bengaluru,HR,Support Engineer,B.Sc,Full-Time,2023-07-01,2,71671,2.6,9,Active
3054,EMP03054,Employee_03054,39,Female,Hyderabad,HR,Developer,B.Tech,Contract,2023-02-07,2,136206,2.5,6,Active
3055,EMP03055,Employee_03055,28,Female,Delhi,Operations,HR Executive,M.Tech,Full-Time,2023-05-24,2,95199,2.9,9,On Leave
3056,EMP03056,Employee_03056,37,Female,Hyderabad,Finance,Analyst,B.Com,Contract,2025-12-13,0,42201,4.5,7,On Leave
3057,EMP03057,Employee_03057,36,Male,Kolkata,Finance,Accountant,B.Com,Contract,2021-09-20,4,84880,2.7,6,Active
3058,EMP03058,Employee_03058,27,Male,Kochi,Operations,Tester,MCA,Full-Time,2022-05-12,3,48808,2.5,2,Inactive
3059,EMP03059,Employee_03059,30,Female,Kolkata,Sales,HR Executive,MCA,Part-Time,2020-02-26,5,136087,2.6,1,Inactive
3060,EMP03060,Employee_03060,36,Male,Pune,Support,HR Executive,MBA,Part-Time,2025-02-26,0,148120,2.8,7,Inactive
3061,EMP03061,Employee_03061,21,Male,Chennai,Finance,Analyst,B.Sc,Contract,2020-02-21,5,135776,3.1,11,On Leave
3062,EMP03062,Employee_03062,25,Female,Kolkata,Finance,Accountant,MCA,Part-Time,2026-01-15,0,49699,3.7,3,Inactive
3063,EMP03063,Employee_03063,34,Male,Pune,IT,Tester,M.Tech,Part-Time,2021-07-01,4,86531,4.1,3,On Leave
3064,EMP03064,Employee_03064,39,Female,Guntur,Support,Developer,B.Com,Contract,2024-10-30,1,61542,4.0,0,Inactive
3065,EMP03065,Employee_03065,24,Female,Pune,Operations,Tester,MCA,Contract,2022-08-06,3,65632,2.6,10,Active
3066,EMP03066,Employee_03066,37,Female,Delhi,HR,Manager,B.Com,Full-Time,2021-04-05,4,99077,4.9,12,Active
3067,EMP03067,Employee_03067,33,Male,Vijayawada,IT,Tester,MCA,Contract,2020-04-29,5,79614,3.4,10,On Leave
3068,EMP03068,Employee_03068,33,Male,Bengaluru,Support,Support Engineer,MCA,Part-Time,2022-07-12,3,84170,3.9,8,Inactive
3069,EMP03069,Employee_03069,41,Male,Bengaluru,Sales,Accountant,MCA,Full-Time,2026-03-12,0,115588,3.7,4,Active
3070,EMP03070,Employee_03070,45,Female,Delhi,Admin,Manager,MBA,Part-Time,2022-05-04,3,125508,2.6,11,Inactive
3071,EMP03071,Employee_03071,37,Male,Delhi,Support,Analyst,B.Sc,Part-Time,2024-10-17,1,147072,3.4,5,Active
3072,EMP03072,Employee_03072,29,Male,Kolkata,Marketing,Manager,MBA,Part-Time,2025-06-11,0,37129,3.8,3,Active
3073,EMP03073,Employee_03073,27,Female,Bengaluru,Operations,Developer,B.Tech,Full-Time,2022-02-25,3,21404,4.0,7,Active
3074,EMP03074,Employee_03074,28,Male,Mumbai,Marketing,Manager,M.Tech,Full-Time,2020-12-01,5,45856,3.0,8,Inactive
3075,EMP03075,Employee_03075,36,Male,Bengaluru,IT,HR Executive,B.Tech,Part-Time,2022-10-25,3,58968,4.3,4,Inactive
3076,EMP03076,Employee_03076,43,Male,Delhi,Admin,Executive,MCA,Contract,2025-02-28,0,22862,2.9,10,Active
3077,EMP03077,Employee_03077,35,Female,Vijayawada,Finance,Developer,MCA,Contract,2024-04-11,1,117848,3.4,3,Inactive
3078,EMP03078,Employee_03078,22,Male,Guntur,Marketing,Executive,M.Tech,Full-Time,2021-04-29,4,65507,4.3,7,Active
3079,EMP03079,Employee_03079,37,Male,Mumbai,Operations,Accountant,B.Tech,Contract,2024-01-30,1,119437,3.7,7,On Leave
3080,EMP03080,Employee_03080,32,Female,Vijayawada,IT,Analyst,B.Tech,Contract,2024-01-31,1,134373,3.9,2,Inactive
3081,EMP03081,Employee_03081,42,Female,Pune,Finance,HR Executive,B.Tech,Contract,2023-06-16,2,43133,4.5,7,Inactive
3082,EMP03082,Employee_03082,31,Female,Bengaluru,IT,Support Engineer,M.Tech,Contract,2025-09-11,0,124509,3.5,11,Inactive
3083,EMP03083,Employee_03083,32,Female,Pune,Sales,HR Executive,B.Com,Part-Time,2022-04-01,3,149322,3.1,7,Inactive
3084,EMP03084,Employee_03084,26,Female,Vijayawada,Support,Support Engineer,MCA,Part-Time,2020-07-28,5,118316,2.6,7,Inactive
3085,EMP03085,Employee_03085,37,Female,Kochi,Marketing,Tester,MBA,Contract,2023-10-03,2,134509,4.0,6,Active
3086,EMP03086,Employee_03086,32,Female,Delhi,IT,Manager,B.Com,Full-Time,2023-11-29,2,80551,2.8,7,Inactive
3087,EMP03087,Employee_03087,35,Male,Kolkata,Marketing,HR Executive,B.Com,Full-Time,2022-09-15,3,147801,2.5,10,On Leave
3088,EMP03088,Employee_03088,31,Female,Mumbai,IT,Accountant,MCA,Full-Time,2022-11-25,3,25074,2.7,12,Inactive
3089,EMP03089,Employee_03089,38,Female,Guntur,Sales,Manager,M.Tech,Contract,2022-07-29,3,74600,2.6,8,Active
3090,EMP03090,Employee_03090,34,Male,Mumbai,IT,Accountant,B.Sc,Part-Time,2022-10-11,3,117555,2.9,11,Active
3091,EMP03091,Employee_03091,29,Female,Pune,Finance,Tester,B.Tech,Part-Time,2020-08-14,5,40901,3.1,11,Active
3092,EMP03092,Employee_03092,44,Male,Kolkata,Admin,HR Executive,B.Sc,Full-Time,2020-07-06,5,55002,3.2,8,Inactive
3093,EMP03093,Employee_03093,35,Female,Guntur,IT,Executive,B.Sc,Full-Time,2024-06-04,1,91697,3.9,4,Inactive
3094,EMP03094,Employee_03094,39,Male,Hyderabad,Marketing,Analyst,B.Tech,Full-Time,2022-03-16,3,142397,2.8,5,Active
3095,EMP03095,Employee_03095,41,Male,Kochi,Operations,Analyst,MBA,Part-Time,2022-01-03,3,146249,3.3,7,On Leave
3096,EMP03096,Employee_03096,39,Female,Pune,Sales,Executive,B.Tech,Part-Time,2022-12-10,3,138975,3.4,10,Active
3097,EMP03097,Employee_03097,29,Female,Mumbai,Admin,Executive,B.Com,Full-Time,2022-12-15,3,74351,4.7,7,Inactive
3098,EMP03098,Employee_03098,34,Male,Guntur,Admin,Support Engineer,MBA,Part-Time,2022-01-21,3,26311,2.6,7,Active
3099,EMP03099,Employee_03099,23,Male,Pune,Support,Analyst,B.Sc,Contract,2025-05-23,0,49391,4.8,9,Active
3100,EMP03100,Employee_03100,27,Female,Bengaluru,Sales,Executive,MBA,Part-Time,2021-06-05,4,146970,3.4,5,On Leave
3101,EMP03101,Employee_03101,21,Male,Vijayawada,HR,Developer,M.Tech,Part-Time,2024-12-31,1,105678,4.7,8,On Leave
3102,EMP03102,Employee_03102,24,Male,Vijayawada,IT,Accountant,MCA,Full-Time,2024-01-28,1,25854,4.5,4,On Leave
3103,EMP03103,Employee_03103,35,Male,Pune,Marketing,Support Engineer,MBA,Full-Time,2023-05-19,2,88491,3.5,3,Inactive
3104,EMP03104,Employee_03104,42,Female,Mumbai,Finance,Accountant,B.Sc,Contract,2023-09-07,2,92645,4.1,0,Active
3105,EMP03105,Employee_03105,27,Male,Guntur,Marketing,Executive,M.Tech,Full-Time,2020-02-10,5,48850,4.6,8,Inactive
3106,EMP03106,Employee_03106,44,Female,Mumbai,Marketing,Developer,MCA,Contract,2025-07-10,0,103359,4.2,8,On Leave
3107,EMP03107,Employee_03107,31,Male,Vijayawada,Operations,HR Executive,B.Tech,Contract,2026-06-03,0,74521,2.1,2,Inactive
3108,EMP03108,Employee_03108,34,Male,Pune,IT,Manager,MCA,Contract,2021-09-24,4,32178,2.4,5,On Leave
3109,EMP03109,Employee_03109,33,Male,Pune,Operations,HR Executive,B.Com,Part-Time,2024-07-05,1,69336,2.7,9,Active
3110,EMP03110,Employee_03110,21,Male,Delhi,Marketing,Developer,B.Sc,Contract,2022-09-29,3,133387,3.8,9,Inactive
3111,EMP03111,Employee_03111,26,Female,Pune,HR,Support Engineer,B.Tech,Full-Time,2022-05-03,3,24751,2.4,10,Inactive
3112,EMP03112,Employee_03112,27,Male,Hyderabad,Support,Manager,B.Tech,Part-Time,2021-06-08,4,38548,4.0,8,On Leave
3113,EMP03113,Employee_03113,43,Female,Mumbai,Marketing,Accountant,B.Sc,Contract,2021-05-24,4,26528,3.7,0,Inactive
3114,EMP03114,Employee_03114,45,Male,Mumbai,Operations,Support Engineer,B.Sc,Contract,2024-12-21,1,145248,3.8,3,Active
3115,EMP03115,Employee_03115,23,Male,Kolkata,Finance,HR Executive,B.Com,Full-Time,2024-03-14,1,59107,3.5,10,On Leave
3116,EMP03116,Employee_03116,24,Female,Vijayawada,Support,Analyst,B.Com,Part-Time,2023-12-25,2,107992,2.6,5,On Leave
3117,EMP03117,Employee_03117,28,Female,Kochi,Operations,Tester,B.Com,Contract,2020-06-17,5,32060,4.8,1,On Leave
3118,EMP03118,Employee_03118,33,Male,Mumbai,Marketing,Analyst,M.Tech,Part-Time,2025-01-31,0,45083,4.0,5,On Leave
3119,EMP03119,Employee_03119,37,Female,Mumbai,IT,Executive,B.Com,Full-Time,2020-05-04,5,53711,4.0,4,Inactive
3120,EMP03120,Employee_03120,40,Male,Delhi,Operations,Analyst,B.Tech,Contract,2024-08-18,1,112663,3.0,5,On Leave
3121,EMP03121,Employee_03121,42,Female,Mumbai,Admin,Accountant,M.Tech,Part-Time,2021-07-03,4,57988,3.3,12,Inactive
3122,EMP03122,Employee_03122,32,Male,Chennai,Sales,Accountant,B.Sc,Part-Time,2023-01-17,2,65164,3.1,11,On Leave
3123,EMP03123,Employee_03123,36,Female,Hyderabad,Marketing,Support Engineer,B.Com,Contract,2022-10-14,3,141191,3.8,0,Inactive
3124,EMP03124,Employee_03124,30,Male,Guntur,Support,Manager,B.Sc,Contract,2026-02-20,0,127066,3.4,4,On Leave
3125,EMP03125,Employee_03125,34,Female,Kochi,Sales,Support Engineer,B.Tech,Full-Time,2023-10-28,2,146078,2.4,5,Inactive
3126,EMP03126,Employee_03126,35,Male,Guntur,Marketing,Analyst,B.Sc,Full-Time,2024-10-31,1,87076,3.9,12,Inactive
3127,EMP03127,Employee_03127,42,Male,Mumbai,Operations,Analyst,M.Tech,Contract,2021-08-27,4,144530,3.2,3,Active
3128,EMP03128,Employee_03128,24,Male,Hyderabad,Operations,Tester,B.Com,Part-Time,2023-02-05,2,148137,4.7,10,On Leave
3129,EMP03129,Employee_03129,30,Female,Guntur,Finance,Analyst,MBA,Contract,2022-09-12,3,110587,3.1,5,On Leave
3130,EMP03130,Employee_03130,27,Female,Guntur,Support,Developer,MCA,Contract,2022-05-29,3,115782,4.4,10,Inactive
3131,EMP03131,Employee_03131,30,Male,Mumbai,Sales,Analyst,MBA,Full-Time,2020-02-01,5,42027,2.1,6,Inactive
3132,EMP03132,Employee_03132,42,Male,Bengaluru,Admin,Executive,B.Sc,Part-Time,2023-09-12,2,141613,3.7,12,On Leave
3133,EMP03133,Employee_03133,22,Female,Hyderabad,Operations,Developer,B.Tech,Full-Time,2024-04-20,1,81588,4.6,10,Inactive
3134,EMP03134,Employee_03134,45,Male,Delhi,Sales,Manager,B.Tech,Full-Time,2024-03-02,1,69617,3.8,1,Inactive
3135,EMP03135,Employee_03135,22,Male,Pune,Support,Executive,MBA,Contract,2023-03-13,2,26645,3.8,3,Active
3136,EMP03136,Employee_03136,21,Female,Kolkata,Finance,Analyst,MCA,Contract,2022-01-27,3,79919,3.6,10,On Leave
3137,EMP03137,Employee_03137,37,Male,Guntur,Admin,HR Executive,MBA,Full-Time,2022-05-15,3,95897,2.8,7,On Leave
3138,EMP03138,Employee_03138,25,Male,Chennai,Marketing,Manager,M.Tech,Part-Time,2023-01-23,2,20071,3.6,4,Inactive
3139,EMP03139,Employee_03139,36,Female,Mumbai,IT,Tester,MBA,Contract,2023-04-11,2,90900,2.4,6,On Leave
3140,EMP03140,Employee_03140,45,Female,Guntur,Sales,Accountant,MCA,Contract,2022-03-06,3,61634,4.3,9,Inactive
3141,EMP03141,Employee_03141,23,Female,Kochi,Finance,Tester,MBA,Contract,2025-10-23,0,142353,3.3,4,Inactive
3142,EMP03142,Employee_03142,30,Male,Kochi,Operations,Executive,B.Tech,Part-Time,2020-12-27,5,85434,3.2,9,Inactive
3143,EMP03143,Employee_03143,33,Female,Hyderabad,Finance,HR Executive,MCA,Full-Time,2024-11-25,1,99514,4.0,3,On Leave
3144,EMP03144,Employee_03144,33,Female,Guntur,Support,Analyst,B.Tech,Contract,2026-05-04,0,88325,4.3,9,On Leave
3145,EMP03145,Employee_03145,25,Male,Mumbai,Support,Accountant,B.Sc,Full-Time,2022-01-15,3,56245,2.7,12,Active
3146,EMP03146,Employee_03146,35,Female,Hyderabad,Support,Analyst,B.Sc,Contract,2022-07-16,3,72470,2.7,11,Inactive
3147,EMP03147,Employee_03147,30,Male,Mumbai,Operations,Support Engineer,MCA,Part-Time,2025-07-07,0,103663,3.5,3,On Leave
3148,EMP03148,Employee_03148,42,Female,Vijayawada,Support,Developer,B.Tech,Part-Time,2023-08-26,2,135795,4.0,10,Inactive
3149,EMP03149,Employee_03149,44,Female,Guntur,Marketing,Tester,MCA,Part-Time,2020-10-01,5,52541,4.7,10,Active
3150,EMP03150,Employee_03150,28,Female,Bengaluru,Marketing,HR Executive,B.Com,Full-Time,2024-08-23,1,61413,3.4,5,Inactive
3151,EMP03151,Employee_03151,26,Male,Kolkata,Support,Accountant,B.Com,Part-Time,2022-11-03,3,29091,2.2,2,On Leave
3152,EMP03152,Employee_03152,32,Male,Kochi,HR,Support Engineer,M.Tech,Contract,2021-02-12,4,53989,2.2,5,Active
3153,EMP03153,Employee_03153,34,Male,Delhi,Operations,Developer,MCA,Full-Time,2023-10-25,2,116059,3.9,3,On Leave
3154,EMP03154,Employee_03154,27,Female,Guntur,Support,Executive,B.Sc,Part-Time,2022-12-13,3,66661,4.5,11,On Leave
3155,EMP03155,Employee_03155,45,Male,Hyderabad,Support,Developer,M.Tech,Contract,2020-07-14,5,91177,2.4,3,On Leave
3156,EMP03156,Employee_03156,44,Male,Chennai,HR,Tester,B.Com,Part-Time,2020-11-13,5,146729,2.1,5,On Leave
3157,EMP03157,Employee_03157,39,Male,Delhi,Finance,Accountant,B.Tech,Contract,2023-04-25,2,124542,3.1,9,Active
3158,EMP03158,Employee_03158,40,Female,Pune,Operations,Executive,B.Tech,Part-Time,2023-12-10,2,130516,2.3,1,Active
3159,EMP03159,Employee_03159,36,Female,Bengaluru,IT,Manager,B.Sc,Full-Time,2025-06-05,0,114018,2.4,0,Inactive
3160,EMP03160,Employee_03160,39,Male,Vijayawada,HR,Tester,MBA,Full-Time,2026-03-01,0,137478,2.9,12,Active
3161,EMP03161,Employee_03161,30,Female,Mumbai,Sales,Analyst,B.Sc,Part-Time,2020-06-28,5,82442,2.2,2,Inactive
3162,EMP03162,Employee_03162,32,Male,Pune,Support,Analyst,MBA,Part-Time,2024-08-11,1,122370,4.6,2,Inactive
3163,EMP03163,Employee_03163,21,Female,Delhi,Operations,Support Engineer,B.Sc,Part-Time,2025-09-20,0,127712,4.3,4,Inactive
3164,EMP03164,Employee_03164,22,Male,Chennai,Admin,Support Engineer,B.Tech,Full-Time,2021-07-22,4,81426,3.2,7,Active
3165,EMP03165,Employee_03165,44,Female,Kochi,IT,Support Engineer,MBA,Full-Time,2023-12-30,2,132458,3.6,0,Active
3166,EMP03166,Employee_03166,23,Male,Chennai,Sales,Support Engineer,B.Sc,Contract,2021-12-29,4,41936,4.5,7,Active
3167,EMP03167,Employee_03167,21,Female,Bengaluru,Support,Support Engineer,MBA,Full-Time,2022-08-05,3,115144,2.8,4,Inactive
3168,EMP03168,Employee_03168,30,Male,Hyderabad,Finance,Tester,B.Sc,Part-Time,2026-07-10,0,67373,2.4,1,On Leave
3169,EMP03169,Employee_03169,34,Female,Bengaluru,IT,Manager,M.Tech,Full-Time,2022-12-21,3,105642,3.9,10,Inactive
3170,EMP03170,Employee_03170,45,Male,Delhi,HR,Developer,MCA,Full-Time,2020-10-08,5,34985,3.0,4,Active
3171,EMP03171,Employee_03171,33,Female,Pune,Sales,Developer,B.Com,Part-Time,2023-03-11,2,113689,4.2,3,On Leave
3172,EMP03172,Employee_03172,43,Male,Hyderabad,Marketing,Analyst,MBA,Part-Time,2024-02-17,1,97339,2.6,11,Active
3173,EMP03173,Employee_03173,35,Male,Vijayawada,IT,Tester,MBA,Full-Time,2025-01-20,0,26652,3.9,2,Active
3174,EMP03174,Employee_03174,31,Male,Pune,Admin,Analyst,MBA,Contract,2022-01-23,3,62464,3.7,10,On Leave
3175,EMP03175,Employee_03175,33,Female,Delhi,IT,Support Engineer,MCA,Full-Time,2024-03-12,1,46427,3.4,9,Inactive
3176,EMP03176,Employee_03176,43,Male,Hyderabad,Operations,Support Engineer,MCA,Full-Time,2022-08-27,3,80647,2.1,11,Inactive
3177,EMP03177,Employee_03177,27,Female,Kochi,Sales,HR Executive,B.Com,Contract,2026-02-23,0,82840,4.2,1,Inactive
3178,EMP03178,Employee_03178,37,Female,Delhi,Marketing,Support Engineer,B.Sc,Contract,2020-04-24,5,85554,4.2,0,Inactive
3179,EMP03179,Employee_03179,27,Female,Guntur,Operations,Developer,MCA,Part-Time,2026-05-27,0,114628,3.4,10,Inactive
3180,EMP03180,Employee_03180,21,Female,Guntur,Finance,Manager,MBA,Full-Time,2022-01-06,3,140938,3.6,10,On Leave
3181,EMP03181,Employee_03181,34,Female,Bengaluru,HR,HR Executive,MCA,Full-Time,2021-10-17,4,24833,4.3,10,On Leave
3182,EMP03182,Employee_03182,21,Male,Kochi,Marketing,Developer,MCA,Full-Time,2021-04-26,4,75745,3.3,0,On Leave
3183,EMP03183,Employee_03183,22,Female,Guntur,Finance,Developer,B.Com,Contract,2025-03-29,0,30842,4.6,2,On Leave
3184,EMP03184,Employee_03184,35,Male,Bengaluru,Marketing,Accountant,B.Sc,Contract,2025-11-15,0,139881,4.5,7,Inactive
3185,EMP03185,Employee_03185,25,Female,Kochi,Support,Tester,MBA,Full-Time,2025-09-05,0,44360,2.3,5,Inactive
3186,EMP03186,Employee_03186,27,Female,Kochi,HR,Manager,B.Sc,Full-Time,2025-01-15,0,101344,4.9,5,Inactive
3187,EMP03187,Employee_03187,27,Female,Mumbai,Finance,Support Engineer,B.Tech,Full-Time,2021-05-07,4,114572,3.2,11,Inactive
3188,EMP03188,Employee_03188,24,Female,Vijayawada,Sales,Support Engineer,MCA,Full-Time,2024-01-01,2,129258,3.4,4,On Leave
3189,EMP03189,Employee_03189,44,Female,Kolkata,Admin,Tester,MBA,Part-Time,2021-06-19,4,47623,3.5,7,On Leave
3190,EMP03190,Employee_03190,32,Male,Kolkata,Sales,Support Engineer,MBA,Contract,2022-09-04,3,105318,4.0,4,On Leave
3191,EMP03191,Employee_03191,45,Male,Bengaluru,Sales,Developer,M.Tech,Part-Time,2025-04-07,0,50557,2.5,2,Inactive
3192,EMP03192,Employee_03192,41,Female,Bengaluru,HR,HR Executive,MCA,Contract,2024-10-10,1,50266,2.4,12,Active
3193,EMP03193,Employee_03193,32,Male,Pune,Admin,Executive,B.Tech,Part-Time,2022-05-13,3,80645,4.0,3,On Leave
3194,EMP03194,Employee_03194,37,Female,Delhi,Sales,Executive,B.Com,Part-Time,2024-05-30,1,52761,3.5,11,Active
3195,EMP03195,Employee_03195,43,Female,Kolkata,Admin,Tester,MBA,Contract,2024-09-30,1,63000,2.2,9,Active
3196,EMP03196,Employee_03196,26,Male,Mumbai,Operations,Analyst,MBA,Full-Time,2021-04-10,4,59325,3.2,10,On Leave
3197,EMP03197,Employee_03197,25,Female,Vijayawada,Support,Support Engineer,B.Tech,Full-Time,2021-11-07,4,54030,3.7,1,On Leave
3198,EMP03198,Employee_03198,42,Male,Delhi,Operations,Accountant,M.Tech,Contract,2023-02-08,2,133180,3.1,12,Inactive
3199,EMP03199,Employee_03199,45,Male,Chennai,Marketing,Executive,B.Com,Contract,2025-05-30,0,38677,3.4,3,Inactive
3200,EMP03200,Employee_03200,32,Male,Bengaluru,Operations,Accountant,B.Com,Full-Time,2022-04-25,3,82916,3.5,11,On Leave
3201,EMP03201,Employee_03201,35,Male,Pune,Support,Support Engineer,MBA,Contract,2021-07-30,4,59398,2.2,4,Inactive
3202,EMP03202,Employee_03202,26,Male,Guntur,Support,Accountant,B.Tech,Contract,2024-09-06,1,85261,2.6,9,On Leave
3203,EMP03203,Employee_03203,31,Female,Pune,Marketing,Tester,B.Tech,Full-Time,2023-07-15,2,22344,3.2,12,On Leave
3204,EMP03204,Employee_03204,21,Female,Mumbai,Sales,Support Engineer,B.Com,Contract,2020-10-03,5,96601,2.4,7,Active
3205,EMP03205,Employee_03205,21,Male,Kolkata,Support,Analyst,B.Sc,Full-Time,2021-04-14,4,45998,4.6,12,On Leave
3206,EMP03206,Employee_03206,32,Male,Kolkata,Marketing,Analyst,B.Tech,Full-Time,2022-10-02,3,135518,4.9,5,Inactive
3207,EMP03207,Employee_03207,22,Female,Hyderabad,HR,HR Executive,B.Com,Contract,2025-08-07,0,67454,2.9,5,Active
3208,EMP03208,Employee_03208,26,Female,Mumbai,Support,Manager,B.Tech,Full-Time,2024-04-23,1,97138,4.5,5,Active
3209,EMP03209,Employee_03209,31,Male,Chennai,Sales,Tester,B.Tech,Part-Time,2022-08-02,3,83709,4.4,9,Active
3210,EMP03210,Employee_03210,28,Female,Hyderabad,Operations,Tester,MBA,Contract,2024-12-26,1,95359,2.7,6,Active
3211,EMP03211,Employee_03211,34,Male,Hyderabad,Admin,Support Engineer,B.Tech,Part-Time,2020-07-26,5,31296,4.4,3,Active
3212,EMP03212,Employee_03212,25,Male,Chennai,IT,Manager,B.Sc,Part-Time,2023-10-13,2,37545,2.8,12,On Leave
3213,EMP03213,Employee_03213,36,Male,Kochi,Operations,HR Executive,B.Com,Contract,2021-03-13,4,106592,3.2,6,Active
3214,EMP03214,Employee_03214,44,Male,Pune,Support,HR Executive,B.Com,Contract,2025-12-05,0,106021,2.8,3,Active
3215,EMP03215,Employee_03215,37,Male,Delhi,Support,Support Engineer,MCA,Full-Time,2021-07-29,4,107271,4.9,9,Inactive
3216,EMP03216,Employee_03216,42,Male,Kochi,IT,Support Engineer,B.Sc,Contract,2021-02-09,4,115834,4.2,8,Inactive
3217,EMP03217,Employee_03217,26,Male,Mumbai,Finance,Tester,MCA,Full-Time,2021-12-31,4,40451,4.4,1,Inactive
3218,EMP03218,Employee_03218,30,Female,Guntur,Sales,Analyst,B.Com,Full-Time,2021-03-27,4,19793,4.3,3,Inactive
3219,EMP03219,Employee_03219,25,Male,Bengaluru,Admin,Tester,B.Tech,Full-Time,2023-08-09,2,19499,4.7,2,Active
3220,EMP03220,Employee_03220,41,Female,Guntur,Operations,Tester,MCA,Full-Time,2025-09-03,0,97357,4.1,6,On Leave
3221,EMP03221,Employee_03221,25,Male,Pune,Support,Accountant,M.Tech,Part-Time,2026-01-30,0,139464,2.6,12,On Leave
3222,EMP03222,Employee_03222,34,Male,Delhi,Sales,Manager,M.Tech,Full-Time,2021-02-20,4,99833,4.9,11,On Leave
3223,EMP03223,Employee_03223,24,Female,Chennai,Sales,Analyst,B.Com,Part-Time,2020-04-14,5,43788,2.6,8,On Leave
3224,EMP03224,Employee_03224,28,Male,Chennai,Finance,Tester,MBA,Full-Time,2021-11-30,4,93974,2.5,4,Inactive
3225,EMP03225,Employee_03225,23,Male,Chennai,Operations,Executive,B.Com,Full-Time,2025-05-06,0,81621,5.0,2,Active
3226,EMP03226,Employee_03226,34,Female,Guntur,IT,Tester,B.Sc,Contract,2026-01-08,0,133608,4.4,7,On Leave
3227,EMP03227,Employee_03227,41,Female,Vijayawada,Marketing,Developer,MCA,Contract,2022-03-21,3,147366,3.9,6,Inactive
3228,EMP03228,Employee_03228,25,Female,Chennai,Marketing,Developer,B.Tech,Full-Time,2025-06-16,0,37670,2.1,10,Active
3229,EMP03229,Employee_03229,32,Female,Chennai,Marketing,Accountant,B.Sc,Part-Time,2020-05-26,5,37147,2.1,10,Inactive
3230,EMP03230,Employee_03230,34,Female,Kolkata,Sales,Manager,MBA,Part-Time,2022-01-18,3,108794,2.9,1,On Leave
3231,EMP03231,Employee_03231,39,Male,Kolkata,Finance,Executive,MBA,Contract,2022-08-16,3,101640,4.1,3,Active
3232,EMP03232,Employee_03232,45,Male,Vijayawada,IT,Tester,B.Sc,Contract,2021-11-12,4,138434,3.6,6,Active
3233,EMP03233,Employee_03233,35,Female,Kochi,Sales,Analyst,B.Tech,Contract,2023-12-13,2,78551,2.2,9,Inactive
3234,EMP03234,Employee_03234,39,Male,Delhi,Sales,Tester,M.Tech,Part-Time,2026-06-27,0,67043,4.0,10,On Leave
3235,EMP03235,Employee_03235,32,Male,Vijayawada,Admin,Support Engineer,B.Tech,Contract,2020-08-21,5,19792,4.4,10,On Leave
3236,EMP03236,Employee_03236,45,Female,Pune,Operations,Accountant,MBA,Contract,2026-03-09,0,95996,3.7,10,Inactive
3237,EMP03237,Employee_03237,25,Female,Kochi,Operations,Analyst,MCA,Part-Time,2024-08-25,1,36531,2.7,0,On Leave
3238,EMP03238,Employee_03238,44,Male,Delhi,Operations,Support Engineer,B.Tech,Full-Time,2023-02-18,2,112108,2.8,2,Active
3239,EMP03239,Employee_03239,44,Female,Bengaluru,Support,Executive,M.Tech,Contract,2020-05-21,5,103827,3.8,5,Inactive
3240,EMP03240,Employee_03240,44,Female,Mumbai,Operations,Analyst,M.Tech,Full-Time,2021-03-25,4,44083,2.1,6,Inactive
3241,EMP03241,Employee_03241,33,Female,Hyderabad,Marketing,Analyst,MBA,Full-Time,2022-07-28,3,111187,4.2,0,Inactive
3242,EMP03242,Employee_03242,25,Female,Kolkata,Admin,Developer,M.Tech,Full-Time,2021-08-06,4,80195,2.8,6,On Leave
3243,EMP03243,Employee_03243,27,Female,Bengaluru,Sales,Support Engineer,B.Com,Contract,2021-12-07,4,47369,2.4,1,Inactive
3244,EMP03244,Employee_03244,25,Female,Delhi,Support,Executive,MBA,Full-Time,2023-08-04,2,49458,2.2,2,Active
3245,EMP03245,Employee_03245,30,Male,Kolkata,Support,Manager,B.Sc,Full-Time,2020-12-25,5,71960,2.7,1,Inactive
3246,EMP03246,Employee_03246,39,Male,Pune,HR,Developer,B.Sc,Contract,2023-10-01,2,86004,4.0,0,Inactive
3247,EMP03247,Employee_03247,38,Male,Hyderabad,Finance,Analyst,MCA,Full-Time,2023-05-04,2,115576,4.1,10,Inactive
3248,EMP03248,Employee_03248,43,Female,Hyderabad,Finance,Tester,MBA,Full-Time,2020-11-06,5,84277,2.1,1,Inactive
3249,EMP03249,Employee_03249,36,Male,Chennai,HR,Tester,MCA,Contract,2026-03-03,0,134815,3.9,10,On Leave
3250,EMP03250,Employee_03250,21,Female,Pune,Marketing,Accountant,B.Com,Full-Time,2025-05-12,0,72951,4.0,0,On Leave
3251,EMP03251,Employee_03251,30,Female,Delhi,HR,Developer,B.Tech,Part-Time,2022-04-19,3,98068,2.4,0,Inactive
3252,EMP03252,Employee_03252,23,Male,Bengaluru,Sales,Support Engineer,B.Com,Part-Time,2020-01-08,5,21142,3.9,1,On Leave
3253,EMP03253,Employee_03253,39,Female,Chennai,Finance,Executive,MCA,Part-Time,2025-02-07,0,97550,2.4,11,Inactive
3254,EMP03254,Employee_03254,25,Male,Kolkata,Admin,Accountant,MBA,Part-Time,2025-03-16,0,40304,3.5,12,Inactive
3255,EMP03255,Employee_03255,32,Female,Bengaluru,Finance,Executive,MCA,Contract,2024-11-28,1,34663,2.7,7,Active
3256,EMP03256,Employee_03256,39,Male,Hyderabad,Marketing,Accountant,B.Sc,Full-Time,2025-12-23,0,76512,3.8,10,Inactive
3257,EMP03257,Employee_03257,24,Female,Kolkata,HR,Accountant,M.Tech,Full-Time,2024-01-19,1,84299,3.0,11,Inactive
3258,EMP03258,Employee_03258,38,Female,Mumbai,IT,Executive,M.Tech,Contract,2021-04-09,4,26027,3.5,9,Active
3259,EMP03259,Employee_03259,36,Male,Kochi,HR,Support Engineer,B.Sc,Contract,2023-11-25,2,101623,3.5,9,Inactive
3260,EMP03260,Employee_03260,22,Male,Pune,Finance,Accountant,B.Tech,Contract,2021-07-28,4,112816,4.7,4,On Leave
3261,EMP03261,Employee_03261,29,Female,Guntur,Admin,Developer,B.Sc,Full-Time,2023-07-19,2,26151,4.8,3,On Leave
3262,EMP03262,Employee_03262,41,Female,Kolkata,Marketing,Manager,B.Tech,Contract,2025-04-01,0,37583,4.3,3,Inactive
3263,EMP03263,Employee_03263,42,Male,Delhi,Marketing,Tester,B.Tech,Part-Time,2024-01-10,1,109289,4.2,12,On Leave
3264,EMP03264,Employee_03264,35,Male,Chennai,HR,Developer,M.Tech,Full-Time,2024-08-19,1,140679,4.1,8,Inactive
3265,EMP03265,Employee_03265,42,Female,Vijayawada,HR,Analyst,B.Sc,Part-Time,2021-07-26,4,20398,4.8,0,Inactive
3266,EMP03266,Employee_03266,43,Male,Mumbai,HR,Developer,M.Tech,Part-Time,2021-03-08,4,134285,3.1,7,On Leave
3267,EMP03267,Employee_03267,34,Female,Mumbai,Finance,HR Executive,B.Sc,Part-Time,2024-10-17,1,144740,2.2,6,Inactive
3268,EMP03268,Employee_03268,22,Female,Bengaluru,HR,Developer,B.Tech,Contract,2025-07-31,0,85832,3.7,6,Inactive
3269,EMP03269,Employee_03269,45,Female,Vijayawada,IT,Tester,M.Tech,Part-Time,2025-03-24,0,21612,2.7,2,Active
3270,EMP03270,Employee_03270,35,Female,Kolkata,Admin,Tester,MCA,Contract,2020-04-29,5,82034,2.4,6,Active
3271,EMP03271,Employee_03271,41,Male,Vijayawada,Admin,Manager,B.Com,Part-Time,2022-05-25,3,32954,2.8,3,On Leave
3272,EMP03272,Employee_03272,30,Male,Bengaluru,Sales,Developer,B.Tech,Contract,2021-10-20,4,140451,2.1,8,Inactive
3273,EMP03273,Employee_03273,28,Female,Guntur,Operations,Analyst,MCA,Full-Time,2023-03-27,2,53625,2.7,4,Active
3274,EMP03274,Employee_03274,32,Male,Hyderabad,Sales,Tester,B.Sc,Part-Time,2025-03-14,0,39148,4.7,7,Inactive
3275,EMP03275,Employee_03275,44,Female,Mumbai,IT,Support Engineer,B.Sc,Part-Time,2022-03-21,3,58516,3.1,6,Active
3276,EMP03276,Employee_03276,23,Female,Mumbai,HR,Analyst,B.Tech,Contract,2023-07-15,2,58589,2.6,1,Active
3277,EMP03277,Employee_03277,21,Male,Guntur,Sales,Developer,B.Tech,Part-Time,2021-07-17,4,117399,2.0,1,Active
3278,EMP03278,Employee_03278,23,Female,Vijayawada,Sales,Support Engineer,B.Sc,Contract,2021-12-24,4,99079,2.8,10,Inactive
3279,EMP03279,Employee_03279,31,Male,Delhi,Marketing,Tester,M.Tech,Full-Time,2021-07-11,4,129259,2.4,6,Inactive
3280,EMP03280,Employee_03280,38,Female,Pune,Admin,Support Engineer,MCA,Full-Time,2020-12-15,5,90145,4.6,5,Inactive
3281,EMP03281,Employee_03281,25,Female,Kochi,Marketing,Developer,B.Sc,Full-Time,2025-12-10,0,114664,2.2,1,Active
3282,EMP03282,Employee_03282,32,Male,Pune,Operations,Manager,MCA,Contract,2022-03-09,3,115108,3.8,5,Active
3283,EMP03283,Employee_03283,21,Male,Kochi,Admin,Executive,B.Com,Part-Time,2023-10-08,2,147980,2.9,7,Inactive
3284,EMP03284,Employee_03284,32,Female,Vijayawada,Admin,Accountant,B.Com,Part-Time,2021-06-22,4,65404,2.8,11,Inactive
3285,EMP03285,Employee_03285,33,Male,Mumbai,Support,Tester,B.Tech,Full-Time,2026-05-05,0,87348,4.4,3,Inactive
3286,EMP03286,Employee_03286,33,Female,Chennai,Admin,Support Engineer,B.Com,Full-Time,2020-02-05,5,53577,3.2,8,Inactive
3287,EMP03287,Employee_03287,39,Female,Mumbai,Support,Developer,MCA,Full-Time,2025-03-09,0,77734,4.4,8,Active
3288,EMP03288,Employee_03288,21,Female,Mumbai,Operations,Executive,MCA,Part-Time,2021-05-11,4,84627,2.1,2,Active
3289,EMP03289,Employee_03289,45,Male,Chennai,Marketing,Accountant,B.Tech,Part-Time,2021-01-14,4,131807,2.2,9,On Leave
3290,EMP03290,Employee_03290,33,Male,Vijayawada,Marketing,Executive,B.Tech,Contract,2021-08-10,4,53671,3.1,12,Inactive
3291,EMP03291,Employee_03291,27,Male,Kochi,Marketing,Executive,M.Tech,Contract,2020-08-20,5,52523,3.1,10,On Leave
3292,EMP03292,Employee_03292,37,Female,Kolkata,Operations,Manager,M.Tech,Full-Time,2025-09-13,0,85805,4.8,2,Inactive
3293,EMP03293,Employee_03293,36,Female,Delhi,Marketing,Support Engineer,M.Tech,Contract,2021-01-06,4,87362,3.7,11,Inactive
3294,EMP03294,Employee_03294,44,Male,Bengaluru,Admin,Tester,M.Tech,Contract,2025-02-12,0,48402,2.5,11,On Leave
3295,EMP03295,Employee_03295,35,Male,Mumbai,IT,Manager,B.Sc,Contract,2021-08-11,4,45910,3.6,2,Active
3296,EMP03296,Employee_03296,42,Female,Guntur,Marketing,Developer,M.Tech,Part-Time,2024-06-02,1,51906,3.4,1,Active
3297,EMP03297,Employee_03297,44,Male,Bengaluru,Finance,HR Executive,B.Sc,Contract,2023-02-13,2,120089,3.0,5,Active
3298,EMP03298,Employee_03298,21,Male,Kolkata,Finance,Developer,MBA,Contract,2021-05-17,4,109806,2.0,2,Inactive
3299,EMP03299,Employee_03299,39,Male,Vijayawada,Support,Accountant,MBA,Part-Time,2023-10-18,2,111456,2.5,8,Active
3300,EMP03300,Employee_03300,40,Male,Pune,Admin,Executive,M.Tech,Full-Time,2022-04-24,3,73101,3.0,4,On Leave
3301,EMP03301,Employee_03301,37,Male,Bengaluru,Operations,Analyst,B.Tech,Full-Time,2024-12-09,1,74609,3.8,12,Active
3302,EMP03302,Employee_03302,21,Male,Mumbai,Sales,Tester,M.Tech,Contract,2024-04-02,1,146376,3.3,2,Inactive
3303,EMP03303,Employee_03303,42,Male,Vijayawada,HR,Support Engineer,B.Com,Part-Time,2026-05-20,0,118311,4.9,5,Active
3304,EMP03304,Employee_03304,21,Male,Bengaluru,Admin,Executive,B.Tech,Contract,2021-04-01,4,111348,2.5,8,On Leave
3305,EMP03305,Employee_03305,22,Female,Vijayawada,Sales,Analyst,B.Sc,Contract,2024-01-20,1,142861,3.9,3,Inactive
3306,EMP03306,Employee_03306,29,Female,Hyderabad,Finance,Accountant,M.Tech,Part-Time,2022-02-28,3,40448,4.2,8,On Leave
3307,EMP03307,Employee_03307,37,Male,Hyderabad,IT,Accountant,B.Sc,Full-Time,2020-04-19,5,57158,3.2,11,Active
3308,EMP03308,Employee_03308,41,Male,Kolkata,Marketing,Support Engineer,B.Sc,Full-Time,2026-04-15,0,143197,2.3,2,On Leave
3309,EMP03309,Employee_03309,39,Male,Pune,HR,Support Engineer,MCA,Contract,2023-08-17,2,126403,4.3,2,On Leave
3310,EMP03310,Employee_03310,32,Male,Pune,Finance,Executive,B.Tech,Contract,2025-03-17,0,48143,3.4,7,On Leave
3311,EMP03311,Employee_03311,22,Female,Bengaluru,Admin,Support Engineer,B.Tech,Full-Time,2026-01-14,0,131757,4.6,9,On Leave
3312,EMP03312,Employee_03312,24,Female,Kolkata,Support,Accountant,M.Tech,Part-Time,2023-02-19,2,75943,4.8,0,On Leave
3313,EMP03313,Employee_03313,31,Male,Kochi,Operations,Analyst,B.Com,Part-Time,2025-06-07,0,107305,4.0,5,Active
3314,EMP03314,Employee_03314,40,Female,Guntur,Marketing,HR Executive,B.Sc,Part-Time,2023-04-30,2,132750,2.5,3,Active
3315,EMP03315,Employee_03315,34,Female,Chennai,IT,Tester,B.Sc,Contract,2025-08-16,0,106897,2.3,1,On Leave
3316,EMP03316,Employee_03316,45,Female,Guntur,Finance,Analyst,MBA,Part-Time,2023-01-12,2,102922,4.7,10,Inactive
3317,EMP03317,Employee_03317,30,Male,Guntur,Support,Accountant,B.Com,Full-Time,2022-03-03,3,70740,4.6,4,Inactive
3318,EMP03318,Employee_03318,42,Female,Kolkata,Operations,Accountant,B.Com,Contract,2026-03-27,0,127960,3.7,11,Active
3319,EMP03319,Employee_03319,22,Female,Chennai,Support,Tester,B.Tech,Contract,2020-12-18,5,121623,3.9,6,Inactive
3320,EMP03320,Employee_03320,41,Male,Vijayawada,Admin,Developer,B.Tech,Full-Time,2022-08-25,3,135969,3.6,5,Inactive
3321,EMP03321,Employee_03321,27,Female,Kochi,Finance,Tester,B.Sc,Part-Time,2026-06-13,0,46708,3.3,4,On Leave
3322,EMP03322,Employee_03322,29,Female,Kochi,Sales,HR Executive,B.Com,Full-Time,2020-02-29,5,133447,2.0,0,On Leave
3323,EMP03323,Employee_03323,32,Female,Kochi,Finance,Developer,B.Sc,Contract,2025-01-05,0,121261,4.4,2,On Leave
3324,EMP03324,Employee_03324,36,Female,Bengaluru,Finance,Support Engineer,MBA,Part-Time,2021-10-13,4,72615,4.9,12,Active
3325,EMP03325,Employee_03325,25,Female,Vijayawada,Operations,Analyst,B.Com,Full-Time,2020-10-23,5,83317,2.0,8,Active
3326,EMP03326,Employee_03326,26,Male,Hyderabad,IT,Support Engineer,MBA,Contract,2023-06-03,2,107238,4.3,6,Active
3327,EMP03327,Employee_03327,41,Male,Pune,Marketing,Analyst,B.Sc,Contract,2024-07-26,1,30105,4.1,3,Inactive
3328,EMP03328,Employee_03328,41,Female,Guntur,Marketing,Accountant,M.Tech,Part-Time,2023-10-17,2,67557,2.4,8,Active
3329,EMP03329,Employee_03329,22,Female,Guntur,HR,Tester,B.Sc,Full-Time,2025-08-03,0,129723,2.1,7,Inactive
3330,EMP03330,Employee_03330,22,Female,Mumbai,Marketing,Executive,MBA,Contract,2020-05-08,5,90817,4.2,1,Inactive
3331,EMP03331,Employee_03331,42,Female,Guntur,Finance,Analyst,B.Com,Part-Time,2020-12-03,5,118028,2.7,11,On Leave
3332,EMP03332,Employee_03332,30,Female,Kolkata,Support,HR Executive,B.Tech,Contract,2025-06-29,0,19628,4.2,4,Active
3333,EMP03333,Employee_03333,45,Male,Vijayawada,Operations,Executive,M.Tech,Full-Time,2023-04-04,2,148933,2.9,4,Inactive
3334,EMP03334,Employee_03334,44,Female,Pune,Marketing,Manager,B.Tech,Contract,2021-03-21,4,149888,3.5,2,Active
3335,EMP03335,Employee_03335,27,Male,Bengaluru,Operations,Developer,B.Tech,Part-Time,2021-07-12,4,75357,3.7,9,On Leave
3336,EMP03336,Employee_03336,27,Female,Mumbai,Marketing,Support Engineer,MBA,Part-Time,2021-05-18,4,54336,4.0,0,Inactive
3337,EMP03337,Employee_03337,32,Female,Guntur,IT,Tester,B.Com,Part-Time,2020-10-18,5,87708,2.3,7,On Leave
3338,EMP03338,Employee_03338,39,Female,Delhi,Admin,HR Executive,MBA,Contract,2022-08-02,3,40156,4.7,6,Inactive
3339,EMP03339,Employee_03339,32,Female,Mumbai,Admin,HR Executive,B.Tech,Contract,2024-06-24,1,142212,4.2,6,Inactive
3340,EMP03340,Employee_03340,21,Male,Kochi,Support,Tester,B.Com,Part-Time,2021-05-29,4,149107,4.0,5,Active
3341,EMP03341,Employee_03341,36,Female,Kolkata,Finance,Accountant,B.Sc,Part-Time,2020-10-16,5,113356,2.2,9,Inactive
3342,EMP03342,Employee_03342,44,Female,Bengaluru,Operations,Developer,MBA,Contract,2023-05-10,2,90318,2.4,0,Active
3343,EMP03343,Employee_03343,35,Female,Hyderabad,IT,HR Executive,MBA,Full-Time,2026-01-05,0,78859,3.9,6,Inactive
3344,EMP03344,Employee_03344,34,Male,Bengaluru,Marketing,Executive,B.Tech,Full-Time,2024-08-26,1,70997,3.8,3,Active
3345,EMP03345,Employee_03345,43,Male,Hyderabad,HR,Analyst,B.Tech,Contract,2026-02-06,0,67785,5.0,3,Inactive
3346,EMP03346,Employee_03346,33,Female,Delhi,Admin,Support Engineer,B.Com,Full-Time,2020-03-28,5,110705,2.8,8,On Leave
3347,EMP03347,Employee_03347,32,Female,Bengaluru,Marketing,Executive,MBA,Contract,2023-03-31,2,58233,3.7,1,Inactive
3348,EMP03348,Employee_03348,32,Male,Delhi,HR,Accountant,MCA,Contract,2022-11-02,3,137229,4.1,8,Active
3349,EMP03349,Employee_03349,35,Female,Guntur,Support,HR Executive,B.Sc,Contract,2025-08-16,0,41328,4.0,5,Active
3350,EMP03350,Employee_03350,43,Female,Mumbai,HR,Accountant,M.Tech,Contract,2026-01-31,0,111166,4.1,11,Active
3351,EMP03351,Employee_03351,42,Male,Kochi,HR,HR Executive,B.Sc,Part-Time,2023-09-01,2,119469,4.7,11,Inactive
3352,EMP03352,Employee_03352,41,Male,Guntur,Marketing,Manager,MBA,Contract,2023-06-09,2,141345,3.3,2,Inactive
3353,EMP03353,Employee_03353,36,Male,Bengaluru,IT,Manager,M.Tech,Part-Time,2021-04-23,4,137950,2.6,7,Active
3354,EMP03354,Employee_03354,42,Male,Hyderabad,Sales,Accountant,B.Sc,Full-Time,2020-08-26,5,100000,4.6,11,Active
3355,EMP03355,Employee_03355,45,Male,Mumbai,Operations,HR Executive,B.Sc,Part-Time,2021-05-23,4,113769,3.9,9,On Leave
3356,EMP03356,Employee_03356,34,Female,Delhi,Support,HR Executive,B.Sc,Contract,2023-01-13,2,65938,2.5,1,Active
3357,EMP03357,Employee_03357,42,Female,Pune,Finance,HR Executive,B.Sc,Part-Time,2022-05-18,3,110486,2.1,2,Active
3358,EMP03358,Employee_03358,23,Female,Delhi,Operations,Tester,B.Tech,Contract,2026-01-14,0,90486,2.0,0,Inactive
3359,EMP03359,Employee_03359,22,Female,Pune,Operations,Developer,MBA,Part-Time,2021-10-15,4,54999,4.7,8,Inactive
3360,EMP03360,Employee_03360,45,Male,Kolkata,IT,Accountant,B.Tech,Full-Time,2020-02-29,5,73668,4.2,3,Inactive
3361,EMP03361,Employee_03361,21,Male,Hyderabad,IT,Accountant,MBA,Full-Time,2023-01-10,2,97240,4.8,3,On Leave
3362,EMP03362,Employee_03362,26,Male,Chennai,Admin,Accountant,M.Tech,Contract,2026-04-01,0,79763,4.0,11,Active
3363,EMP03363,Employee_03363,34,Female,Bengaluru,Admin,Manager,MBA,Part-Time,2025-06-28,0,110955,3.0,7,Inactive
3364,EMP03364,Employee_03364,31,Female,Vijayawada,HR,Manager,MBA,Part-Time,2022-07-11,3,102014,2.9,1,Inactive
3365,EMP03365,Employee_03365,31,Male,Kochi,Marketing,Manager,MBA,Contract,2021-03-09,4,82766,3.7,12,Active
3366,EMP03366,Employee_03366,23,Male,Pune,Marketing,Executive,M.Tech,Full-Time,2021-07-22,4,108635,2.2,10,On Leave
3367,EMP03367,Employee_03367,34,Female,Kolkata,Finance,Tester,MBA,Part-Time,2020-07-26,5,59313,3.4,11,Active
3368,EMP03368,Employee_03368,43,Male,Pune,Admin,Analyst,M.Tech,Contract,2022-05-31,3,36316,4.5,9,Active
3369,EMP03369,Employee_03369,35,Female,Delhi,Admin,Analyst,B.Com,Full-Time,2021-08-29,4,108868,3.8,9,Active
3370,EMP03370,Employee_03370,34,Female,Delhi,HR,Developer,B.Tech,Contract,2021-01-01,5,67013,4.9,0,Inactive
3371,EMP03371,Employee_03371,27,Female,Mumbai,Marketing,Tester,B.Sc,Full-Time,2022-10-26,3,121251,2.8,3,On Leave
3372,EMP03372,Employee_03372,34,Male,Hyderabad,Admin,Manager,B.Sc,Part-Time,2026-04-26,0,42354,2.8,2,Inactive
3373,EMP03373,Employee_03373,28,Male,Kolkata,Admin,Support Engineer,M.Tech,Part-Time,2025-08-10,0,101660,2.5,8,Active
3374,EMP03374,Employee_03374,40,Female,Pune,IT,Developer,B.Tech,Contract,2020-08-18,5,75225,2.6,12,Active
3375,EMP03375,Employee_03375,42,Female,Kolkata,Support,Accountant,MBA,Part-Time,2020-09-02,5,128885,2.6,2,Inactive
3376,EMP03376,Employee_03376,32,Female,Vijayawada,IT,Executive,B.Com,Part-Time,2024-07-06,1,126314,2.4,2,Inactive
3377,EMP03377,Employee_03377,28,Female,Guntur,Marketing,Analyst,B.Com,Part-Time,2022-06-06,3,66184,4.1,6,On Leave
3378,EMP03378,Employee_03378,44,Female,Vijayawada,Sales,Support Engineer,B.Tech,Contract,2024-08-09,1,70611,3.0,7,Inactive
3379,EMP03379,Employee_03379,44,Female,Delhi,Operations,HR Executive,B.Com,Part-Time,2021-03-19,4,148992,3.2,10,Active
3380,EMP03380,Employee_03380,41,Female,Chennai,Finance,HR Executive,M.Tech,Part-Time,2020-06-20,5,77943,4.1,7,On Leave
3381,EMP03381,Employee_03381,41,Male,Chennai,Finance,Support Engineer,B.Tech,Contract,2022-11-15,3,54614,2.3,9,Inactive
3382,EMP03382,Employee_03382,32,Female,Pune,Admin,Manager,B.Sc,Part-Time,2023-10-18,2,143817,4.8,10,Inactive
3383,EMP03383,Employee_03383,22,Female,Mumbai,Sales,Developer,B.Sc,Contract,2024-08-19,1,89569,2.2,2,Inactive
3384,EMP03384,Employee_03384,38,Male,Chennai,Finance,Analyst,B.Tech,Contract,2020-07-08,5,38310,2.7,7,Active
3385,EMP03385,Employee_03385,41,Male,Kochi,Finance,Manager,MCA,Contract,2024-01-21,1,56955,2.9,10,Inactive
3386,EMP03386,Employee_03386,23,Female,Hyderabad,Admin,HR Executive,M.Tech,Contract,2020-05-14,5,98114,3.7,2,On Leave
3387,EMP03387,Employee_03387,27,Male,Mumbai,Admin,HR Executive,MBA,Contract,2023-09-07,2,32269,4.8,7,On Leave
3388,EMP03388,Employee_03388,22,Female,Guntur,Support,HR Executive,MBA,Contract,2020-04-08,5,132898,3.5,4,Inactive
3389,EMP03389,Employee_03389,28,Female,Pune,Support,Manager,M.Tech,Contract,2026-04-20,0,131096,4.8,0,Inactive
3390,EMP03390,Employee_03390,37,Female,Guntur,Finance,Accountant,B.Sc,Part-Time,2020-03-08,5,103715,3.0,2,Inactive
3391,EMP03391,Employee_03391,45,Male,Delhi,Admin,Manager,MBA,Full-Time,2026-05-05,0,56362,2.6,12,On Leave
3392,EMP03392,Employee_03392,43,Male,Vijayawada,IT,Tester,MBA,Full-Time,2023-05-30,2,126231,4.8,11,Active
3393,EMP03393,Employee_03393,29,Female,Guntur,HR,Developer,B.Com,Full-Time,2022-09-13,3,83904,4.6,6,Inactive
3394,EMP03394,Employee_03394,23,Female,Chennai,Support,Accountant,MCA,Full-Time,2024-05-01,1,30634,4.9,8,Inactive
3395,EMP03395,Employee_03395,40,Male,Kochi,Operations,Analyst,MCA,Part-Time,2022-10-23,3,84799,4.7,12,On Leave
3396,EMP03396,Employee_03396,34,Female,Hyderabad,Sales,Executive,B.Tech,Contract,2023-08-20,2,40722,2.7,4,Active
3397,EMP03397,Employee_03397,21,Male,Mumbai,Admin,HR Executive,MCA,Full-Time,2026-02-08,0,49799,3.2,11,Active
3398,EMP03398,Employee_03398,36,Male,Kochi,IT,Analyst,M.Tech,Full-Time,2022-04-13,3,147455,3.8,12,Active
3399,EMP03399,Employee_03399,23,Female,Chennai,IT,Developer,M.Tech,Full-Time,2020-04-23,5,119071,2.6,8,Active
3400,EMP03400,Employee_03400,24,Male,Pune,Support,Executive,M.Tech,Full-Time,2026-07-03,0,113371,2.5,1,Inactive
3401,EMP03401,Employee_03401,39,Male,Chennai,Sales,Analyst,MCA,Contract,2020-01-20,5,64513,2.2,7,Inactive
3402,EMP03402,Employee_03402,26,Female,Kochi,IT,Executive,B.Tech,Contract,2025-06-05,0,27165,4.5,2,Inactive
3403,EMP03403,Employee_03403,41,Male,Hyderabad,IT,Analyst,M.Tech,Contract,2025-06-13,0,101938,3.2,9,On Leave
3404,EMP03404,Employee_03404,35,Male,Mumbai,Marketing,Executive,B.Com,Full-Time,2020-11-20,5,116623,4.6,3,On Leave
3405,EMP03405,Employee_03405,24,Female,Vijayawada,Marketing,HR Executive,MCA,Full-Time,2025-05-24,0,115705,4.7,5,Active
3406,EMP03406,Employee_03406,41,Female,Hyderabad,Finance,Accountant,B.Sc,Contract,2025-03-20,0,33357,4.7,11,Active
3407,EMP03407,Employee_03407,29,Male,Kolkata,Sales,Tester,M.Tech,Contract,2020-05-15,5,31953,2.1,3,On Leave
3408,EMP03408,Employee_03408,26,Male,Hyderabad,Operations,Executive,B.Sc,Part-Time,2021-04-12,4,71712,2.5,6,On Leave
3409,EMP03409,Employee_03409,38,Female,Chennai,Admin,HR Executive,B.Sc,Part-Time,2020-11-07,5,79193,2.4,11,Active
3410,EMP03410,Employee_03410,26,Female,Vijayawada,Operations,Tester,B.Sc,Contract,2020-06-24,5,41136,2.7,1,On Leave
3411,EMP03411,Employee_03411,26,Male,Bengaluru,Support,Accountant,MCA,Full-Time,2022-05-31,3,119260,3.5,0,Active
3412,EMP03412,Employee_03412,35,Male,Chennai,Operations,Analyst,B.Com,Full-Time,2024-11-08,1,125855,4.2,9,On Leave
3413,EMP03413,Employee_03413,29,Male,Chennai,Finance,Developer,MCA,Contract,2024-06-14,1,62377,3.3,3,Inactive
3414,EMP03414,Employee_03414,36,Female,Hyderabad,Operations,Executive,B.Tech,Contract,2020-12-08,5,106606,2.6,0,On Leave
3415,EMP03415,Employee_03415,45,Male,Vijayawada,Operations,Support Engineer,B.Tech,Contract,2023-02-25,2,37466,2.2,5,Inactive
3416,EMP03416,Employee_03416,31,Female,Vijayawada,IT,Executive,MBA,Contract,2025-08-17,0,60943,3.6,6,Inactive
3417,EMP03417,Employee_03417,35,Male,Hyderabad,Admin,HR Executive,B.Com,Contract,2024-11-21,1,147010,2.1,0,Inactive
3418,EMP03418,Employee_03418,31,Male,Bengaluru,Admin,Manager,MBA,Full-Time,2020-06-14,5,78894,3.0,11,Inactive
3419,EMP03419,Employee_03419,28,Male,Bengaluru,Sales,Manager,B.Tech,Part-Time,2024-12-18,1,54056,3.6,9,Active
3420,EMP03420,Employee_03420,45,Female,Hyderabad,Support,Executive,MBA,Contract,2021-01-03,4,59327,2.2,3,Active
3421,EMP03421,Employee_03421,40,Female,Hyderabad,Support,Support Engineer,B.Tech,Full-Time,2020-10-25,5,28365,3.1,2,On Leave
3422,EMP03422,Employee_03422,41,Male,Bengaluru,Admin,Developer,M.Tech,Part-Time,2025-04-05,0,89608,4.6,7,Inactive
3423,EMP03423,Employee_03423,32,Female,Pune,HR,Manager,B.Com,Full-Time,2026-01-23,0,133325,3.7,8,Inactive
3424,EMP03424,Employee_03424,30,Male,Kolkata,HR,Developer,B.Tech,Full-Time,2020-04-13,5,96056,3.6,1,Inactive
3425,EMP03425,Employee_03425,43,Female,Vijayawada,Admin,HR Executive,B.Tech,Contract,2023-10-05,2,124659,3.5,11,Inactive
3426,EMP03426,Employee_03426,29,Female,Hyderabad,Finance,Analyst,MBA,Part-Time,2021-06-13,4,122623,4.2,1,Inactive
3427,EMP03427,Employee_03427,23,Male,Chennai,Finance,Executive,MCA,Full-Time,2023-09-18,2,144660,4.6,7,Inactive
3428,EMP03428,Employee_03428,28,Female,Vijayawada,Finance,Support Engineer,B.Sc,Contract,2023-12-04,2,98041,3.4,2,Active
3429,EMP03429,Employee_03429,40,Male,Kolkata,Marketing,Accountant,B.Sc,Part-Time,2020-08-30,5,110618,3.9,10,On Leave
3430,EMP03430,Employee_03430,36,Male,Pune,Operations,Accountant,M.Tech,Contract,2025-08-18,0,63783,4.9,2,Active
3431,EMP03431,Employee_03431,43,Male,Kochi,Support,HR Executive,B.Sc,Contract,2021-10-31,4,84829,2.1,9,On Leave
3432,EMP03432,Employee_03432,30,Female,Chennai,Admin,Executive,MCA,Contract,2025-12-04,0,118695,2.9,4,Active
3433,EMP03433,Employee_03433,44,Male,Pune,HR,HR Executive,M.Tech,Part-Time,2023-07-31,2,120996,4.4,5,Inactive
3434,EMP03434,Employee_03434,25,Male,Mumbai,IT,HR Executive,M.Tech,Full-Time,2021-11-11,4,142078,2.7,3,Active
3435,EMP03435,Employee_03435,34,Male,Bengaluru,Marketing,Manager,B.Tech,Part-Time,2021-03-03,4,129182,2.6,4,Inactive
3436,EMP03436,Employee_03436,29,Male,Guntur,Finance,HR Executive,B.Sc,Full-Time,2022-03-14,3,108012,2.5,6,Active
3437,EMP03437,Employee_03437,35,Female,Delhi,HR,Tester,B.Sc,Part-Time,2024-02-01,1,26429,2.8,4,Inactive
3438,EMP03438,Employee_03438,23,Female,Kochi,Marketing,Tester,MCA,Part-Time,2021-08-26,4,38315,2.3,5,Inactive
3439,EMP03439,Employee_03439,26,Female,Chennai,Marketing,HR Executive,B.Sc,Contract,2023-03-29,2,39247,3.9,8,Active
3440,EMP03440,Employee_03440,23,Female,Mumbai,Admin,Manager,B.Com,Contract,2024-02-12,1,60315,3.9,1,Inactive
3441,EMP03441,Employee_03441,26,Female,Vijayawada,Sales,Support Engineer,B.Sc,Contract,2023-03-26,2,149362,5.0,2,On Leave
3442,EMP03442,Employee_03442,36,Male,Delhi,Sales,Developer,B.Tech,Part-Time,2025-12-03,0,116214,4.3,9,Inactive
3443,EMP03443,Employee_03443,29,Male,Kolkata,Sales,Tester,MBA,Contract,2021-05-03,4,114622,4.9,10,Active
3444,EMP03444,Employee_03444,22,Male,Mumbai,Operations,Executive,B.Tech,Full-Time,2022-08-18,3,107025,4.9,8,On Leave
3445,EMP03445,Employee_03445,23,Male,Vijayawada,Support,Manager,B.Com,Full-Time,2025-08-22,0,54782,2.8,4,On Leave
3446,EMP03446,Employee_03446,41,Female,Hyderabad,Support,HR Executive,M.Tech,Contract,2020-07-13,5,36615,4.8,10,On Leave
3447,EMP03447,Employee_03447,24,Female,Pune,Admin,Tester,MCA,Full-Time,2024-05-13,1,24942,3.1,9,Active
3448,EMP03448,Employee_03448,37,Male,Guntur,Operations,Developer,MBA,Full-Time,2020-09-18,5,146734,3.8,11,Inactive
3449,EMP03449,Employee_03449,23,Male,Chennai,Operations,Developer,B.Sc,Contract,2024-11-28,1,109749,3.7,1,Active
3450,EMP03450,Employee_03450,34,Male,Chennai,Admin,Manager,MCA,Contract,2020-11-29,5,29560,2.0,4,On Leave
3451,EMP03451,Employee_03451,37,Male,Hyderabad,Support,Analyst,B.Com,Contract,2024-08-29,1,77463,3.9,1,On Leave
3452,EMP03452,Employee_03452,30,Female,Guntur,Admin,Tester,B.Sc,Full-Time,2026-02-22,0,54964,3.1,7,Active
3453,EMP03453,Employee_03453,30,Male,Mumbai,Support,Developer,M.Tech,Part-Time,2020-10-03,5,40223,2.8,4,Active
3454,EMP03454,Employee_03454,26,Female,Bengaluru,Operations,Support Engineer,B.Sc,Contract,2025-06-23,0,82668,4.1,8,On Leave
3455,EMP03455,Employee_03455,44,Female,Guntur,Sales,Accountant,M.Tech,Contract,2023-08-12,2,89633,3.4,5,On Leave
3456,EMP03456,Employee_03456,39,Female,Vijayawada,Admin,Executive,MBA,Part-Time,2021-11-29,4,78194,2.1,5,Inactive
3457,EMP03457,Employee_03457,36,Male,Delhi,Sales,Tester,M.Tech,Contract,2020-03-05,5,99758,4.2,1,On Leave
3458,EMP03458,Employee_03458,31,Male,Pune,Operations,HR Executive,M.Tech,Full-Time,2021-02-27,4,19164,4.3,3,Active
3459,EMP03459,Employee_03459,32,Female,Hyderabad,Support,Executive,B.Com,Part-Time,2025-12-13,0,125430,3.9,6,On Leave
3460,EMP03460,Employee_03460,33,Male,Chennai,HR,Developer,B.Tech,Contract,2025-03-31,0,22480,4.7,5,Inactive
3461,EMP03461,Employee_03461,33,Female,Mumbai,HR,Developer,B.Sc,Part-Time,2021-06-14,4,61304,4.0,6,Inactive
3462,EMP03462,Employee_03462,30,Male,Delhi,Support,Support Engineer,B.Sc,Part-Time,2026-07-13,0,33960,3.5,12,Active
3463,EMP03463,Employee_03463,41,Female,Hyderabad,Admin,HR Executive,M.Tech,Part-Time,2023-02-06,2,82008,3.4,7,Inactive
3464,EMP03464,Employee_03464,28,Female,Chennai,Operations,Analyst,B.Sc,Full-Time,2025-02-22,0,145360,4.6,4,Inactive
3465,EMP03465,Employee_03465,30,Male,Bengaluru,Admin,Support Engineer,B.Sc,Full-Time,2026-03-06,0,127919,3.4,9,Inactive
3466,EMP03466,Employee_03466,40,Female,Delhi,Finance,Executive,MCA,Part-Time,2021-12-18,4,89762,3.7,12,Inactive
3467,EMP03467,Employee_03467,42,Female,Mumbai,IT,Accountant,B.Tech,Full-Time,2022-11-09,3,31824,2.4,3,On Leave
3468,EMP03468,Employee_03468,45,Male,Chennai,Marketing,Manager,MBA,Contract,2022-12-10,3,41508,3.0,11,On Leave
3469,EMP03469,Employee_03469,36,Female,Bengaluru,Sales,Accountant,MBA,Contract,2023-08-03,2,101928,2.7,11,Active
3470,EMP03470,Employee_03470,26,Male,Guntur,Finance,Developer,B.Com,Full-Time,2023-09-28,2,92532,3.3,4,On Leave
3471,EMP03471,Employee_03471,25,Male,Mumbai,Support,Analyst,B.Tech,Contract,2023-12-21,2,23877,3.2,3,On Leave
3472,EMP03472,Employee_03472,37,Male,Guntur,Operations,Executive,M.Tech,Full-Time,2025-08-02,0,148030,2.6,2,On Leave
3473,EMP03473,Employee_03473,22,Male,Vijayawada,HR,HR Executive,B.Tech,Full-Time,2025-09-10,0,93197,2.3,9,Active
3474,EMP03474,Employee_03474,22,Female,Pune,Support,HR Executive,B.Tech,Contract,2022-08-05,3,115964,2.9,1,Active
3475,EMP03475,Employee_03475,41,Male,Chennai,HR,Developer,MCA,Full-Time,2020-03-06,5,70223,2.3,7,Inactive
3476,EMP03476,Employee_03476,44,Female,Vijayawada,Sales,HR Executive,B.Com,Part-Time,2025-06-11,0,126316,3.5,7,Inactive
3477,EMP03477,Employee_03477,32,Male,Pune,Marketing,Analyst,MCA,Part-Time,2023-06-28,2,109381,2.9,9,On Leave
3478,EMP03478,Employee_03478,27,Male,Bengaluru,IT,Manager,MBA,Contract,2022-10-21,3,111907,4.3,11,Active
3479,EMP03479,Employee_03479,31,Male,Pune,Sales,Executive,M.Tech,Full-Time,2026-06-09,0,115377,2.6,0,Active
3480,EMP03480,Employee_03480,42,Female,Delhi,IT,Accountant,B.Tech,Full-Time,2024-02-04,1,36306,2.9,10,Inactive
3481,EMP03481,Employee_03481,21,Female,Hyderabad,Support,Accountant,B.Com,Contract,2022-10-22,3,131289,2.4,12,Active
3482,EMP03482,Employee_03482,41,Female,Kolkata,Admin,HR Executive,B.Sc,Full-Time,2023-08-03,2,50321,4.2,4,Inactive
3483,EMP03483,Employee_03483,38,Male,Vijayawada,Admin,Executive,B.Tech,Full-Time,2023-03-16,2,82142,4.2,4,On Leave
3484,EMP03484,Employee_03484,22,Male,Delhi,Finance,Developer,B.Sc,Full-Time,2023-02-28,2,132499,3.7,7,On Leave
3485,EMP03485,Employee_03485,37,Male,Chennai,Operations,Manager,MCA,Part-Time,2024-01-19,1,72065,3.4,12,On Leave
3486,EMP03486,Employee_03486,40,Female,Kochi,Operations,Analyst,MBA,Contract,2026-04-10,0,40185,3.8,11,On Leave
3487,EMP03487,Employee_03487,40,Female,Delhi,Support,Tester,B.Com,Part-Time,2023-09-29,2,35621,4.2,11,Inactive
3488,EMP03488,Employee_03488,25,Male,Mumbai,HR,Support Engineer,B.Sc,Part-Time,2023-08-09,2,80457,4.5,0,Active
3489,EMP03489,Employee_03489,33,Female,Vijayawada,IT,Analyst,MCA,Contract,2025-11-25,0,147896,3.6,5,Inactive
3490,EMP03490,Employee_03490,40,Female,Guntur,Admin,Developer,M.Tech,Contract,2025-06-22,0,108872,4.3,1,On Leave
3491,EMP03491,Employee_03491,34,Female,Hyderabad,Finance,Developer,B.Tech,Contract,2022-07-24,3,146474,2.4,10,Inactive
3492,EMP03492,Employee_03492,35,Female,Pune,Marketing,HR Executive,B.Tech,Contract,2020-11-10,5,144761,4.7,0,Active
3493,EMP03493,Employee_03493,34,Male,Vijayawada,Finance,Analyst,MBA,Part-Time,2021-03-09,4,43623,2.7,4,Inactive
3494,EMP03494,Employee_03494,31,Male,Kolkata,Sales,Manager,MCA,Part-Time,2025-05-25,0,64527,3.5,4,Inactive
3495,EMP03495,Employee_03495,31,Male,Guntur,Support,Analyst,B.Com,Part-Time,2025-08-18,0,41674,4.9,10,On Leave
3496,EMP03496,Employee_03496,24,Female,Bengaluru,Support,HR Executive,MCA,Contract,2025-04-01,0,103223,3.1,6,Inactive
3497,EMP03497,Employee_03497,39,Male,Guntur,Marketing,HR Executive,M.Tech,Full-Time,2020-06-25,5,80787,3.3,11,Inactive
3498,EMP03498,Employee_03498,32,Male,Bengaluru,Sales,Executive,MCA,Part-Time,2026-05-18,0,100204,2.4,6,Inactive
3499,EMP03499,Employee_03499,26,Male,Kolkata,Finance,Support Engineer,MBA,Contract,2022-02-08,3,52524,2.8,5,Inactive
3500,EMP03500,Employee_03500,39,Female,Kochi,Admin,Tester,MCA,Contract,2020-10-02,5,51727,2.2,2,Inactive
3501,EMP03501,Employee_03501,36,Female,Pune,HR,HR Executive,B.Sc,Full-Time,2026-07-02,0,97737,3.6,9,Inactive
3502,EMP03502,Employee_03502,36,Female,Kochi,Finance,Manager,B.Com,Contract,2021-10-25,4,31356,2.8,3,On Leave
3503,EMP03503,Employee_03503,34,Male,Chennai,Admin,Tester,MBA,Contract,2020-11-17,5,83651,2.4,0,On Leave
3504,EMP03504,Employee_03504,24,Male,Kochi,Support,Executive,MBA,Contract,2020-02-10,5,145888,3.2,1,On Leave
3505,EMP03505,Employee_03505,37,Female,Hyderabad,Support,Manager,B.Sc,Full-Time,2020-03-10,5,113111,4.0,3,Active
3506,EMP03506,Employee_03506,27,Female,Vijayawada,Admin,Support Engineer,MBA,Contract,2024-08-19,1,109304,3.3,3,On Leave
3507,EMP03507,Employee_03507,26,Female,Hyderabad,IT,Executive,M.Tech,Full-Time,2023-03-31,2,99104,4.4,0,Inactive
3508,EMP03508,Employee_03508,21,Male,Vijayawada,Marketing,HR Executive,B.Sc,Contract,2022-04-12,3,75147,4.3,4,Inactive
3509,EMP03509,Employee_03509,42,Male,Bengaluru,Finance,Developer,B.Sc,Contract,2021-06-05,4,78101,4.4,6,Active
3510,EMP03510,Employee_03510,42,Male,Bengaluru,Operations,Executive,M.Tech,Contract,2024-10-24,1,104380,3.5,6,Active
3511,EMP03511,Employee_03511,24,Female,Vijayawada,IT,Executive,M.Tech,Part-Time,2021-02-25,4,60881,3.5,1,Inactive
3512,EMP03512,Employee_03512,33,Female,Vijayawada,Finance,Analyst,M.Tech,Full-Time,2024-04-25,1,77909,3.2,11,Active
3513,EMP03513,Employee_03513,31,Male,Vijayawada,IT,Manager,M.Tech,Contract,2024-08-23,1,91369,3.0,3,On Leave
3514,EMP03514,Employee_03514,21,Female,Pune,HR,Executive,B.Sc,Contract,2023-02-13,2,76960,3.5,3,Inactive
3515,EMP03515,Employee_03515,25,Female,Vijayawada,HR,Support Engineer,B.Tech,Contract,2023-11-05,2,135496,4.9,5,Active
3516,EMP03516,Employee_03516,32,Male,Vijayawada,HR,Manager,M.Tech,Part-Time,2020-08-11,5,123593,3.5,8,Inactive
3517,EMP03517,Employee_03517,30,Male,Kolkata,Operations,Manager,M.Tech,Contract,2021-09-13,4,94574,4.4,9,On Leave
3518,EMP03518,Employee_03518,37,Male,Delhi,HR,Tester,MCA,Part-Time,2022-09-01,3,149802,4.7,0,Inactive
3519,EMP03519,Employee_03519,34,Female,Bengaluru,Support,Support Engineer,MBA,Part-Time,2025-07-27,0,88319,3.7,3,Inactive
3520,EMP03520,Employee_03520,37,Female,Bengaluru,Operations,Tester,M.Tech,Contract,2021-07-17,4,61653,4.9,11,On Leave
3521,EMP03521,Employee_03521,25,Female,Pune,Marketing,Support Engineer,MBA,Part-Time,2020-04-07,5,97933,3.7,4,Inactive
3522,EMP03522,Employee_03522,23,Female,Delhi,Operations,Developer,M.Tech,Full-Time,2024-06-06,1,80315,4.8,8,On Leave
3523,EMP03523,Employee_03523,23,Female,Vijayawada,Sales,Manager,B.Sc,Contract,2026-07-14,0,114338,3.8,11,On Leave
3524,EMP03524,Employee_03524,45,Male,Kochi,Marketing,Analyst,B.Sc,Contract,2024-02-02,1,67353,3.2,0,Inactive
3525,EMP03525,Employee_03525,34,Female,Pune,Support,Developer,M.Tech,Contract,2020-05-05,5,118364,2.3,12,Inactive
3526,EMP03526,Employee_03526,22,Male,Hyderabad,Sales,Executive,MCA,Contract,2025-12-30,0,132908,2.4,10,Active
3527,EMP03527,Employee_03527,26,Female,Guntur,Admin,HR Executive,B.Sc,Part-Time,2020-09-30,5,20990,4.3,9,Active
3528,EMP03528,Employee_03528,27,Female,Kolkata,Sales,HR Executive,B.Com,Part-Time,2020-03-12,5,134339,2.7,12,Inactive
3529,EMP03529,Employee_03529,35,Male,Delhi,Support,Support Engineer,MBA,Part-Time,2020-01-04,5,44382,3.7,11,Active
3530,EMP03530,Employee_03530,36,Female,Vijayawada,Sales,Executive,B.Tech,Part-Time,2024-07-29,1,143387,2.1,4,Inactive
3531,EMP03531,Employee_03531,39,Female,Pune,IT,Support Engineer,MCA,Contract,2020-01-24,5,107579,2.8,6,Inactive
3532,EMP03532,Employee_03532,24,Male,Bengaluru,Finance,Manager,MBA,Part-Time,2025-12-26,0,33239,4.5,5,Active
3533,EMP03533,Employee_03533,29,Male,Kochi,Operations,Developer,B.Com,Full-Time,2023-07-19,2,147849,4.3,0,Active
3534,EMP03534,Employee_03534,33,Female,Hyderabad,IT,Developer,B.Tech,Contract,2023-04-18,2,50020,4.5,9,On Leave
3535,EMP03535,Employee_03535,22,Female,Mumbai,Support,Accountant,M.Tech,Full-Time,2020-08-15,5,136160,2.6,8,On Leave
3536,EMP03536,Employee_03536,44,Male,Kochi,IT,Tester,B.Tech,Full-Time,2023-06-19,2,148061,2.8,6,Active
3537,EMP03537,Employee_03537,37,Female,Bengaluru,Sales,Manager,B.Tech,Full-Time,2026-06-10,0,101350,4.8,6,Active
3538,EMP03538,Employee_03538,30,Female,Chennai,Operations,Analyst,B.Tech,Full-Time,2023-12-05,2,50991,4.8,8,On Leave
3539,EMP03539,Employee_03539,27,Male,Kochi,Marketing,Manager,M.Tech,Contract,2020-06-20,5,110634,3.8,11,Inactive
3540,EMP03540,Employee_03540,26,Male,Pune,Finance,Executive,MCA,Contract,2020-09-15,5,100185,3.7,9,On Leave
3541,EMP03541,Employee_03541,42,Female,Hyderabad,Support,Manager,M.Tech,Contract,2025-01-07,0,127769,5.0,6,On Leave
3542,EMP03542,Employee_03542,23,Male,Pune,Admin,Executive,MCA,Part-Time,2023-08-04,2,70956,4.3,4,Inactive
3543,EMP03543,Employee_03543,42,Male,Guntur,Sales,Manager,M.Tech,Contract,2023-04-03,2,68967,2.1,1,On Leave
3544,EMP03544,Employee_03544,41,Female,Guntur,Sales,Manager,B.Tech,Part-Time,2022-04-17,3,135366,4.1,2,Active
3545,EMP03545,Employee_03545,30,Male,Pune,HR,Analyst,MBA,Contract,2023-11-27,2,38930,3.7,1,Inactive
3546,EMP03546,Employee_03546,31,Female,Vijayawada,HR,Manager,M.Tech,Contract,2020-08-19,5,132744,4.5,6,On Leave
3547,EMP03547,Employee_03547,40,Male,Chennai,Admin,Support Engineer,MBA,Part-Time,2026-03-13,0,53330,4.3,3,Active
3548,EMP03548,Employee_03548,37,Male,Guntur,IT,HR Executive,MBA,Part-Time,2024-01-04,1,66680,2.7,0,On Leave
3549,EMP03549,Employee_03549,24,Female,Chennai,Support,Support Engineer,B.Com,Part-Time,2025-05-28,0,62498,2.8,9,Active
3550,EMP03550,Employee_03550,33,Female,Mumbai,Operations,Analyst,M.Tech,Contract,2022-02-14,3,91873,3.7,6,Inactive
3551,EMP03551,Employee_03551,28,Female,Vijayawada,Marketing,Tester,M.Tech,Contract,2023-07-19,2,136648,3.1,2,On Leave
3552,EMP03552,Employee_03552,31,Male,Bengaluru,Operations,Analyst,B.Tech,Full-Time,2021-08-21,4,54568,4.2,10,Inactive
3553,EMP03553,Employee_03553,36,Female,Bengaluru,Operations,Accountant,MBA,Part-Time,2024-11-07,1,83445,4.4,8,On Leave
3554,EMP03554,Employee_03554,36,Female,Kolkata,IT,Executive,MCA,Contract,2024-09-18,1,27719,3.9,0,Active
3555,EMP03555,Employee_03555,39,Male,Chennai,Admin,Support Engineer,MCA,Part-Time,2020-10-04,5,76547,2.8,5,Active
3556,EMP03556,Employee_03556,41,Female,Pune,Sales,Executive,MCA,Contract,2022-10-15,3,96432,4.2,5,Active
3557,EMP03557,Employee_03557,30,Female,Vijayawada,IT,Support Engineer,B.Tech,Part-Time,2022-09-27,3,112257,2.4,12,Inactive
3558,EMP03558,Employee_03558,37,Male,Pune,Finance,Tester,M.Tech,Contract,2025-04-11,0,52990,3.2,8,Active
3559,EMP03559,Employee_03559,23,Female,Chennai,Support,Accountant,M.Tech,Part-Time,2025-03-15,0,116968,2.3,8,Inactive
3560,EMP03560,Employee_03560,44,Female,Hyderabad,Sales,Support Engineer,M.Tech,Part-Time,2024-09-07,1,65150,4.9,3,Inactive
3561,EMP03561,Employee_03561,45,Male,Guntur,HR,Executive,B.Tech,Contract,2026-04-13,0,134365,4.3,11,Active
3562,EMP03562,Employee_03562,44,Male,Pune,Finance,Developer,MBA,Full-Time,2022-01-02,4,91536,2.3,12,Inactive
3563,EMP03563,Employee_03563,42,Female,Mumbai,Operations,Support Engineer,B.Com,Full-Time,2022-09-12,3,83721,4.6,1,On Leave
3564,EMP03564,Employee_03564,31,Male,Hyderabad,Sales,Support Engineer,MBA,Full-Time,2021-11-03,4,80661,2.3,12,Active
3565,EMP03565,Employee_03565,26,Female,Mumbai,IT,Tester,MBA,Contract,2022-04-11,3,57495,3.3,3,On Leave
3566,EMP03566,Employee_03566,32,Female,Chennai,HR,Executive,B.Sc,Contract,2024-04-06,1,134137,2.3,12,Inactive
3567,EMP03567,Employee_03567,37,Female,Kolkata,Operations,HR Executive,B.Com,Contract,2020-09-01,5,127530,2.5,8,Active
3568,EMP03568,Employee_03568,35,Male,Pune,IT,Manager,B.Com,Contract,2023-05-05,2,119345,2.2,10,Inactive
3569,EMP03569,Employee_03569,37,Male,Guntur,Sales,Analyst,MBA,Full-Time,2021-12-26,4,93885,3.2,10,Active
3570,EMP03570,Employee_03570,38,Female,Chennai,Support,Manager,MCA,Full-Time,2020-03-08,5,94942,3.2,1,Active
3571,EMP03571,Employee_03571,43,Female,Vijayawada,Marketing,Analyst,M.Tech,Full-Time,2022-04-29,3,124227,2.9,0,Inactive
3572,EMP03572,Employee_03572,29,Male,Pune,HR,Developer,M.Tech,Contract,2022-09-08,3,76345,4.6,10,Active
3573,EMP03573,Employee_03573,34,Male,Chennai,Marketing,Support Engineer,B.Com,Part-Time,2024-05-09,1,79569,4.3,6,Active
3574,EMP03574,Employee_03574,45,Female,Kochi,Support,Manager,B.Sc,Contract,2023-04-03,2,18697,3.6,5,Inactive
3575,EMP03575,Employee_03575,45,Female,Kolkata,Support,Analyst,B.Tech,Part-Time,2020-11-07,5,45287,3.9,8,On Leave
3576,EMP03576,Employee_03576,44,Male,Chennai,Support,Developer,B.Com,Part-Time,2024-08-25,1,29471,4.2,12,On Leave
3577,EMP03577,Employee_03577,41,Female,Pune,HR,HR Executive,B.Sc,Part-Time,2020-03-13,5,45237,3.3,9,Inactive
3578,EMP03578,Employee_03578,21,Female,Delhi,Admin,Executive,B.Sc,Full-Time,2020-10-24,5,127160,3.2,7,Inactive
3579,EMP03579,Employee_03579,22,Male,Pune,Sales,Support Engineer,B.Com,Contract,2023-12-01,2,64582,4.7,4,Inactive
3580,EMP03580,Employee_03580,35,Male,Vijayawada,Finance,Support Engineer,B.Tech,Full-Time,2020-02-27,5,37992,4.4,10,Active
3581,EMP03581,Employee_03581,32,Female,Bengaluru,Marketing,Support Engineer,B.Sc,Full-Time,2020-04-14,5,25977,4.5,6,On Leave
3582,EMP03582,Employee_03582,45,Female,Vijayawada,Operations,Support Engineer,B.Com,Contract,2022-03-26,3,49996,3.5,1,Active
3583,EMP03583,Employee_03583,39,Male,Chennai,IT,Manager,MCA,Contract,2021-11-30,4,61472,2.9,12,On Leave
3584,EMP03584,Employee_03584,32,Female,Chennai,HR,Accountant,MBA,Contract,2020-10-22,5,65447,2.1,9,Active
3585,EMP03585,Employee_03585,26,Female,Hyderabad,Operations,Developer,MBA,Contract,2021-05-07,4,127328,3.8,2,Active
3586,EMP03586,Employee_03586,29,Female,Pune,IT,Executive,M.Tech,Full-Time,2021-07-10,4,34608,2.7,9,Inactive
3587,EMP03587,Employee_03587,44,Female,Chennai,Sales,Executive,MCA,Part-Time,2020-07-06,5,62141,3.5,9,Inactive
3588,EMP03588,Employee_03588,45,Female,Mumbai,Sales,Tester,B.Sc,Contract,2020-07-12,5,78809,3.4,6,On Leave
3589,EMP03589,Employee_03589,44,Female,Mumbai,HR,Tester,MCA,Part-Time,2023-12-30,2,23022,2.6,0,On Leave
3590,EMP03590,Employee_03590,25,Male,Delhi,IT,Tester,M.Tech,Contract,2022-10-03,3,30270,3.5,12,Inactive
3591,EMP03591,Employee_03591,31,Male,Pune,Admin,Accountant,B.Sc,Full-Time,2021-03-09,4,25269,4.5,1,Active
3592,EMP03592,Employee_03592,36,Male,Kochi,HR,Analyst,MBA,Full-Time,2020-07-31,5,84357,2.9,7,Inactive
3593,EMP03593,Employee_03593,43,Female,Delhi,Support,Tester,MCA,Part-Time,2022-10-26,3,20591,2.1,11,Inactive
3594,EMP03594,Employee_03594,45,Female,Kochi,Support,HR Executive,MBA,Full-Time,2025-06-16,0,72554,3.4,12,Inactive
3595,EMP03595,Employee_03595,28,Female,Vijayawada,Marketing,Analyst,B.Sc,Full-Time,2021-07-07,4,121221,3.1,0,On Leave
3596,EMP03596,Employee_03596,38,Male,Kolkata,Finance,Support Engineer,B.Sc,Contract,2021-03-08,4,18412,2.6,8,On Leave
3597,EMP03597,Employee_03597,41,Male,Delhi,HR,HR Executive,B.Tech,Full-Time,2026-07-26,0,91934,2.0,3,Inactive
3598,EMP03598,Employee_03598,36,Female,Guntur,Marketing,Developer,B.Sc,Contract,2023-09-07,2,133646,3.1,11,On Leave
3599,EMP03599,Employee_03599,34,Male,Vijayawada,Operations,Manager,B.Com,Contract,2021-02-08,4,69458,3.2,8,On Leave
3600,EMP03600,Employee_03600,28,Female,Chennai,Sales,Executive,B.Tech,Full-Time,2020-10-01,5,106684,2.7,6,On Leave
3601,EMP03601,Employee_03601,28,Female,Hyderabad,Operations,Executive,B.Sc,Contract,2024-01-05,1,114126,2.4,11,On Leave
3602,EMP03602,Employee_03602,28,Male,Bengaluru,Marketing,Accountant,M.Tech,Part-Time,2025-03-31,0,94095,4.1,0,Inactive
3603,EMP03603,Employee_03603,29,Female,Vijayawada,IT,Tester,MCA,Contract,2023-09-09,2,146304,2.6,10,Active
3604,EMP03604,Employee_03604,34,Female,Delhi,Support,Support Engineer,MCA,Part-Time,2026-06-16,0,138277,3.6,9,Inactive
3605,EMP03605,Employee_03605,40,Male,Mumbai,IT,Support Engineer,MBA,Full-Time,2022-08-12,3,118911,2.3,0,Inactive
3606,EMP03606,Employee_03606,44,Male,Mumbai,HR,Accountant,B.Com,Part-Time,2026-01-26,0,43315,4.8,8,On Leave
3607,EMP03607,Employee_03607,27,Male,Bengaluru,Admin,Accountant,B.Tech,Contract,2023-02-12,2,26309,3.4,11,On Leave
3608,EMP03608,Employee_03608,39,Female,Chennai,Sales,HR Executive,B.Sc,Part-Time,2024-10-04,1,44441,3.2,8,Active
3609,EMP03609,Employee_03609,22,Female,Kolkata,Support,Accountant,B.Tech,Full-Time,2021-05-01,4,87124,3.6,5,Inactive
3610,EMP03610,Employee_03610,36,Male,Kochi,HR,Manager,MBA,Contract,2023-09-04,2,59894,3.6,1,On Leave
3611,EMP03611,Employee_03611,37,Female,Kochi,HR,HR Executive,B.Tech,Contract,2025-12-27,0,114215,4.7,2,On Leave
3612,EMP03612,Employee_03612,24,Female,Delhi,Sales,Accountant,M.Tech,Full-Time,2023-04-11,2,109140,4.0,8,Active
3613,EMP03613,Employee_03613,27,Male,Kolkata,Operations,Support Engineer,MCA,Part-Time,2023-02-13,2,137467,4.7,3,Inactive
3614,EMP03614,Employee_03614,36,Female,Mumbai,HR,Tester,M.Tech,Part-Time,2020-03-30,5,50311,3.3,9,Active
3615,EMP03615,Employee_03615,22,Female,Guntur,IT,Manager,B.Sc,Full-Time,2020-01-20,5,89232,2.1,7,Active
3616,EMP03616,Employee_03616,30,Female,Chennai,Support,Manager,B.Sc,Contract,2024-09-27,1,28577,3.3,9,On Leave
3617,EMP03617,Employee_03617,42,Male,Vijayawada,Sales,Tester,B.Com,Contract,2025-08-23,0,104557,4.2,4,On Leave
3618,EMP03618,Employee_03618,39,Male,Kochi,Admin,Executive,MBA,Part-Time,2025-06-11,0,57112,4.7,5,On Leave
3619,EMP03619,Employee_03619,29,Female,Kolkata,Sales,Accountant,B.Tech,Full-Time,2023-08-10,2,134747,4.2,5,On Leave
3620,EMP03620,Employee_03620,27,Male,Guntur,Admin,Accountant,B.Tech,Contract,2023-08-14,2,55453,3.1,11,Inactive
3621,EMP03621,Employee_03621,43,Male,Vijayawada,Marketing,Executive,M.Tech,Full-Time,2022-03-09,3,123198,2.0,10,Inactive
3622,EMP03622,Employee_03622,26,Male,Hyderabad,Marketing,Analyst,B.Sc,Full-Time,2020-09-07,5,109801,3.1,12,Inactive
3623,EMP03623,Employee_03623,36,Male,Vijayawada,HR,Manager,MBA,Contract,2024-06-13,1,139857,3.1,7,On Leave
3624,EMP03624,Employee_03624,24,Female,Hyderabad,Support,Tester,B.Sc,Contract,2025-04-03,0,133101,3.3,11,Inactive
3625,EMP03625,Employee_03625,39,Male,Vijayawada,Support,Accountant,MBA,Full-Time,2021-10-06,4,24164,4.1,3,Active
3626,EMP03626,Employee_03626,22,Male,Bengaluru,Support,Executive,MCA,Full-Time,2024-11-30,1,55705,4.2,4,Inactive
3627,EMP03627,Employee_03627,30,Male,Delhi,Support,Developer,B.Com,Part-Time,2025-09-21,0,128364,2.8,7,Inactive
3628,EMP03628,Employee_03628,26,Male,Guntur,HR,Support Engineer,M.Tech,Contract,2025-09-29,0,29744,4.0,6,Inactive
3629,EMP03629,Employee_03629,42,Male,Mumbai,IT,Accountant,B.Sc,Full-Time,2020-05-14,5,66439,3.2,1,Active
3630,EMP03630,Employee_03630,45,Female,Guntur,Admin,HR Executive,MBA,Part-Time,2021-09-25,4,32528,4.4,11,Inactive
3631,EMP03631,Employee_03631,31,Female,Chennai,HR,HR Executive,MCA,Part-Time,2020-01-18,5,79423,4.2,2,Active
3632,EMP03632,Employee_03632,28,Female,Bengaluru,Admin,Developer,B.Com,Contract,2023-10-03,2,61690,4.8,8,Active
3633,EMP03633,Employee_03633,37,Male,Chennai,HR,Executive,MBA,Part-Time,2022-09-09,3,26394,4.9,7,On Leave
3634,EMP03634,Employee_03634,33,Male,Guntur,HR,Support Engineer,B.Tech,Full-Time,2026-04-13,0,95755,3.1,5,Inactive
3635,EMP03635,Employee_03635,44,Male,Delhi,Finance,Support Engineer,B.Tech,Contract,2020-02-15,5,109168,4.0,7,Inactive
3636,EMP03636,Employee_03636,36,Male,Delhi,Support,Manager,B.Com,Contract,2025-12-17,0,87975,2.9,2,Inactive
3637,EMP03637,Employee_03637,33,Male,Guntur,Finance,Support Engineer,M.Tech,Part-Time,2021-09-08,4,82620,2.9,0,Active
3638,EMP03638,Employee_03638,23,Female,Delhi,HR,Executive,MBA,Contract,2024-02-08,1,144502,4.4,9,Inactive
3639,EMP03639,Employee_03639,27,Female,Pune,Marketing,Tester,B.Com,Contract,2023-10-02,2,35541,4.5,2,On Leave
3640,EMP03640,Employee_03640,42,Female,Chennai,HR,Executive,B.Com,Part-Time,2020-03-22,5,35337,3.9,7,Active
3641,EMP03641,Employee_03641,29,Female,Delhi,Sales,Manager,B.Sc,Full-Time,2024-06-12,1,116751,2.2,2,On Leave
3642,EMP03642,Employee_03642,45,Male,Hyderabad,HR,Tester,MCA,Contract,2022-12-07,3,135873,2.1,10,Active
3643,EMP03643,Employee_03643,39,Female,Hyderabad,Marketing,Executive,MBA,Part-Time,2021-11-18,4,134058,2.2,8,On Leave
3644,EMP03644,Employee_03644,25,Male,Hyderabad,IT,Developer,B.Com,Contract,2021-05-04,4,123342,3.5,7,On Leave
3645,EMP03645,Employee_03645,31,Male,Pune,Sales,Tester,M.Tech,Full-Time,2020-02-18,5,28957,3.6,4,Inactive
3646,EMP03646,Employee_03646,38,Female,Guntur,Sales,Support Engineer,M.Tech,Contract,2020-05-16,5,47440,4.1,0,On Leave
3647,EMP03647,Employee_03647,39,Male,Bengaluru,HR,HR Executive,M.Tech,Part-Time,2024-11-04,1,27971,3.9,1,On Leave
3648,EMP03648,Employee_03648,34,Male,Chennai,Marketing,HR Executive,MBA,Part-Time,2023-05-27,2,23777,4.7,10,Inactive
3649,EMP03649,Employee_03649,37,Female,Kochi,Sales,HR Executive,B.Sc,Full-Time,2021-08-13,4,48081,2.4,10,Inactive
3650,EMP03650,Employee_03650,40,Female,Kochi,HR,Manager,MBA,Full-Time,2022-12-31,3,87064,3.8,11,On Leave
3651,EMP03651,Employee_03651,21,Female,Guntur,Operations,HR Executive,M.Tech,Part-Time,2021-08-31,4,82144,2.7,11,Inactive
3652,EMP03652,Employee_03652,45,Male,Pune,IT,Tester,MCA,Contract,2021-05-06,4,127987,3.2,7,Inactive
3653,EMP03653,Employee_03653,30,Female,Mumbai,HR,HR Executive,B.Com,Part-Time,2020-08-22,5,79635,4.8,9,Active
3654,EMP03654,Employee_03654,33,Female,Pune,Finance,Manager,B.Sc,Full-Time,2025-12-04,0,55792,4.6,11,Inactive
3655,EMP03655,Employee_03655,29,Male,Guntur,HR,Executive,M.Tech,Contract,2021-08-28,4,146240,3.2,1,Inactive
3656,EMP03656,Employee_03656,36,Male,Kolkata,IT,Support Engineer,MCA,Full-Time,2024-01-27,1,83875,3.0,6,On Leave
3657,EMP03657,Employee_03657,30,Female,Mumbai,Finance,Accountant,MCA,Contract,2022-10-02,3,27473,3.6,5,Inactive
3658,EMP03658,Employee_03658,38,Female,Kochi,Support,Support Engineer,MBA,Contract,2026-05-01,0,50763,3.8,0,Active
3659,EMP03659,Employee_03659,32,Female,Chennai,Finance,Executive,MBA,Contract,2021-12-29,4,126733,4.4,7,Active
3660,EMP03660,Employee_03660,26,Male,Kolkata,Sales,Support Engineer,B.Com,Contract,2020-12-05,5,141210,3.0,4,Inactive
3661,EMP03661,Employee_03661,44,Male,Kolkata,IT,Analyst,MBA,Part-Time,2026-04-16,0,26576,2.5,12,Active
3662,EMP03662,Employee_03662,34,Male,Chennai,Support,Tester,B.Com,Part-Time,2020-04-19,5,52064,3.7,5,Active
3663,EMP03663,Employee_03663,42,Female,Pune,HR,Developer,M.Tech,Full-Time,2024-02-03,1,73980,2.8,10,Active
3664,EMP03664,Employee_03664,44,Female,Vijayawada,IT,HR Executive,MBA,Contract,2022-09-03,3,50426,4.5,6,Inactive
3665,EMP03665,Employee_03665,36,Male,Bengaluru,HR,Developer,B.Com,Full-Time,2022-11-18,3,144371,3.9,2,On Leave
3666,EMP03666,Employee_03666,37,Male,Guntur,IT,Analyst,M.Tech,Contract,2022-08-01,3,83620,2.7,7,Inactive
3667,EMP03667,Employee_03667,43,Female,Pune,Sales,Tester,B.Sc,Full-Time,2025-04-04,0,142696,4.4,12,Inactive
3668,EMP03668,Employee_03668,39,Male,Mumbai,Finance,Support Engineer,MBA,Part-Time,2022-05-17,3,77238,4.8,2,Inactive
3669,EMP03669,Employee_03669,35,Female,Hyderabad,Finance,Analyst,M.Tech,Contract,2022-01-13,3,137586,2.8,7,On Leave
3670,EMP03670,Employee_03670,26,Female,Guntur,IT,Executive,M.Tech,Part-Time,2023-11-11,2,42440,2.3,4,Active
3671,EMP03671,Employee_03671,28,Female,Kolkata,Marketing,Manager,B.Tech,Contract,2025-12-15,0,121870,4.1,8,On Leave
3672,EMP03672,Employee_03672,35,Male,Delhi,Marketing,Accountant,MBA,Full-Time,2023-03-14,2,104828,4.7,10,Inactive
3673,EMP03673,Employee_03673,43,Female,Pune,Finance,Developer,B.Sc,Part-Time,2026-06-18,0,82078,4.0,2,Inactive
3674,EMP03674,Employee_03674,23,Female,Kochi,Marketing,HR Executive,M.Tech,Part-Time,2024-07-26,1,128018,4.1,11,On Leave
3675,EMP03675,Employee_03675,37,Female,Pune,Support,Analyst,B.Sc,Contract,2025-01-26,0,35890,3.6,12,Inactive
3676,EMP03676,Employee_03676,45,Male,Bengaluru,HR,Support Engineer,M.Tech,Part-Time,2023-04-05,2,103990,4.9,9,Active
3677,EMP03677,Employee_03677,41,Male,Kochi,Marketing,Accountant,B.Sc,Part-Time,2022-07-29,3,105081,4.9,0,Inactive
3678,EMP03678,Employee_03678,34,Female,Delhi,Marketing,Accountant,M.Tech,Part-Time,2026-05-27,0,54081,3.2,3,On Leave
3679,EMP03679,Employee_03679,43,Male,Chennai,IT,Developer,MCA,Contract,2020-12-17,5,143485,3.7,10,On Leave
3680,EMP03680,Employee_03680,21,Male,Kolkata,Support,HR Executive,MCA,Full-Time,2021-05-20,4,25905,2.3,4,Inactive
3681,EMP03681,Employee_03681,31,Female,Bengaluru,Marketing,Developer,MCA,Contract,2022-01-16,3,40493,3.0,5,Inactive
3682,EMP03682,Employee_03682,24,Male,Mumbai,Operations,Accountant,B.Sc,Part-Time,2024-12-28,1,21675,4.0,0,Active
3683,EMP03683,Employee_03683,36,Female,Guntur,Operations,Manager,MCA,Part-Time,2021-12-15,4,94807,4.6,11,On Leave
3684,EMP03684,Employee_03684,22,Female,Chennai,Operations,Analyst,B.Sc,Contract,2022-03-23,3,108526,2.3,1,Active
3685,EMP03685,Employee_03685,27,Female,Delhi,Admin,Accountant,MBA,Part-Time,2022-11-14,3,79607,3.0,6,Active
3686,EMP03686,Employee_03686,44,Female,Kolkata,Admin,Support Engineer,B.Tech,Full-Time,2022-10-23,3,52099,3.2,12,On Leave
3687,EMP03687,Employee_03687,21,Female,Kochi,HR,Tester,B.Tech,Part-Time,2020-10-12,5,96526,4.1,9,Inactive
3688,EMP03688,Employee_03688,41,Female,Bengaluru,IT,Accountant,B.Com,Part-Time,2020-11-03,5,65796,4.6,0,Inactive
3689,EMP03689,Employee_03689,40,Female,Chennai,HR,Accountant,B.Tech,Full-Time,2024-08-15,1,148426,4.5,4,Inactive
3690,EMP03690,Employee_03690,32,Male,Hyderabad,Sales,Manager,B.Com,Full-Time,2022-08-01,3,120248,3.3,10,Inactive
3691,EMP03691,Employee_03691,32,Female,Guntur,Admin,Executive,B.Com,Contract,2026-06-04,0,55855,4.7,5,Active
3692,EMP03692,Employee_03692,38,Female,Chennai,Sales,Tester,MBA,Part-Time,2025-04-27,0,42541,4.2,10,Inactive
3693,EMP03693,Employee_03693,44,Male,Mumbai,Sales,HR Executive,M.Tech,Full-Time,2024-08-27,1,36868,2.6,6,Active
3694,EMP03694,Employee_03694,33,Female,Guntur,Marketing,Tester,B.Sc,Contract,2026-06-05,0,64151,4.6,7,Active
3695,EMP03695,Employee_03695,31,Female,Guntur,Sales,Developer,B.Tech,Contract,2026-07-16,0,34681,3.9,5,Inactive
3696,EMP03696,Employee_03696,33,Male,Delhi,HR,HR Executive,B.Com,Full-Time,2022-04-02,3,56035,4.1,1,Inactive
3697,EMP03697,Employee_03697,35,Male,Bengaluru,Sales,Support Engineer,B.Sc,Contract,2025-09-21,0,32541,4.6,8,On Leave
3698,EMP03698,Employee_03698,44,Male,Vijayawada,Finance,Support Engineer,MCA,Contract,2025-05-05,0,82576,3.8,5,On Leave
3699,EMP03699,Employee_03699,35,Female,Delhi,Marketing,Developer,MBA,Full-Time,2024-05-26,1,138798,3.4,0,Active
3700,EMP03700,Employee_03700,40,Male,Vijayawada,IT,Developer,M.Tech,Full-Time,2024-04-22,1,43191,3.0,11,On Leave
3701,EMP03701,Employee_03701,27,Female,Kolkata,Sales,Accountant,B.Com,Part-Time,2022-10-09,3,45490,2.6,2,Active
3702,EMP03702,Employee_03702,23,Female,Bengaluru,Operations,Accountant,MBA,Full-Time,2021-10-03,4,83460,3.3,8,On Leave
3703,EMP03703,Employee_03703,44,Female,Bengaluru,Operations,HR Executive,B.Tech,Part-Time,2021-07-08,4,35668,3.6,2,Inactive
3704,EMP03704,Employee_03704,31,Female,Delhi,Finance,Support Engineer,MCA,Part-Time,2024-02-02,1,59028,2.5,11,On Leave
3705,EMP03705,Employee_03705,34,Male,Chennai,Finance,Executive,B.Sc,Part-Time,2020-04-15,5,69107,2.0,10,Active
3706,EMP03706,Employee_03706,35,Male,Delhi,Support,Tester,MBA,Full-Time,2026-02-02,0,148509,2.3,11,Inactive
3707,EMP03707,Employee_03707,42,Female,Guntur,Marketing,Support Engineer,B.Com,Full-Time,2025-11-25,0,99212,4.6,7,Inactive
3708,EMP03708,Employee_03708,37,Male,Kolkata,Operations,Developer,MCA,Contract,2021-09-10,4,82327,2.3,0,Active
3709,EMP03709,Employee_03709,36,Female,Hyderabad,Operations,Analyst,M.Tech,Full-Time,2026-01-20,0,100861,3.2,4,Inactive
3710,EMP03710,Employee_03710,21,Female,Vijayawada,Admin,Tester,B.Com,Part-Time,2025-12-09,0,46540,2.0,10,Inactive
3711,EMP03711,Employee_03711,39,Female,Guntur,Sales,HR Executive,M.Tech,Part-Time,2020-11-21,5,73612,3.3,12,Inactive
3712,EMP03712,Employee_03712,28,Female,Mumbai,Support,Executive,B.Sc,Part-Time,2023-09-15,2,75477,2.7,7,On Leave
3713,EMP03713,Employee_03713,25,Male,Kochi,HR,Support Engineer,B.Tech,Full-Time,2021-08-28,4,130827,4.8,2,Active
3714,EMP03714,Employee_03714,30,Female,Pune,Marketing,Support Engineer,B.Tech,Part-Time,2025-06-09,0,72194,3.6,10,Active
3715,EMP03715,Employee_03715,40,Male,Mumbai,Admin,Manager,MBA,Full-Time,2021-04-17,4,93967,2.0,10,On Leave
3716,EMP03716,Employee_03716,41,Female,Delhi,Admin,Accountant,B.Sc,Part-Time,2025-05-12,0,129953,2.5,1,Inactive
3717,EMP03717,Employee_03717,39,Male,Vijayawada,Marketing,Accountant,M.Tech,Full-Time,2020-03-06,5,101121,3.7,9,Inactive
3718,EMP03718,Employee_03718,32,Female,Kolkata,Admin,Tester,MCA,Contract,2024-11-20,1,71735,3.8,10,On Leave
3719,EMP03719,Employee_03719,41,Male,Kochi,Marketing,Tester,B.Com,Contract,2023-11-19,2,112950,3.4,3,On Leave
3720,EMP03720,Employee_03720,23,Female,Chennai,Operations,Accountant,B.Com,Part-Time,2024-05-17,1,132069,2.7,9,Inactive
3721,EMP03721,Employee_03721,29,Male,Chennai,Sales,Tester,MCA,Part-Time,2025-06-02,0,80128,3.3,2,Inactive
3722,EMP03722,Employee_03722,33,Male,Kolkata,Admin,Support Engineer,B.Com,Part-Time,2024-02-21,1,37059,4.4,9,On Leave
3723,EMP03723,Employee_03723,28,Male,Hyderabad,IT,Support Engineer,MCA,Full-Time,2026-01-12,0,51248,4.2,9,Inactive
3724,EMP03724,Employee_03724,32,Female,Kolkata,Operations,Tester,B.Tech,Part-Time,2023-03-20,2,47703,3.3,6,On Leave
3725,EMP03725,Employee_03725,23,Female,Guntur,Finance,Accountant,B.Tech,Full-Time,2026-05-12,0,76750,2.8,2,Active
3726,EMP03726,Employee_03726,28,Female,Delhi,Sales,Executive,B.Com,Full-Time,2022-08-17,3,32503,4.3,12,On Leave
3727,EMP03727,Employee_03727,40,Male,Kochi,Support,Manager,MCA,Full-Time,2024-02-18,1,141811,2.9,9,On Leave
3728,EMP03728,Employee_03728,40,Female,Kolkata,Admin,Support Engineer,M.Tech,Part-Time,2021-05-06,4,123732,4.7,8,On Leave
3729,EMP03729,Employee_03729,25,Female,Pune,IT,Accountant,MBA,Full-Time,2026-03-11,0,142804,5.0,7,On Leave
3730,EMP03730,Employee_03730,44,Female,Hyderabad,Admin,Accountant,MCA,Part-Time,2025-10-12,0,82817,4.6,6,Inactive
3731,EMP03731,Employee_03731,45,Female,Delhi,IT,Accountant,M.Tech,Full-Time,2020-02-15,5,32483,4.1,4,On Leave
3732,EMP03732,Employee_03732,26,Female,Kochi,Sales,Manager,M.Tech,Full-Time,2024-06-25,1,25130,4.1,0,Inactive
3733,EMP03733,Employee_03733,25,Female,Guntur,Sales,Developer,B.Com,Contract,2023-12-27,2,135608,3.6,5,Inactive
3734,EMP03734,Employee_03734,44,Male,Vijayawada,Admin,Support Engineer,B.Sc,Contract,2020-11-17,5,110072,3.3,1,On Leave
3735,EMP03735,Employee_03735,26,Male,Kochi,Admin,Developer,MCA,Contract,2024-12-16,1,90865,4.4,5,On Leave
3736,EMP03736,Employee_03736,21,Male,Kolkata,IT,Support Engineer,B.Sc,Contract,2023-05-30,2,147720,3.0,5,Inactive
3737,EMP03737,Employee_03737,40,Male,Kochi,Operations,Developer,MBA,Contract,2023-10-19,2,143100,2.4,8,On Leave
3738,EMP03738,Employee_03738,32,Female,Kochi,Support,Accountant,B.Sc,Full-Time,2020-04-08,5,39514,4.4,0,Active
3739,EMP03739,Employee_03739,24,Female,Hyderabad,Finance,Accountant,MCA,Part-Time,2025-12-30,0,101249,3.2,3,Active
3740,EMP03740,Employee_03740,39,Male,Mumbai,HR,Executive,MBA,Full-Time,2025-01-16,0,58787,2.3,11,Inactive
3741,EMP03741,Employee_03741,21,Male,Kolkata,Operations,Executive,B.Tech,Part-Time,2022-09-15,3,129700,4.1,9,On Leave
3742,EMP03742,Employee_03742,42,Male,Guntur,Admin,Manager,B.Sc,Contract,2022-12-04,3,149559,2.6,6,Inactive
3743,EMP03743,Employee_03743,31,Female,Vijayawada,Operations,Support Engineer,MCA,Part-Time,2024-10-09,1,126465,2.1,6,Inactive
3744,EMP03744,Employee_03744,44,Male,Delhi,Admin,Accountant,M.Tech,Full-Time,2022-09-24,3,103758,2.9,12,Inactive
3745,EMP03745,Employee_03745,30,Male,Hyderabad,Operations,Support Engineer,MCA,Part-Time,2020-02-18,5,28249,2.5,11,Active
3746,EMP03746,Employee_03746,31,Female,Vijayawada,Finance,Developer,MCA,Full-Time,2022-05-15,3,144990,3.5,12,Active
3747,EMP03747,Employee_03747,24,Female,Hyderabad,Admin,Tester,MCA,Full-Time,2023-03-26,2,22303,4.4,1,Active
3748,EMP03748,Employee_03748,33,Female,Bengaluru,HR,Support Engineer,M.Tech,Part-Time,2024-07-21,1,21611,3.6,1,On Leave
3749,EMP03749,Employee_03749,34,Male,Mumbai,Admin,Support Engineer,B.Tech,Full-Time,2024-04-15,1,41417,2.7,4,Active
3750,EMP03750,Employee_03750,31,Male,Chennai,Admin,Developer,MBA,Contract,2023-07-01,2,96871,2.1,10,On Leave
3751,EMP03751,Employee_03751,41,Female,Kochi,Sales,Support Engineer,MBA,Contract,2020-06-01,5,118775,2.9,12,Inactive
3752,EMP03752,Employee_03752,22,Male,Kolkata,Sales,HR Executive,B.Com,Part-Time,2025-09-04,0,77051,4.4,6,Active
3753,EMP03753,Employee_03753,30,Male,Vijayawada,IT,Executive,B.Sc,Part-Time,2021-11-05,4,113111,3.0,8,Active
3754,EMP03754,Employee_03754,41,Female,Guntur,Sales,Developer,B.Tech,Contract,2023-04-30,2,66228,2.8,10,Active
3755,EMP03755,Employee_03755,32,Male,Mumbai,Support,Accountant,M.Tech,Full-Time,2022-11-30,3,73500,3.8,11,Inactive
3756,EMP03756,Employee_03756,30,Male,Vijayawada,IT,Accountant,B.Sc,Full-Time,2021-03-03,4,20685,4.1,6,Inactive
3757,EMP03757,Employee_03757,39,Female,Kolkata,HR,Executive,B.Tech,Full-Time,2020-02-26,5,149356,4.9,6,On Leave
3758,EMP03758,Employee_03758,30,Male,Kolkata,HR,Support Engineer,B.Tech,Full-Time,2026-02-12,0,117543,3.8,10,Inactive
3759,EMP03759,Employee_03759,31,Male,Delhi,Admin,Executive,B.Tech,Full-Time,2022-10-30,3,86448,4.8,6,Inactive
3760,EMP03760,Employee_03760,34,Female,Guntur,Finance,Manager,MCA,Part-Time,2022-06-16,3,46312,2.4,6,Inactive
3761,EMP03761,Employee_03761,30,Male,Kochi,Admin,Analyst,MBA,Full-Time,2026-07-21,0,146000,2.8,0,On Leave
3762,EMP03762,Employee_03762,23,Female,Hyderabad,Marketing,Manager,MBA,Full-Time,2022-06-22,3,106303,4.3,1,Inactive
3763,EMP03763,Employee_03763,35,Male,Mumbai,Marketing,Analyst,B.Com,Full-Time,2022-10-31,3,40954,4.7,5,Inactive
3764,EMP03764,Employee_03764,30,Male,Kochi,Support,Tester,M.Tech,Part-Time,2022-12-06,3,108440,4.0,8,Inactive
3765,EMP03765,Employee_03765,42,Female,Kolkata,IT,Tester,MCA,Contract,2020-12-19,5,48016,4.5,11,Inactive
3766,EMP03766,Employee_03766,25,Male,Vijayawada,Sales,HR Executive,B.Com,Contract,2024-10-21,1,23483,3.8,12,Active
3767,EMP03767,Employee_03767,26,Female,Mumbai,HR,Tester,MBA,Part-Time,2023-07-03,2,142576,4.0,0,Inactive
3768,EMP03768,Employee_03768,26,Female,Pune,Marketing,Manager,B.Com,Part-Time,2020-01-14,5,132119,4.1,3,Inactive
3769,EMP03769,Employee_03769,23,Male,Bengaluru,Sales,Tester,B.Tech,Contract,2024-04-27,1,69762,2.4,6,Inactive
3770,EMP03770,Employee_03770,23,Female,Chennai,Operations,Manager,MBA,Part-Time,2023-11-12,2,20331,3.7,5,Active
3771,EMP03771,Employee_03771,33,Female,Kolkata,Finance,Developer,MBA,Full-Time,2024-02-15,1,149941,3.9,8,Inactive
3772,EMP03772,Employee_03772,25,Male,Chennai,Sales,Accountant,MCA,Full-Time,2020-10-21,5,120574,2.6,4,On Leave
3773,EMP03773,Employee_03773,25,Male,Pune,Finance,HR Executive,B.Sc,Part-Time,2022-10-13,3,124616,3.4,7,Inactive
3774,EMP03774,Employee_03774,35,Female,Kolkata,HR,Tester,MBA,Contract,2024-10-25,1,94394,3.3,9,Inactive
3775,EMP03775,Employee_03775,45,Female,Mumbai,Sales,Analyst,B.Sc,Part-Time,2025-02-18,0,95128,3.8,2,Inactive
3776,EMP03776,Employee_03776,41,Female,Guntur,Marketing,Developer,M.Tech,Part-Time,2023-11-20,2,147736,2.5,11,Active
3777,EMP03777,Employee_03777,41,Male,Chennai,IT,Executive,B.Tech,Part-Time,2024-07-14,1,128806,4.7,10,Active
3778,EMP03778,Employee_03778,24,Female,Pune,Marketing,Developer,B.Sc,Contract,2022-04-25,3,144789,3.4,0,On Leave
3779,EMP03779,Employee_03779,28,Female,Bengaluru,IT,Analyst,MBA,Part-Time,2025-12-27,0,67653,2.6,10,Inactive
3780,EMP03780,Employee_03780,21,Male,Bengaluru,Sales,Support Engineer,B.Sc,Full-Time,2026-01-23,0,59292,2.7,2,Active
3781,EMP03781,Employee_03781,29,Male,Delhi,Admin,Executive,B.Com,Full-Time,2023-12-19,2,81168,3.7,8,Inactive
3782,EMP03782,Employee_03782,23,Female,Hyderabad,Support,Manager,B.Sc,Contract,2026-07-02,0,23633,4.0,12,Inactive
3783,EMP03783,Employee_03783,22,Female,Chennai,Finance,Tester,MBA,Contract,2023-12-17,2,93944,3.2,2,On Leave
3784,EMP03784,Employee_03784,25,Male,Guntur,HR,Executive,B.Com,Full-Time,2021-06-23,4,106313,2.3,12,Inactive
3785,EMP03785,Employee_03785,23,Male,Delhi,Admin,Accountant,M.Tech,Full-Time,2021-05-28,4,33819,3.6,0,Inactive
3786,EMP03786,Employee_03786,43,Female,Delhi,Finance,HR Executive,MCA,Part-Time,2021-07-10,4,34854,2.1,9,Inactive
3787,EMP03787,Employee_03787,22,Female,Kolkata,Finance,Analyst,B.Com,Full-Time,2024-03-12,1,74209,3.3,1,Inactive
3788,EMP03788,Employee_03788,36,Female,Bengaluru,Marketing,Executive,MCA,Full-Time,2022-07-14,3,69370,2.2,10,Active
3789,EMP03789,Employee_03789,40,Female,Guntur,Finance,HR Executive,B.Tech,Part-Time,2020-02-11,5,58646,2.1,0,Active
3790,EMP03790,Employee_03790,41,Female,Vijayawada,Finance,Analyst,B.Sc,Full-Time,2021-12-27,4,92591,3.5,8,Inactive
3791,EMP03791,Employee_03791,38,Male,Kochi,Sales,Manager,B.Sc,Contract,2022-07-24,3,48724,4.7,2,Inactive
3792,EMP03792,Employee_03792,45,Female,Kochi,Sales,Tester,MBA,Part-Time,2021-12-16,4,103976,2.8,1,Inactive
3793,EMP03793,Employee_03793,41,Female,Delhi,Marketing,Accountant,MCA,Full-Time,2022-08-19,3,40365,3.5,6,Active
3794,EMP03794,Employee_03794,41,Female,Pune,Support,HR Executive,MCA,Contract,2025-05-01,0,63534,4.2,4,Active
3795,EMP03795,Employee_03795,32,Female,Hyderabad,Marketing,Support Engineer,MCA,Full-Time,2025-05-12,0,112234,4.9,10,On Leave
3796,EMP03796,Employee_03796,32,Female,Vijayawada,IT,Developer,M.Tech,Full-Time,2025-07-11,0,28142,2.0,11,Active
3797,EMP03797,Employee_03797,25,Male,Delhi,IT,Tester,B.Sc,Full-Time,2024-12-22,1,42901,3.9,1,Active
3798,EMP03798,Employee_03798,45,Female,Mumbai,IT,Analyst,B.Tech,Full-Time,2021-03-26,4,116240,4.0,9,Inactive
3799,EMP03799,Employee_03799,21,Male,Pune,Operations,Manager,B.Tech,Part-Time,2024-07-19,1,41759,4.7,10,Active
3800,EMP03800,Employee_03800,33,Male,Guntur,Marketing,Manager,MBA,Part-Time,2021-12-14,4,32302,4.1,3,Active
3801,EMP03801,Employee_03801,24,Male,Pune,HR,Developer,B.Tech,Part-Time,2022-08-04,3,117389,2.3,0,Active
3802,EMP03802,Employee_03802,24,Female,Hyderabad,Operations,Analyst,MCA,Contract,2025-01-12,0,95359,2.9,11,On Leave
3803,EMP03803,Employee_03803,32,Male,Hyderabad,Operations,HR Executive,MBA,Full-Time,2026-06-03,0,25560,3.7,9,On Leave
3804,EMP03804,Employee_03804,26,Female,Bengaluru,Admin,HR Executive,B.Sc,Part-Time,2024-01-06,1,127365,5.0,5,Active
3805,EMP03805,Employee_03805,24,Male,Chennai,Support,Accountant,B.Tech,Full-Time,2022-12-16,3,80864,4.0,0,Inactive
3806,EMP03806,Employee_03806,31,Male,Pune,Operations,Accountant,MBA,Part-Time,2024-08-23,1,128999,2.1,4,Inactive
3807,EMP03807,Employee_03807,42,Female,Bengaluru,Admin,Support Engineer,B.Sc,Full-Time,2020-11-28,5,96909,3.7,5,Active
3808,EMP03808,Employee_03808,42,Female,Chennai,Support,Analyst,B.Com,Contract,2025-07-24,0,147289,4.1,10,Inactive
3809,EMP03809,Employee_03809,40,Male,Bengaluru,Admin,Analyst,B.Com,Full-Time,2025-11-10,0,48237,3.2,11,Active
3810,EMP03810,Employee_03810,29,Male,Mumbai,Marketing,Support Engineer,B.Com,Part-Time,2020-09-30,5,60593,4.2,1,Inactive
3811,EMP03811,Employee_03811,23,Female,Mumbai,HR,Developer,M.Tech,Part-Time,2022-06-07,3,71448,3.3,11,Inactive
3812,EMP03812,Employee_03812,30,Female,Vijayawada,IT,Executive,B.Com,Full-Time,2023-08-08,2,101225,4.0,8,Active
3813,EMP03813,Employee_03813,36,Female,Hyderabad,Support,Analyst,B.Sc,Contract,2021-01-06,4,123727,4.6,1,Active
3814,EMP03814,Employee_03814,24,Male,Bengaluru,HR,Accountant,B.Sc,Full-Time,2021-04-09,4,50957,3.4,8,Active
3815,EMP03815,Employee_03815,36,Female,Hyderabad,IT,Analyst,MCA,Full-Time,2023-07-26,2,117793,3.1,6,On Leave
3816,EMP03816,Employee_03816,30,Male,Vijayawada,Finance,Tester,B.Tech,Full-Time,2023-07-23,2,52047,4.3,11,Inactive
3817,EMP03817,Employee_03817,27,Female,Bengaluru,HR,Tester,MBA,Part-Time,2023-02-21,2,89102,4.3,2,Inactive
3818,EMP03818,Employee_03818,34,Male,Chennai,Sales,Developer,M.Tech,Part-Time,2024-06-09,1,55878,2.8,12,Inactive
3819,EMP03819,Employee_03819,44,Female,Guntur,IT,Executive,MCA,Contract,2021-06-01,4,37211,4.4,6,Inactive
3820,EMP03820,Employee_03820,41,Female,Guntur,Support,Support Engineer,B.Sc,Full-Time,2021-02-04,4,106588,3.8,3,Inactive
3821,EMP03821,Employee_03821,34,Male,Bengaluru,Support,Tester,MCA,Part-Time,2023-03-20,2,85402,3.0,12,Active
3822,EMP03822,Employee_03822,22,Male,Bengaluru,Sales,Accountant,M.Tech,Full-Time,2024-10-27,1,102824,3.9,4,Active
3823,EMP03823,Employee_03823,41,Male,Bengaluru,IT,Accountant,MCA,Contract,2023-04-05,2,129487,4.2,12,On Leave
3824,EMP03824,Employee_03824,41,Female,Vijayawada,Support,Developer,B.Tech,Contract,2020-07-05,5,144754,3.6,9,On Leave
3825,EMP03825,Employee_03825,21,Female,Mumbai,Marketing,Accountant,B.Com,Part-Time,2022-07-20,3,89903,2.3,10,Active
3826,EMP03826,Employee_03826,29,Female,Pune,Support,Accountant,B.Tech,Full-Time,2022-09-02,3,76430,3.1,10,On Leave
3827,EMP03827,Employee_03827,37,Male,Bengaluru,Admin,Support Engineer,B.Tech,Part-Time,2024-10-13,1,112437,2.5,5,Active
3828,EMP03828,Employee_03828,27,Male,Kolkata,Operations,HR Executive,MCA,Contract,2026-04-27,0,142195,2.1,11,On Leave
3829,EMP03829,Employee_03829,29,Male,Kochi,IT,Support Engineer,M.Tech,Contract,2025-01-07,0,22679,4.2,5,Inactive
3830,EMP03830,Employee_03830,40,Male,Kolkata,HR,Tester,MBA,Contract,2020-05-13,5,109776,3.4,9,Active
3831,EMP03831,Employee_03831,33,Male,Mumbai,HR,HR Executive,M.Tech,Full-Time,2024-05-18,1,31009,3.2,3,Active
3832,EMP03832,Employee_03832,29,Female,Chennai,Admin,Developer,MCA,Contract,2023-11-19,2,27236,4.4,11,On Leave
3833,EMP03833,Employee_03833,33,Male,Chennai,HR,Accountant,MCA,Part-Time,2020-08-08,5,149675,4.4,1,On Leave
3834,EMP03834,Employee_03834,38,Male,Pune,HR,Manager,B.Com,Part-Time,2021-07-25,4,56933,4.3,2,Inactive
3835,EMP03835,Employee_03835,25,Male,Kolkata,Operations,HR Executive,B.Tech,Part-Time,2025-08-03,0,108758,2.0,11,Active
3836,EMP03836,Employee_03836,43,Male,Pune,Marketing,Manager,MBA,Contract,2025-03-01,0,48442,4.9,4,On Leave
3837,EMP03837,Employee_03837,27,Female,Pune,Admin,Tester,B.Sc,Full-Time,2025-07-18,0,55741,2.6,10,On Leave
3838,EMP03838,Employee_03838,44,Male,Hyderabad,Admin,Executive,MBA,Part-Time,2023-06-21,2,57599,2.0,4,Active
3839,EMP03839,Employee_03839,41,Female,Chennai,Operations,Developer,M.Tech,Part-Time,2024-02-22,1,137365,2.2,11,On Leave
3840,EMP03840,Employee_03840,42,Male,Kochi,Operations,Support Engineer,M.Tech,Contract,2021-07-10,4,104509,2.7,10,On Leave
3841,EMP03841,Employee_03841,36,Male,Guntur,Marketing,Manager,MBA,Full-Time,2026-02-20,0,147596,3.8,11,Inactive
3842,EMP03842,Employee_03842,32,Male,Guntur,HR,Manager,MCA,Full-Time,2026-07-24,0,136969,2.4,8,Active
3843,EMP03843,Employee_03843,31,Male,Pune,Sales,Developer,B.Tech,Full-Time,2022-09-07,3,45176,2.3,10,Inactive
3844,EMP03844,Employee_03844,27,Male,Chennai,Marketing,HR Executive,MCA,Part-Time,2023-09-06,2,115768,4.8,10,On Leave
3845,EMP03845,Employee_03845,43,Male,Chennai,Sales,Manager,B.Tech,Contract,2023-03-27,2,45154,2.5,2,Inactive
3846,EMP03846,Employee_03846,37,Female,Hyderabad,Marketing,Executive,MCA,Full-Time,2022-10-18,3,102345,4.7,12,Active
3847,EMP03847,Employee_03847,21,Male,Vijayawada,Finance,Analyst,B.Sc,Full-Time,2025-05-20,0,110604,3.7,7,Inactive
3848,EMP03848,Employee_03848,26,Male,Kochi,Sales,Accountant,B.Tech,Part-Time,2026-03-18,0,54846,3.1,0,Active
3849,EMP03849,Employee_03849,23,Female,Kochi,Sales,Developer,B.Sc,Part-Time,2022-08-07,3,135739,4.5,4,On Leave
3850,EMP03850,Employee_03850,41,Male,Kolkata,HR,Analyst,B.Sc,Full-Time,2023-02-13,2,132732,4.7,12,Inactive
3851,EMP03851,Employee_03851,42,Male,Mumbai,Operations,Support Engineer,B.Com,Full-Time,2020-09-07,5,83590,3.7,6,Inactive
3852,EMP03852,Employee_03852,21,Female,Delhi,Finance,Executive,B.Com,Contract,2025-06-22,0,22067,3.0,3,On Leave
3853,EMP03853,Employee_03853,42,Male,Kochi,Sales,Support Engineer,B.Tech,Full-Time,2021-02-18,4,50589,4.3,0,On Leave
3854,EMP03854,Employee_03854,29,Male,Delhi,Admin,Support Engineer,B.Sc,Part-Time,2025-12-31,0,147015,3.4,8,Active
3855,EMP03855,Employee_03855,34,Male,Pune,IT,Accountant,B.Tech,Part-Time,2024-02-29,1,95276,2.3,12,Inactive
3856,EMP03856,Employee_03856,42,Female,Pune,Sales,Analyst,B.Tech,Contract,2024-08-31,1,147346,2.2,10,Active
3857,EMP03857,Employee_03857,43,Female,Delhi,Sales,Developer,MCA,Full-Time,2024-10-30,1,42457,5.0,9,Inactive
3858,EMP03858,Employee_03858,44,Male,Pune,Admin,Accountant,MCA,Full-Time,2022-04-21,3,47907,4.5,4,Inactive
3859,EMP03859,Employee_03859,45,Male,Hyderabad,Support,Analyst,MCA,Contract,2020-02-04,5,74337,3.5,10,Active
3860,EMP03860,Employee_03860,21,Male,Hyderabad,Admin,Manager,B.Tech,Part-Time,2020-07-27,5,93181,5.0,5,Active
3861,EMP03861,Employee_03861,35,Female,Vijayawada,Sales,Manager,B.Com,Part-Time,2023-01-12,2,96268,2.4,6,Active
3862,EMP03862,Employee_03862,31,Male,Delhi,Sales,HR Executive,MBA,Contract,2024-10-05,1,53232,3.7,9,On Leave
3863,EMP03863,Employee_03863,25,Male,Kochi,Operations,Accountant,MCA,Contract,2021-05-05,4,24351,4.4,2,On Leave
3864,EMP03864,Employee_03864,28,Female,Hyderabad,HR,HR Executive,MCA,Contract,2020-04-02,5,100254,4.1,11,Inactive
3865,EMP03865,Employee_03865,31,Female,Kolkata,HR,Accountant,B.Com,Part-Time,2023-02-11,2,132146,3.0,11,Active
3866,EMP03866,Employee_03866,31,Female,Bengaluru,Operations,Support Engineer,MBA,Part-Time,2020-05-17,5,86236,2.2,10,Inactive
3867,EMP03867,Employee_03867,39,Female,Vijayawada,Operations,Executive,B.Tech,Full-Time,2020-02-09,5,63688,2.1,11,Active
3868,EMP03868,Employee_03868,29,Female,Kolkata,IT,HR Executive,M.Tech,Part-Time,2022-07-06,3,38562,2.9,0,Active
3869,EMP03869,Employee_03869,23,Female,Delhi,Marketing,Tester,B.Tech,Full-Time,2026-05-27,0,84805,4.4,4,Active
3870,EMP03870,Employee_03870,30,Female,Mumbai,Operations,Tester,MCA,Part-Time,2020-06-13,5,27806,2.1,11,Inactive
3871,EMP03871,Employee_03871,27,Female,Delhi,Finance,Support Engineer,MBA,Full-Time,2025-12-04,0,95513,4.2,8,Inactive
3872,EMP03872,Employee_03872,39,Female,Chennai,Operations,Accountant,MBA,Full-Time,2026-03-09,0,55216,4.6,6,Active
3873,EMP03873,Employee_03873,37,Female,Bengaluru,HR,Analyst,B.Sc,Contract,2022-02-27,3,28360,4.1,9,Active
3874,EMP03874,Employee_03874,32,Male,Kolkata,HR,Support Engineer,MCA,Part-Time,2024-04-22,1,64368,4.0,5,On Leave
3875,EMP03875,Employee_03875,30,Female,Bengaluru,Admin,Tester,B.Tech,Contract,2020-04-02,5,80983,2.3,0,Inactive
3876,EMP03876,Employee_03876,36,Female,Pune,HR,Developer,M.Tech,Full-Time,2023-01-29,2,144928,4.6,11,Active
3877,EMP03877,Employee_03877,24,Male,Delhi,Marketing,HR Executive,B.Tech,Part-Time,2022-10-10,3,138210,3.2,0,On Leave
3878,EMP03878,Employee_03878,30,Female,Delhi,Finance,Tester,M.Tech,Part-Time,2022-11-06,3,90892,3.1,6,Active
3879,EMP03879,Employee_03879,28,Male,Bengaluru,Sales,Accountant,M.Tech,Full-Time,2026-01-30,0,66554,3.5,12,Inactive
3880,EMP03880,Employee_03880,45,Male,Kochi,Admin,Support Engineer,MCA,Full-Time,2023-02-16,2,147266,4.8,9,On Leave
3881,EMP03881,Employee_03881,30,Female,Guntur,Operations,Tester,MBA,Full-Time,2022-12-26,3,98150,2.1,0,On Leave
3882,EMP03882,Employee_03882,41,Female,Kolkata,IT,Accountant,B.Sc,Part-Time,2021-09-25,4,93811,3.7,12,Inactive
3883,EMP03883,Employee_03883,34,Male,Vijayawada,IT,Support Engineer,B.Sc,Part-Time,2025-05-09,0,84753,4.6,7,Active
3884,EMP03884,Employee_03884,24,Male,Guntur,Finance,Accountant,B.Com,Part-Time,2023-12-07,2,44113,4.6,7,Inactive
3885,EMP03885,Employee_03885,34,Male,Kochi,HR,Analyst,MCA,Full-Time,2025-02-17,0,129438,4.1,6,Inactive
3886,EMP03886,Employee_03886,33,Male,Bengaluru,Admin,HR Executive,MCA,Part-Time,2021-11-01,4,84353,2.4,9,Active
3887,EMP03887,Employee_03887,32,Female,Kochi,HR,Developer,M.Tech,Part-Time,2025-12-14,0,128221,4.3,7,On Leave
3888,EMP03888,Employee_03888,44,Female,Vijayawada,IT,Tester,B.Com,Part-Time,2024-11-21,1,73720,4.4,11,Inactive
3889,EMP03889,Employee_03889,24,Female,Vijayawada,IT,Manager,B.Com,Contract,2025-05-25,0,89222,2.1,12,Active
3890,EMP03890,Employee_03890,32,Female,Hyderabad,Operations,Accountant,B.Com,Full-Time,2020-12-16,5,114607,4.9,4,Inactive
3891,EMP03891,Employee_03891,41,Female,Delhi,Operations,Support Engineer,M.Tech,Contract,2024-05-14,1,74746,3.5,4,On Leave
3892,EMP03892,Employee_03892,33,Female,Chennai,IT,Support Engineer,B.Tech,Contract,2025-04-23,0,125479,2.6,5,Inactive
3893,EMP03893,Employee_03893,45,Female,Vijayawada,Finance,Manager,MBA,Part-Time,2022-06-02,3,20585,4.1,2,On Leave
3894,EMP03894,Employee_03894,42,Female,Chennai,Support,HR Executive,B.Tech,Full-Time,2023-09-01,2,148542,2.2,11,Inactive
3895,EMP03895,Employee_03895,40,Female,Guntur,Marketing,Tester,MCA,Full-Time,2024-10-01,1,26156,4.4,2,On Leave
3896,EMP03896,Employee_03896,27,Female,Bengaluru,Support,Support Engineer,B.Sc,Part-Time,2023-03-15,2,112465,2.1,7,Inactive
3897,EMP03897,Employee_03897,42,Male,Guntur,Marketing,Analyst,MCA,Full-Time,2025-03-27,0,85121,2.4,7,Inactive
3898,EMP03898,Employee_03898,42,Female,Chennai,Operations,Manager,B.Com,Full-Time,2022-03-01,3,130283,3.7,0,Active
3899,EMP03899,Employee_03899,40,Female,Kolkata,IT,Accountant,MCA,Contract,2024-05-09,1,37387,3.0,9,Active
3900,EMP03900,Employee_03900,22,Male,Pune,Sales,Tester,M.Tech,Contract,2022-05-02,3,143370,4.0,0,Active
3901,EMP03901,Employee_03901,27,Female,Kochi,Finance,Tester,MCA,Part-Time,2021-08-02,4,143914,2.9,2,Active
3902,EMP03902,Employee_03902,21,Female,Kochi,HR,Analyst,M.Tech,Contract,2026-03-11,0,41668,4.1,10,Active
3903,EMP03903,Employee_03903,30,Male,Bengaluru,HR,Manager,MCA,Part-Time,2026-06-02,0,128239,4.7,0,On Leave
3904,EMP03904,Employee_03904,29,Female,Bengaluru,HR,Manager,B.Tech,Full-Time,2021-01-21,4,131939,4.7,9,Active
3905,EMP03905,Employee_03905,44,Female,Guntur,Support,Tester,B.Sc,Full-Time,2026-04-24,0,33613,5.0,9,On Leave
3906,EMP03906,Employee_03906,27,Female,Chennai,Marketing,HR Executive,B.Sc,Part-Time,2023-04-03,2,72475,4.2,5,On Leave
3907,EMP03907,Employee_03907,28,Female,Hyderabad,Sales,Developer,M.Tech,Full-Time,2025-05-17,0,98344,3.9,10,Inactive
3908,EMP03908,Employee_03908,25,Male,Bengaluru,Support,Manager,B.Com,Full-Time,2025-04-29,0,38793,5.0,9,Inactive
3909,EMP03909,Employee_03909,27,Male,Mumbai,Marketing,Executive,M.Tech,Part-Time,2023-12-14,2,59403,3.3,9,Active
3910,EMP03910,Employee_03910,38,Male,Kolkata,Marketing,Analyst,B.Sc,Contract,2024-06-04,1,138944,4.3,7,Inactive
3911,EMP03911,Employee_03911,26,Female,Kochi,HR,Developer,B.Com,Full-Time,2024-12-17,1,145819,3.4,7,Inactive
3912,EMP03912,Employee_03912,43,Female,Delhi,Finance,Tester,B.Tech,Contract,2024-04-03,1,61357,3.8,9,Inactive
3913,EMP03913,Employee_03913,28,Male,Hyderabad,Marketing,Developer,B.Com,Full-Time,2025-06-13,0,37479,4.0,0,On Leave
3914,EMP03914,Employee_03914,35,Female,Pune,Sales,Accountant,B.Tech,Full-Time,2020-02-02,5,44813,3.7,2,Inactive
3915,EMP03915,Employee_03915,35,Male,Delhi,Operations,Developer,B.Tech,Contract,2024-02-01,1,44133,2.9,6,Active
3916,EMP03916,Employee_03916,27,Male,Delhi,Marketing,Support Engineer,MBA,Part-Time,2024-02-24,1,34541,4.0,0,Active
3917,EMP03917,Employee_03917,28,Male,Vijayawada,Marketing,Executive,B.Tech,Part-Time,2021-01-10,4,143081,2.2,0,Inactive
3918,EMP03918,Employee_03918,21,Male,Bengaluru,Admin,Executive,MBA,Full-Time,2024-08-26,1,148985,5.0,0,Active
3919,EMP03919,Employee_03919,41,Male,Mumbai,Finance,HR Executive,B.Sc,Full-Time,2025-05-24,0,29610,2.3,0,On Leave
3920,EMP03920,Employee_03920,26,Female,Bengaluru,Sales,HR Executive,B.Com,Part-Time,2021-10-09,4,86439,2.0,0,On Leave
3921,EMP03921,Employee_03921,33,Female,Bengaluru,Marketing,Executive,B.Com,Contract,2024-10-12,1,31894,2.5,10,On Leave
3922,EMP03922,Employee_03922,29,Male,Hyderabad,Marketing,Support Engineer,B.Tech,Full-Time,2020-06-18,5,141459,2.3,8,Inactive
3923,EMP03923,Employee_03923,23,Female,Hyderabad,Finance,Accountant,MBA,Contract,2022-09-19,3,47492,3.7,5,Active
3924,EMP03924,Employee_03924,45,Female,Guntur,IT,Support Engineer,B.Com,Contract,2023-01-27,2,147602,5.0,9,Inactive
3925,EMP03925,Employee_03925,25,Female,Chennai,Finance,Tester,MBA,Part-Time,2024-03-20,1,101053,3.4,0,Active
3926,EMP03926,Employee_03926,39,Female,Bengaluru,Admin,Support Engineer,B.Com,Full-Time,2024-05-03,1,87062,4.0,11,On Leave
3927,EMP03927,Employee_03927,26,Male,Mumbai,HR,HR Executive,B.Tech,Part-Time,2025-10-23,0,148716,4.3,1,On Leave
3928,EMP03928,Employee_03928,23,Female,Vijayawada,IT,Manager,MBA,Part-Time,2020-03-27,5,148866,4.0,5,On Leave
3929,EMP03929,Employee_03929,33,Female,Mumbai,HR,Tester,B.Com,Contract,2026-02-24,0,103484,4.7,4,Active
3930,EMP03930,Employee_03930,45,Male,Kolkata,IT,Support Engineer,B.Tech,Full-Time,2022-12-03,3,55997,4.2,7,Inactive
3931,EMP03931,Employee_03931,28,Female,Chennai,Support,Tester,MCA,Part-Time,2021-05-22,4,132885,4.0,10,Active
3932,EMP03932,Employee_03932,25,Male,Mumbai,Finance,Developer,MBA,Part-Time,2023-04-16,2,84790,2.2,11,On Leave
3933,EMP03933,Employee_03933,23,Female,Kolkata,HR,Tester,B.Sc,Part-Time,2026-01-16,0,133117,4.0,0,Inactive
3934,EMP03934,Employee_03934,36,Female,Guntur,Support,Analyst,M.Tech,Full-Time,2026-06-20,0,58412,4.0,3,Inactive
3935,EMP03935,Employee_03935,24,Male,Hyderabad,Admin,HR Executive,B.Tech,Full-Time,2022-10-27,3,138321,4.4,5,On Leave
3936,EMP03936,Employee_03936,32,Male,Hyderabad,Admin,Accountant,MCA,Part-Time,2025-02-15,0,47067,4.1,8,Active
3937,EMP03937,Employee_03937,30,Male,Kolkata,Support,Accountant,MBA,Full-Time,2025-09-07,0,114396,3.1,6,Inactive
3938,EMP03938,Employee_03938,36,Male,Chennai,Sales,Tester,MCA,Full-Time,2024-10-18,1,52400,4.1,9,Inactive
3939,EMP03939,Employee_03939,21,Female,Chennai,Operations,Accountant,MCA,Full-Time,2022-04-20,3,57595,2.3,2,Active
3940,EMP03940,Employee_03940,35,Male,Chennai,IT,Support Engineer,MCA,Contract,2024-09-27,1,91502,4.4,0,Inactive
3941,EMP03941,Employee_03941,43,Female,Kochi,IT,Analyst,B.Sc,Contract,2023-03-19,2,139981,3.9,12,Active
3942,EMP03942,Employee_03942,45,Male,Guntur,HR,Developer,MCA,Contract,2023-11-02,2,124169,4.4,0,Active
3943,EMP03943,Employee_03943,32,Male,Guntur,Finance,Developer,M.Tech,Contract,2021-09-01,4,146683,4.5,0,Inactive
3944,EMP03944,Employee_03944,35,Female,Kochi,Operations,Analyst,B.Com,Full-Time,2022-09-13,3,34323,2.7,5,Inactive
3945,EMP03945,Employee_03945,33,Male,Kochi,Support,Support Engineer,MCA,Part-Time,2024-11-29,1,38155,3.3,6,On Leave
3946,EMP03946,Employee_03946,33,Male,Guntur,Admin,Executive,B.Sc,Full-Time,2022-02-28,3,32247,2.4,5,On Leave
3947,EMP03947,Employee_03947,26,Male,Kolkata,IT,HR Executive,MCA,Part-Time,2021-08-29,4,103518,4.6,5,Active
3948,EMP03948,Employee_03948,38,Female,Bengaluru,Sales,Tester,B.Tech,Full-Time,2024-12-03,1,139395,4.5,10,Active
3949,EMP03949,Employee_03949,34,Female,Pune,Sales,Developer,B.Tech,Part-Time,2020-01-19,5,120107,3.0,4,Inactive
3950,EMP03950,Employee_03950,28,Female,Hyderabad,Admin,Developer,MBA,Part-Time,2020-09-10,5,100098,4.5,11,On Leave
3951,EMP03951,Employee_03951,36,Female,Mumbai,Admin,Developer,M.Tech,Part-Time,2022-09-30,3,115770,3.9,0,On Leave
3952,EMP03952,Employee_03952,28,Male,Vijayawada,IT,Manager,MBA,Part-Time,2026-03-21,0,33121,2.8,0,Inactive
3953,EMP03953,Employee_03953,24,Male,Delhi,IT,Analyst,MCA,Contract,2024-02-17,1,67302,2.0,12,Inactive
3954,EMP03954,Employee_03954,31,Male,Kolkata,Marketing,Manager,MBA,Part-Time,2025-07-03,0,96323,3.4,8,Active
3955,EMP03955,Employee_03955,26,Male,Vijayawada,Finance,Support Engineer,B.Com,Full-Time,2024-04-16,1,61151,3.5,12,Active
3956,EMP03956,Employee_03956,32,Male,Delhi,Operations,Developer,B.Tech,Full-Time,2020-02-23,5,54709,4.9,5,Inactive
3957,EMP03957,Employee_03957,29,Female,Kolkata,Admin,Support Engineer,B.Tech,Contract,2021-10-05,4,140713,2.2,12,Inactive
3958,EMP03958,Employee_03958,27,Female,Bengaluru,IT,Support Engineer,M.Tech,Full-Time,2021-05-15,4,49552,4.6,10,Inactive
3959,EMP03959,Employee_03959,25,Female,Mumbai,IT,Tester,M.Tech,Part-Time,2021-02-21,4,23784,4.9,0,Active
3960,EMP03960,Employee_03960,34,Male,Vijayawada,Support,Manager,MBA,Contract,2023-09-18,2,73794,2.6,12,On Leave
3961,EMP03961,Employee_03961,29,Male,Hyderabad,Finance,Support Engineer,B.Sc,Full-Time,2026-07-19,0,135459,2.7,7,On Leave
3962,EMP03962,Employee_03962,33,Female,Hyderabad,Admin,Analyst,B.Sc,Part-Time,2020-07-17,5,31430,3.1,3,Active
3963,EMP03963,Employee_03963,36,Male,Chennai,Operations,Analyst,MCA,Full-Time,2022-04-13,3,71787,3.8,4,Inactive
3964,EMP03964,Employee_03964,39,Female,Pune,Support,Support Engineer,M.Tech,Contract,2024-05-13,1,93278,4.6,6,Active
3965,EMP03965,Employee_03965,42,Female,Delhi,Support,Analyst,B.Com,Full-Time,2020-12-10,5,98277,4.7,5,On Leave
3966,EMP03966,Employee_03966,31,Male,Bengaluru,Admin,Accountant,MBA,Full-Time,2026-07-18,0,46537,4.7,6,Active
3967,EMP03967,Employee_03967,25,Male,Pune,Sales,Executive,B.Tech,Contract,2020-07-08,5,70029,2.0,2,On Leave
3968,EMP03968,Employee_03968,21,Male,Vijayawada,IT,Tester,B.Tech,Full-Time,2024-05-02,1,56056,3.0,9,Inactive
3969,EMP03969,Employee_03969,45,Female,Vijayawada,IT,Accountant,M.Tech,Full-Time,2022-10-01,3,132168,4.8,6,Inactive
3970,EMP03970,Employee_03970,44,Female,Guntur,Sales,HR Executive,MCA,Full-Time,2020-06-24,5,59993,3.4,7,Inactive
3971,EMP03971,Employee_03971,36,Male,Pune,Sales,Developer,MCA,Part-Time,2022-04-20,3,68733,3.6,8,Active
3972,EMP03972,Employee_03972,40,Male,Vijayawada,Operations,Analyst,MCA,Contract,2021-01-17,4,62492,2.9,7,Inactive
3973,EMP03973,Employee_03973,24,Female,Pune,Support,Accountant,MCA,Contract,2021-07-21,4,18833,3.7,10,Active
3974,EMP03974,Employee_03974,41,Female,Hyderabad,IT,HR Executive,MBA,Contract,2025-09-01,0,35831,4.6,8,On Leave
3975,EMP03975,Employee_03975,23,Female,Chennai,Operations,Manager,MCA,Contract,2025-11-14,0,59845,3.5,0,Inactive
3976,EMP03976,Employee_03976,31,Male,Vijayawada,Finance,Manager,M.Tech,Part-Time,2024-03-25,1,24091,3.3,12,Active
3977,EMP03977,Employee_03977,40,Male,Kolkata,IT,Executive,B.Com,Contract,2025-02-12,0,134094,2.0,1,On Leave
3978,EMP03978,Employee_03978,40,Female,Kolkata,Admin,Developer,B.Com,Contract,2020-01-18,5,108635,4.7,4,Active
3979,EMP03979,Employee_03979,29,Female,Vijayawada,Finance,HR Executive,B.Tech,Full-Time,2022-02-27,3,127177,4.7,5,Active
3980,EMP03980,Employee_03980,23,Female,Mumbai,IT,Support Engineer,M.Tech,Contract,2022-06-05,3,25746,3.3,6,On Leave
3981,EMP03981,Employee_03981,41,Female,Kolkata,IT,Executive,MBA,Contract,2025-05-05,0,97611,2.7,0,Active
3982,EMP03982,Employee_03982,43,Female,Kolkata,Admin,Developer,B.Com,Full-Time,2023-10-01,2,81231,3.3,2,Inactive
3983,EMP03983,Employee_03983,36,Female,Pune,HR,Tester,B.Sc,Full-Time,2023-08-03,2,43803,2.7,11,Inactive
3984,EMP03984,Employee_03984,33,Female,Mumbai,Sales,Executive,B.Tech,Part-Time,2023-10-17,2,54051,2.8,9,On Leave
3985,EMP03985,Employee_03985,35,Female,Kochi,Admin,HR Executive,MBA,Full-Time,2021-10-13,4,77252,4.2,0,Active
3986,EMP03986,Employee_03986,30,Female,Guntur,Marketing,Developer,B.Tech,Part-Time,2025-12-02,0,21678,4.8,7,Inactive
3987,EMP03987,Employee_03987,30,Male,Kochi,Admin,Support Engineer,MBA,Part-Time,2025-01-13,0,124504,4.9,2,On Leave
3988,EMP03988,Employee_03988,31,Male,Mumbai,Operations,HR Executive,MBA,Part-Time,2021-05-27,4,108073,4.0,4,Active
3989,EMP03989,Employee_03989,39,Male,Guntur,Admin,Tester,B.Tech,Part-Time,2022-01-01,4,32373,5.0,2,On Leave
3990,EMP03990,Employee_03990,24,Male,Pune,Finance,Accountant,M.Tech,Full-Time,2020-04-06,5,100426,5.0,4,On Leave
3991,EMP03991,Employee_03991,42,Male,Pune,Support,Manager,B.Sc,Part-Time,2024-07-25,1,75312,5.0,9,On Leave
3992,EMP03992,Employee_03992,34,Female,Guntur,HR,Developer,B.Sc,Part-Time,2022-11-01,3,149332,4.2,2,Inactive
3993,EMP03993,Employee_03993,36,Female,Pune,Admin,Analyst,M.Tech,Part-Time,2024-03-07,1,88434,3.9,0,On Leave
3994,EMP03994,Employee_03994,34,Female,Hyderabad,Support,Developer,B.Tech,Contract,2021-10-21,4,56183,3.4,10,Active
3995,EMP03995,Employee_03995,34,Male,Kochi,Support,Analyst,B.Com,Contract,2021-08-31,4,126158,4.6,6,Active
3996,EMP03996,Employee_03996,23,Female,Guntur,Operations,Support Engineer,B.Com,Part-Time,2026-05-09,0,19665,2.1,1,Inactive
3997,EMP03997,Employee_03997,22,Female,Guntur,Finance,Accountant,M.Tech,Part-Time,2022-10-15,3,32333,2.3,8,On Leave
3998,EMP03998,Employee_03998,21,Male,Delhi,Admin,Executive,B.Tech,Part-Time,2021-10-02,4,100520,2.5,11,Active
3999,EMP03999,Employee_03999,24,Female,Kochi,HR,Developer,M.Tech,Part-Time,2021-10-08,4,125915,5.0,5,Active
4000,EMP04000,Employee_04000,42,Male,Vijayawada,HR,Executive,M.Tech,Part-Time,2025-12-19,0,123910,4.3,1,Active
4001,EMP04001,Employee_04001,32,Female,Chennai,Finance,Accountant,MBA,Part-Time,2021-08-24,4,26788,4.9,6,Active
4002,EMP04002,Employee_04002,39,Female,Chennai,Support,Support Engineer,B.Tech,Part-Time,2023-06-24,2,98374,4.3,6,Active
4003,EMP04003,Employee_04003,36,Male,Bengaluru,Support,Developer,B.Sc,Contract,2023-03-11,2,146540,4.0,4,Inactive
4004,EMP04004,Employee_04004,32,Female,Delhi,Operations,Accountant,B.Com,Contract,2026-06-05,0,68396,4.2,8,On Leave
4005,EMP04005,Employee_04005,22,Female,Delhi,Finance,Manager,B.Sc,Full-Time,2022-02-06,3,86243,4.2,10,Active
4006,EMP04006,Employee_04006,29,Male,Chennai,Admin,Accountant,M.Tech,Part-Time,2024-06-23,1,78553,2.1,10,Inactive
4007,EMP04007,Employee_04007,28,Female,Delhi,Admin,HR Executive,MBA,Contract,2023-03-22,2,77742,4.3,2,On Leave
4008,EMP04008,Employee_04008,43,Female,Chennai,Marketing,HR Executive,M.Tech,Part-Time,2023-03-02,2,32101,2.9,7,On Leave
4009,EMP04009,Employee_04009,25,Male,Kochi,IT,HR Executive,MBA,Contract,2025-05-23,0,73335,4.0,4,On Leave
4010,EMP04010,Employee_04010,21,Female,Mumbai,Finance,Manager,MCA,Contract,2020-11-01,5,26438,3.8,7,Active
4011,EMP04011,Employee_04011,33,Male,Guntur,Operations,Support Engineer,MCA,Part-Time,2020-09-27,5,86071,2.4,2,Active
4012,EMP04012,Employee_04012,30,Female,Vijayawada,HR,Support Engineer,MCA,Contract,2022-01-07,3,36727,2.0,10,Inactive
4013,EMP04013,Employee_04013,29,Male,Chennai,Sales,Tester,B.Sc,Part-Time,2022-07-25,3,109945,4.7,5,Inactive
4014,EMP04014,Employee_04014,43,Male,Guntur,Sales,Analyst,M.Tech,Full-Time,2020-08-16,5,140525,4.1,8,On Leave
4015,EMP04015,Employee_04015,40,Female,Delhi,IT,Accountant,B.Sc,Contract,2023-09-08,2,94666,2.7,7,On Leave
4016,EMP04016,Employee_04016,25,Male,Chennai,Support,Tester,M.Tech,Full-Time,2021-05-20,4,60870,2.2,1,Active
4017,EMP04017,Employee_04017,23,Female,Kolkata,Sales,Accountant,M.Tech,Part-Time,2025-09-23,0,101712,2.8,12,Active
4018,EMP04018,Employee_04018,22,Male,Kochi,Operations,Developer,M.Tech,Part-Time,2025-06-20,0,114972,4.6,7,Active
4019,EMP04019,Employee_04019,42,Male,Mumbai,Sales,Manager,MBA,Part-Time,2024-04-25,1,74967,2.6,6,Inactive
4020,EMP04020,Employee_04020,21,Female,Vijayawada,IT,Accountant,MCA,Contract,2021-09-18,4,148031,3.8,0,On Leave
4021,EMP04021,Employee_04021,35,Male,Pune,Support,Executive,MBA,Contract,2022-09-16,3,148746,3.5,5,Active
4022,EMP04022,Employee_04022,30,Male,Kolkata,Operations,Accountant,M.Tech,Contract,2025-10-27,0,112882,2.8,1,Active
4023,EMP04023,Employee_04023,26,Male,Bengaluru,Support,Support Engineer,B.Tech,Part-Time,2025-11-29,0,122797,4.4,11,On Leave
4024,EMP04024,Employee_04024,31,Female,Kolkata,Admin,Analyst,B.Com,Contract,2026-06-22,0,61501,3.4,4,Inactive
4025,EMP04025,Employee_04025,27,Female,Kochi,Sales,Analyst,M.Tech,Full-Time,2022-07-06,3,71681,2.2,10,On Leave
4026,EMP04026,Employee_04026,36,Female,Bengaluru,Admin,HR Executive,B.Com,Contract,2023-05-08,2,104368,4.7,1,Active
4027,EMP04027,Employee_04027,24,Male,Chennai,Admin,HR Executive,B.Com,Contract,2021-08-06,4,23346,4.4,12,On Leave
4028,EMP04028,Employee_04028,32,Female,Bengaluru,Finance,Support Engineer,B.Sc,Contract,2026-04-25,0,139651,2.2,0,On Leave
4029,EMP04029,Employee_04029,41,Male,Delhi,Sales,Accountant,MBA,Contract,2020-08-06,5,128572,2.6,9,Active
4030,EMP04030,Employee_04030,44,Male,Vijayawada,Marketing,HR Executive,B.Sc,Full-Time,2021-11-29,4,140595,3.9,10,Inactive
4031,EMP04031,Employee_04031,42,Male,Delhi,Finance,Tester,B.Sc,Contract,2025-10-12,0,142709,3.0,1,Inactive
4032,EMP04032,Employee_04032,42,Male,Bengaluru,Marketing,Tester,B.Com,Contract,2021-07-02,4,24891,3.3,7,On Leave
4033,EMP04033,Employee_04033,24,Female,Chennai,Marketing,Executive,MCA,Part-Time,2023-01-01,3,116463,4.0,5,Active
4034,EMP04034,Employee_04034,43,Male,Delhi,Admin,Executive,M.Tech,Contract,2026-06-11,0,54990,4.3,7,Inactive
4035,EMP04035,Employee_04035,31,Female,Bengaluru,Finance,Support Engineer,B.Tech,Contract,2025-12-02,0,19452,3.9,0,Active
4036,EMP04036,Employee_04036,27,Female,Chennai,IT,Accountant,B.Com,Contract,2020-05-05,5,41500,4.0,6,Active
4037,EMP04037,Employee_04037,29,Female,Guntur,Admin,HR Executive,B.Tech,Full-Time,2023-01-26,2,115854,3.2,1,On Leave
4038,EMP04038,Employee_04038,22,Male,Hyderabad,Finance,HR Executive,M.Tech,Part-Time,2023-09-25,2,88862,2.7,0,Inactive
4039,EMP04039,Employee_04039,33,Female,Delhi,Admin,Executive,M.Tech,Full-Time,2025-01-31,0,97717,3.4,6,On Leave
4040,EMP04040,Employee_04040,36,Female,Hyderabad,Support,Support Engineer,MCA,Full-Time,2025-05-06,0,96868,2.3,0,On Leave
4041,EMP04041,Employee_04041,28,Female,Guntur,Finance,Analyst,B.Com,Contract,2021-09-14,4,81874,2.2,12,Inactive
4042,EMP04042,Employee_04042,34,Male,Vijayawada,Sales,Developer,B.Com,Full-Time,2020-04-05,5,43605,4.5,5,Inactive
4043,EMP04043,Employee_04043,38,Male,Guntur,Finance,Executive,B.Tech,Contract,2021-11-06,4,18018,4.9,11,On Leave
4044,EMP04044,Employee_04044,24,Male,Hyderabad,Support,HR Executive,B.Tech,Part-Time,2024-03-27,1,110174,4.6,7,On Leave
4045,EMP04045,Employee_04045,28,Male,Delhi,IT,Tester,B.Tech,Full-Time,2020-08-11,5,131630,4.5,7,Inactive
4046,EMP04046,Employee_04046,41,Male,Bengaluru,Marketing,HR Executive,MBA,Full-Time,2026-06-09,0,141019,3.3,6,On Leave
4047,EMP04047,Employee_04047,42,Female,Bengaluru,Finance,Manager,MCA,Contract,2024-05-05,1,30763,3.6,4,Active
4048,EMP04048,Employee_04048,37,Female,Vijayawada,Finance,Tester,B.Sc,Part-Time,2020-03-16,5,146473,3.6,4,Inactive
4049,EMP04049,Employee_04049,37,Male,Vijayawada,Marketing,Manager,M.Tech,Full-Time,2024-07-09,1,120684,3.6,6,Active
4050,EMP04050,Employee_04050,39,Female,Vijayawada,Operations,Support Engineer,B.Tech,Full-Time,2020-05-26,5,133415,2.2,5,Active
4051,EMP04051,Employee_04051,33,Male,Bengaluru,Operations,HR Executive,MBA,Contract,2022-06-04,3,136574,4.6,11,On Leave
4052,EMP04052,Employee_04052,29,Male,Mumbai,Support,Tester,MCA,Contract,2020-09-27,5,22656,3.6,8,Active
4053,EMP04053,Employee_04053,35,Male,Kochi,Marketing,Manager,M.Tech,Full-Time,2022-09-09,3,38900,3.3,5,On Leave
4054,EMP04054,Employee_04054,32,Male,Pune,HR,Analyst,B.Com,Full-Time,2021-03-09,4,125036,3.9,7,On Leave
4055,EMP04055,Employee_04055,43,Male,Hyderabad,Marketing,Accountant,MCA,Full-Time,2020-11-01,5,81257,3.1,9,Inactive
4056,EMP04056,Employee_04056,44,Male,Delhi,HR,Support Engineer,B.Tech,Contract,2024-11-05,1,98026,2.8,4,Active
4057,EMP04057,Employee_04057,25,Male,Kochi,Finance,HR Executive,MCA,Contract,2022-11-10,3,147633,3.7,1,Active
4058,EMP04058,Employee_04058,40,Male,Guntur,HR,Tester,B.Com,Full-Time,2020-03-27,5,149211,4.5,6,Inactive
4059,EMP04059,Employee_04059,44,Female,Chennai,Marketing,Manager,B.Tech,Part-Time,2024-10-13,1,119905,2.3,7,Inactive
4060,EMP04060,Employee_04060,38,Female,Kolkata,Finance,Tester,M.Tech,Full-Time,2020-07-24,5,25811,3.0,8,Inactive
4061,EMP04061,Employee_04061,36,Female,Hyderabad,IT,Executive,B.Tech,Full-Time,2025-05-18,0,102488,4.1,2,Active
4062,EMP04062,Employee_04062,23,Female,Chennai,Finance,Tester,MCA,Part-Time,2024-02-06,1,126429,2.3,5,On Leave
4063,EMP04063,Employee_04063,34,Female,Kochi,Operations,Executive,B.Sc,Part-Time,2025-04-01,0,87197,3.9,1,Active
4064,EMP04064,Employee_04064,22,Female,Pune,Sales,Tester,MCA,Full-Time,2026-06-03,0,39692,2.0,12,Active
4065,EMP04065,Employee_04065,45,Male,Kolkata,Operations,Tester,M.Tech,Full-Time,2024-12-19,1,145487,4.1,7,Inactive
4066,EMP04066,Employee_04066,26,Female,Delhi,Marketing,Executive,M.Tech,Part-Time,2025-09-04,0,79548,3.9,11,Inactive
4067,EMP04067,Employee_04067,26,Male,Bengaluru,HR,Support Engineer,M.Tech,Part-Time,2026-01-13,0,41960,2.7,10,Inactive
4068,EMP04068,Employee_04068,40,Female,Bengaluru,Sales,Support Engineer,B.Com,Full-Time,2024-07-18,1,90473,4.3,10,Active
4069,EMP04069,Employee_04069,36,Male,Kochi,Admin,Executive,B.Tech,Part-Time,2022-04-18,3,112795,2.0,12,Inactive
4070,EMP04070,Employee_04070,31,Male,Chennai,Marketing,Executive,B.Com,Contract,2021-11-14,4,57230,4.0,11,Active
4071,EMP04071,Employee_04071,44,Female,Kochi,Support,Support Engineer,MBA,Full-Time,2021-01-28,4,71612,3.7,12,On Leave
4072,EMP04072,Employee_04072,36,Male,Hyderabad,Support,Tester,M.Tech,Part-Time,2020-01-27,5,69715,4.7,5,Inactive
4073,EMP04073,Employee_04073,22,Female,Hyderabad,Admin,Manager,MCA,Part-Time,2025-11-13,0,97906,4.3,2,Active
4074,EMP04074,Employee_04074,44,Male,Kochi,Sales,Accountant,B.Tech,Part-Time,2024-02-05,1,109042,3.6,11,Active
4075,EMP04075,Employee_04075,37,Male,Kolkata,IT,Support Engineer,B.Com,Contract,2024-01-19,1,139381,4.2,6,Active
4076,EMP04076,Employee_04076,34,Male,Guntur,Admin,Support Engineer,B.Tech,Full-Time,2021-07-10,4,55645,4.3,11,Active
4077,EMP04077,Employee_04077,27,Male,Pune,Marketing,Analyst,B.Com,Part-Time,2024-02-24,1,53567,3.9,7,Inactive
4078,EMP04078,Employee_04078,45,Female,Pune,Admin,Analyst,B.Sc,Part-Time,2023-10-14,2,117543,4.6,8,On Leave
4079,EMP04079,Employee_04079,36,Female,Pune,Finance,Analyst,B.Sc,Contract,2026-01-09,0,20071,3.6,12,Active
4080,EMP04080,Employee_04080,42,Female,Delhi,Sales,Accountant,MBA,Part-Time,2022-07-02,3,120326,4.4,5,Inactive
4081,EMP04081,Employee_04081,24,Male,Chennai,Finance,Developer,MCA,Contract,2023-09-22,2,59558,3.9,6,Active
4082,EMP04082,Employee_04082,45,Female,Chennai,Support,Analyst,B.Sc,Contract,2023-02-23,2,124914,4.5,10,Active
4083,EMP04083,Employee_04083,23,Female,Kochi,Sales,Tester,B.Com,Full-Time,2025-01-07,0,116587,2.1,11,Active
4084,EMP04084,Employee_04084,42,Male,Bengaluru,Support,Manager,MCA,Contract,2024-04-23,1,70345,3.6,2,On Leave
4085,EMP04085,Employee_04085,21,Female,Vijayawada,HR,Developer,B.Sc,Part-Time,2024-03-27,1,98249,4.1,7,On Leave
4086,EMP04086,Employee_04086,41,Female,Guntur,Finance,Support Engineer,M.Tech,Full-Time,2022-02-19,3,21268,3.1,9,On Leave
4087,EMP04087,Employee_04087,33,Female,Chennai,IT,HR Executive,B.Tech,Contract,2026-07-08,0,96664,2.2,3,Active
4088,EMP04088,Employee_04088,21,Male,Pune,Support,Developer,B.Sc,Part-Time,2021-01-10,4,138688,2.3,9,On Leave
4089,EMP04089,Employee_04089,37,Female,Mumbai,Marketing,Executive,MBA,Full-Time,2020-04-30,5,105475,4.9,10,Active
4090,EMP04090,Employee_04090,26,Female,Vijayawada,Support,Executive,MCA,Full-Time,2022-03-23,3,131123,4.6,11,Active
4091,EMP04091,Employee_04091,42,Female,Pune,IT,Accountant,MCA,Part-Time,2020-11-06,5,32371,4.4,3,Inactive
4092,EMP04092,Employee_04092,37,Male,Kolkata,IT,Analyst,MCA,Contract,2024-03-19,1,86530,2.5,8,Inactive
4093,EMP04093,Employee_04093,35,Male,Bengaluru,HR,Manager,MBA,Part-Time,2023-02-17,2,61550,3.8,11,On Leave
4094,EMP04094,Employee_04094,30,Male,Pune,HR,Manager,B.Tech,Part-Time,2024-12-10,1,119619,2.0,0,On Leave
4095,EMP04095,Employee_04095,35,Male,Chennai,Admin,Support Engineer,MCA,Contract,2021-04-09,4,22446,2.9,11,On Leave
4096,EMP04096,Employee_04096,23,Male,Guntur,Sales,Developer,B.Com,Full-Time,2021-01-11,4,101221,3.8,2,Inactive
4097,EMP04097,Employee_04097,25,Male,Kolkata,HR,Developer,MCA,Part-Time,2023-11-10,2,136889,2.5,6,Active
4098,EMP04098,Employee_04098,22,Female,Kochi,Finance,Support Engineer,B.Tech,Full-Time,2021-01-31,4,22876,4.9,1,Inactive
4099,EMP04099,Employee_04099,25,Male,Pune,Admin,Developer,B.Sc,Full-Time,2021-11-26,4,69109,3.6,0,On Leave
4100,EMP04100,Employee_04100,23,Female,Guntur,Support,Analyst,M.Tech,Full-Time,2026-04-12,0,99719,2.0,12,Inactive
4101,EMP04101,Employee_04101,35,Male,Hyderabad,Marketing,Support Engineer,B.Tech,Contract,2020-05-26,5,147848,2.4,7,On Leave
4102,EMP04102,Employee_04102,38,Female,Pune,Sales,Executive,B.Com,Full-Time,2026-05-29,0,19887,3.3,3,Active
4103,EMP04103,Employee_04103,43,Male,Hyderabad,Marketing,Tester,MBA,Full-Time,2024-07-05,1,67150,3.3,5,Inactive
4104,EMP04104,Employee_04104,22,Female,Bengaluru,Sales,Executive,M.Tech,Full-Time,2022-09-27,3,113207,4.0,12,Active
4105,EMP04105,Employee_04105,35,Male,Mumbai,IT,Accountant,B.Com,Full-Time,2024-06-09,1,71219,2.2,9,On Leave
4106,EMP04106,Employee_04106,31,Male,Kochi,IT,Executive,MBA,Full-Time,2022-04-05,3,127997,3.2,3,On Leave
4107,EMP04107,Employee_04107,32,Male,Kochi,Operations,Developer,M.Tech,Full-Time,2025-10-20,0,143964,2.8,3,Active
4108,EMP04108,Employee_04108,30,Female,Vijayawada,Operations,Developer,B.Tech,Contract,2026-03-13,0,44731,3.2,10,Inactive
4109,EMP04109,Employee_04109,37,Female,Delhi,IT,Developer,B.Sc,Contract,2024-10-29,1,81220,3.9,4,Inactive
4110,EMP04110,Employee_04110,32,Female,Chennai,IT,Analyst,MCA,Full-Time,2024-02-25,1,94140,3.2,11,On Leave
4111,EMP04111,Employee_04111,25,Female,Delhi,HR,Developer,MBA,Contract,2020-03-28,5,73996,2.5,1,Active
4112,EMP04112,Employee_04112,36,Male,Kochi,Finance,HR Executive,MBA,Part-Time,2021-04-04,4,109503,2.1,5,On Leave
4113,EMP04113,Employee_04113,21,Male,Chennai,Marketing,Executive,M.Tech,Contract,2023-12-22,2,91548,3.2,6,On Leave
4114,EMP04114,Employee_04114,32,Female,Chennai,IT,Manager,B.Tech,Part-Time,2024-11-01,1,129404,3.6,11,On Leave
4115,EMP04115,Employee_04115,23,Female,Pune,Marketing,Accountant,MBA,Part-Time,2025-06-14,0,25831,4.5,6,Active
4116,EMP04116,Employee_04116,30,Female,Bengaluru,Admin,Tester,B.Com,Full-Time,2022-10-31,3,55396,4.2,11,Active
4117,EMP04117,Employee_04117,32,Male,Hyderabad,Finance,Developer,MBA,Contract,2023-04-29,2,114522,3.1,8,On Leave
4118,EMP04118,Employee_04118,30,Female,Mumbai,Finance,Accountant,M.Tech,Full-Time,2023-12-04,2,141331,2.6,5,On Leave
4119,EMP04119,Employee_04119,27,Male,Kochi,Finance,Tester,B.Com,Full-Time,2022-11-07,3,126221,3.9,0,On Leave
4120,EMP04120,Employee_04120,24,Female,Vijayawada,IT,Manager,B.Sc,Part-Time,2025-11-06,0,87236,4.1,10,Active
4121,EMP04121,Employee_04121,30,Female,Hyderabad,Finance,Manager,B.Com,Full-Time,2024-12-05,1,47450,3.5,12,Inactive
4122,EMP04122,Employee_04122,27,Male,Vijayawada,Support,Manager,B.Sc,Contract,2023-08-16,2,39040,2.6,11,Active
4123,EMP04123,Employee_04123,32,Female,Mumbai,IT,Analyst,MBA,Full-Time,2026-06-17,0,96425,4.8,7,Inactive
4124,EMP04124,Employee_04124,32,Male,Vijayawada,Sales,Executive,B.Sc,Contract,2020-05-28,5,88297,3.7,8,On Leave
4125,EMP04125,Employee_04125,40,Male,Kochi,Support,Support Engineer,MBA,Full-Time,2024-07-21,1,45085,2.1,12,Active
4126,EMP04126,Employee_04126,33,Female,Vijayawada,Support,Tester,MBA,Contract,2020-09-06,5,92682,3.2,11,Inactive
4127,EMP04127,Employee_04127,26,Female,Delhi,IT,Analyst,M.Tech,Part-Time,2024-04-15,1,104741,4.7,8,Active
4128,EMP04128,Employee_04128,39,Male,Kolkata,Support,Analyst,B.Tech,Full-Time,2026-06-07,0,58695,3.1,0,On Leave
4129,EMP04129,Employee_04129,41,Female,Pune,Finance,Support Engineer,M.Tech,Part-Time,2023-11-11,2,105804,4.3,1,Active
4130,EMP04130,Employee_04130,28,Female,Delhi,HR,Analyst,MCA,Contract,2020-02-15,5,66669,4.8,10,Active
4131,EMP04131,Employee_04131,26,Male,Delhi,Sales,Developer,MBA,Part-Time,2023-11-30,2,71780,4.4,12,Active
4132,EMP04132,Employee_04132,44,Female,Hyderabad,HR,HR Executive,M.Tech,Part-Time,2020-03-02,5,76977,4.4,3,Inactive
4133,EMP04133,Employee_04133,39,Male,Hyderabad,Operations,Developer,MBA,Full-Time,2024-07-03,1,55308,4.1,1,On Leave
4134,EMP04134,Employee_04134,22,Female,Delhi,Marketing,Developer,MBA,Contract,2025-02-19,0,110797,4.9,4,Active
4135,EMP04135,Employee_04135,28,Male,Kolkata,Marketing,Executive,B.Tech,Contract,2023-06-21,2,137170,4.4,7,On Leave
4136,EMP04136,Employee_04136,44,Female,Kochi,Admin,Manager,MCA,Part-Time,2023-07-24,2,115690,3.2,6,Active
4137,EMP04137,Employee_04137,28,Male,Mumbai,Sales,Accountant,B.Tech,Full-Time,2024-08-02,1,61008,4.1,3,On Leave
4138,EMP04138,Employee_04138,39,Female,Bengaluru,Marketing,Analyst,M.Tech,Full-Time,2020-11-18,5,28561,3.0,6,Inactive
4139,EMP04139,Employee_04139,21,Male,Chennai,Admin,HR Executive,M.Tech,Contract,2022-02-22,3,135527,3.2,10,Active
4140,EMP04140,Employee_04140,22,Male,Kochi,HR,Accountant,B.Tech,Full-Time,2024-11-02,1,110857,4.4,10,On Leave
4141,EMP04141,Employee_04141,26,Female,Mumbai,Sales,Accountant,B.Sc,Contract,2023-01-02,3,80322,3.3,3,Active
4142,EMP04142,Employee_04142,27,Male,Mumbai,HR,Executive,B.Com,Contract,2020-10-02,5,37725,3.6,4,Inactive
4143,EMP04143,Employee_04143,34,Male,Mumbai,Admin,HR Executive,B.Sc,Full-Time,2021-05-03,4,55457,3.2,1,Inactive
4144,EMP04144,Employee_04144,29,Male,Delhi,Marketing,Analyst,B.Com,Part-Time,2022-04-19,3,138917,3.6,12,Inactive
4145,EMP04145,Employee_04145,30,Male,Bengaluru,Support,Support Engineer,MCA,Full-Time,2024-09-06,1,136505,4.7,3,Inactive
4146,EMP04146,Employee_04146,28,Male,Kolkata,Marketing,Executive,MCA,Full-Time,2024-07-06,1,142103,3.9,0,Active
4147,EMP04147,Employee_04147,30,Male,Guntur,Operations,HR Executive,B.Tech,Contract,2021-05-25,4,113920,3.4,11,On Leave
4148,EMP04148,Employee_04148,42,Male,Chennai,Marketing,Tester,MBA,Contract,2020-07-12,5,87363,4.7,8,Active
4149,EMP04149,Employee_04149,37,Male,Mumbai,Support,Developer,MCA,Part-Time,2026-03-26,0,62688,3.3,7,Active
4150,EMP04150,Employee_04150,27,Male,Kolkata,HR,Executive,MBA,Full-Time,2024-11-12,1,38497,2.8,3,Active
4151,EMP04151,Employee_04151,37,Male,Hyderabad,Sales,Tester,MCA,Full-Time,2022-04-05,3,19812,2.9,0,On Leave
4152,EMP04152,Employee_04152,33,Male,Vijayawada,Sales,HR Executive,MCA,Full-Time,2020-11-27,5,93033,3.5,4,Active
4153,EMP04153,Employee_04153,44,Male,Vijayawada,HR,Analyst,B.Com,Part-Time,2022-08-15,3,142535,3.9,11,Active
4154,EMP04154,Employee_04154,26,Male,Hyderabad,Finance,Analyst,B.Sc,Part-Time,2026-07-02,0,113694,4.1,8,Inactive
4155,EMP04155,Employee_04155,34,Female,Bengaluru,Admin,Accountant,MBA,Full-Time,2020-09-16,5,31461,4.0,3,Active
4156,EMP04156,Employee_04156,36,Female,Chennai,Support,Tester,MCA,Contract,2025-09-23,0,99204,3.8,0,Active
4157,EMP04157,Employee_04157,31,Female,Vijayawada,HR,Manager,MCA,Contract,2020-01-16,5,25938,2.7,1,On Leave
4158,EMP04158,Employee_04158,35,Female,Kochi,Sales,Developer,MCA,Full-Time,2022-09-23,3,76037,3.8,8,Active
4159,EMP04159,Employee_04159,41,Female,Pune,Operations,Executive,MBA,Contract,2025-01-09,0,43272,2.8,9,On Leave
4160,EMP04160,Employee_04160,28,Female,Kolkata,Support,Analyst,M.Tech,Full-Time,2021-08-31,4,63700,2.1,2,Inactive
4161,EMP04161,Employee_04161,42,Female,Vijayawada,IT,Analyst,M.Tech,Contract,2024-11-03,1,59757,2.7,0,Inactive
4162,EMP04162,Employee_04162,36,Male,Chennai,IT,Tester,B.Com,Part-Time,2024-04-28,1,27806,5.0,4,Active
4163,EMP04163,Employee_04163,22,Female,Kolkata,Admin,Tester,MCA,Part-Time,2021-10-11,4,70834,4.3,2,Inactive
4164,EMP04164,Employee_04164,27,Female,Bengaluru,Admin,Executive,B.Sc,Part-Time,2022-01-31,3,135617,3.6,8,Inactive
4165,EMP04165,Employee_04165,21,Female,Bengaluru,Sales,HR Executive,MCA,Contract,2024-07-26,1,127055,4.9,3,On Leave
4166,EMP04166,Employee_04166,34,Male,Guntur,Marketing,Executive,MBA,Part-Time,2020-07-20,5,112302,4.3,4,On Leave
4167,EMP04167,Employee_04167,42,Female,Bengaluru,Marketing,Support Engineer,B.Sc,Part-Time,2022-09-25,3,82642,3.4,5,Inactive
4168,EMP04168,Employee_04168,36,Male,Kochi,Marketing,Support Engineer,MCA,Full-Time,2025-01-29,0,148014,4.7,5,Inactive
4169,EMP04169,Employee_04169,38,Male,Pune,Support,Developer,B.Com,Full-Time,2020-10-28,5,68292,3.3,4,Inactive
4170,EMP04170,Employee_04170,31,Female,Hyderabad,Finance,Analyst,MBA,Contract,2022-12-29,3,19139,2.5,6,Active
4171,EMP04171,Employee_04171,39,Male,Hyderabad,Sales,Accountant,M.Tech,Part-Time,2023-09-25,2,36775,4.7,12,Active
4172,EMP04172,Employee_04172,39,Male,Mumbai,Sales,Accountant,B.Com,Full-Time,2021-10-24,4,94481,2.0,12,On Leave
4173,EMP04173,Employee_04173,34,Female,Delhi,HR,Developer,MCA,Part-Time,2021-10-04,4,20518,3.5,6,Active
4174,EMP04174,Employee_04174,21,Male,Kochi,Sales,Analyst,B.Sc,Full-Time,2025-03-09,0,148030,4.5,11,On Leave
4175,EMP04175,Employee_04175,22,Female,Kochi,Marketing,Manager,B.Com,Full-Time,2023-05-30,2,61638,4.0,12,Active
4176,EMP04176,Employee_04176,32,Female,Mumbai,Support,Executive,M.Tech,Full-Time,2024-07-10,1,135521,3.1,5,On Leave
4177,EMP04177,Employee_04177,21,Male,Delhi,Support,Developer,B.Com,Part-Time,2020-10-18,5,147868,4.0,12,Inactive
4178,EMP04178,Employee_04178,37,Female,Hyderabad,IT,HR Executive,MBA,Full-Time,2022-05-10,3,92409,2.3,9,Inactive
4179,EMP04179,Employee_04179,42,Female,Guntur,Support,Developer,M.Tech,Full-Time,2020-09-30,5,107881,2.6,1,Inactive
4180,EMP04180,Employee_04180,43,Male,Kolkata,HR,Tester,B.Sc,Full-Time,2023-04-10,2,116179,3.1,7,On Leave
4181,EMP04181,Employee_04181,40,Female,Mumbai,Support,Developer,MBA,Contract,2024-05-04,1,136371,3.0,5,Active
4182,EMP04182,Employee_04182,45,Male,Pune,Finance,Tester,MCA,Contract,2023-01-04,2,65358,3.3,5,On Leave
4183,EMP04183,Employee_04183,39,Male,Kolkata,Admin,Support Engineer,MCA,Contract,2024-11-17,1,122924,3.1,0,Active
4184,EMP04184,Employee_04184,24,Female,Pune,Marketing,Accountant,B.Com,Part-Time,2023-03-27,2,93792,3.9,3,Active
4185,EMP04185,Employee_04185,44,Male,Vijayawada,IT,Manager,B.Sc,Contract,2021-07-19,4,120325,2.4,9,On Leave
4186,EMP04186,Employee_04186,21,Male,Bengaluru,Sales,Tester,M.Tech,Part-Time,2022-05-03,3,94341,2.9,1,Inactive
4187,EMP04187,Employee_04187,40,Male,Delhi,Support,HR Executive,MCA,Part-Time,2024-12-05,1,26009,4.8,7,Active
4188,EMP04188,Employee_04188,22,Female,Vijayawada,Sales,Accountant,M.Tech,Full-Time,2022-10-19,3,118031,3.9,6,On Leave
4189,EMP04189,Employee_04189,24,Female,Vijayawada,Admin,Accountant,MBA,Part-Time,2024-02-25,1,31790,2.9,3,On Leave
4190,EMP04190,Employee_04190,39,Male,Mumbai,Support,Accountant,B.Sc,Part-Time,2024-01-19,1,70881,4.2,11,Active
4191,EMP04191,Employee_04191,36,Male,Chennai,IT,Tester,B.Com,Part-Time,2024-09-23,1,100210,3.0,7,On Leave
4192,EMP04192,Employee_04192,26,Male,Guntur,Admin,HR Executive,MCA,Part-Time,2020-04-07,5,90831,4.7,3,Active
4193,EMP04193,Employee_04193,42,Female,Kolkata,Support,Developer,MCA,Part-Time,2022-08-22,3,119883,3.2,4,On Leave
4194,EMP04194,Employee_04194,28,Male,Kolkata,Sales,Support Engineer,MCA,Full-Time,2024-10-02,1,38635,5.0,4,On Leave
4195,EMP04195,Employee_04195,40,Female,Mumbai,Admin,Tester,B.Sc,Part-Time,2023-03-14,2,31877,4.1,12,Active
4196,EMP04196,Employee_04196,25,Male,Vijayawada,Support,Analyst,B.Tech,Contract,2025-01-28,0,112975,2.9,5,Inactive
4197,EMP04197,Employee_04197,35,Male,Vijayawada,Operations,Analyst,MCA,Full-Time,2022-10-31,3,60758,3.6,4,On Leave
4198,EMP04198,Employee_04198,29,Female,Kolkata,Finance,Developer,B.Sc,Part-Time,2021-05-22,4,118094,4.4,3,Inactive
4199,EMP04199,Employee_04199,40,Female,Kolkata,Admin,Accountant,MBA,Full-Time,2025-11-13,0,48185,4.0,0,On Leave
4200,EMP04200,Employee_04200,32,Male,Kochi,Finance,Support Engineer,MBA,Part-Time,2025-04-07,0,25707,2.3,9,On Leave
4201,EMP04201,Employee_04201,43,Female,Pune,HR,Accountant,MBA,Full-Time,2025-05-12,0,97817,4.3,12,On Leave
4202,EMP04202,Employee_04202,26,Female,Bengaluru,Support,Executive,B.Sc,Contract,2024-07-09,1,124517,3.2,7,Inactive
4203,EMP04203,Employee_04203,38,Male,Guntur,Finance,Tester,M.Tech,Contract,2022-04-30,3,49294,2.7,3,On Leave
4204,EMP04204,Employee_04204,30,Female,Delhi,Marketing,Accountant,MBA,Full-Time,2024-09-21,1,25137,3.8,6,Inactive
4205,EMP04205,Employee_04205,33,Male,Mumbai,Operations,Tester,B.Tech,Full-Time,2022-07-10,3,95841,2.8,12,Active
4206,EMP04206,Employee_04206,33,Male,Bengaluru,Finance,Executive,B.Com,Contract,2025-03-19,0,62665,2.1,8,Active
4207,EMP04207,Employee_04207,21,Male,Hyderabad,Operations,Executive,MBA,Part-Time,2025-12-21,0,24178,4.4,9,Active
4208,EMP04208,Employee_04208,41,Female,Kochi,IT,Developer,B.Tech,Contract,2023-03-29,2,111033,3.2,6,Active
4209,EMP04209,Employee_04209,27,Male,Mumbai,IT,Tester,B.Tech,Part-Time,2022-06-13,3,41455,4.4,5,On Leave
4210,EMP04210,Employee_04210,31,Female,Guntur,Support,Analyst,M.Tech,Full-Time,2025-02-11,0,87963,4.1,2,Inactive
4211,EMP04211,Employee_04211,44,Male,Delhi,Support,Tester,B.Sc,Full-Time,2025-01-13,0,69733,4.4,3,Active
4212,EMP04212,Employee_04212,29,Female,Guntur,HR,HR Executive,M.Tech,Contract,2026-03-08,0,85239,4.4,7,Active
4213,EMP04213,Employee_04213,43,Female,Bengaluru,IT,Executive,B.Tech,Contract,2026-06-14,0,113420,2.2,6,Inactive
4214,EMP04214,Employee_04214,41,Male,Guntur,Operations,Manager,B.Sc,Part-Time,2020-09-15,5,145621,4.7,10,On Leave
4215,EMP04215,Employee_04215,32,Male,Chennai,IT,Executive,MCA,Part-Time,2024-10-19,1,112897,2.8,11,On Leave
4216,EMP04216,Employee_04216,35,Male,Bengaluru,Finance,Analyst,B.Com,Contract,2024-08-11,1,63488,3.3,4,Active
4217,EMP04217,Employee_04217,27,Female,Chennai,Operations,HR Executive,B.Sc,Contract,2023-09-29,2,107037,4.6,10,On Leave
4218,EMP04218,Employee_04218,44,Male,Pune,Marketing,Accountant,B.Com,Full-Time,2024-09-27,1,18611,3.5,8,Active
4219,EMP04219,Employee_04219,45,Male,Kolkata,Operations,Developer,B.Com,Contract,2022-11-19,3,29368,3.4,4,On Leave
4220,EMP04220,Employee_04220,42,Female,Mumbai,Support,Support Engineer,B.Tech,Full-Time,2021-07-21,4,86271,2.2,5,Active
4221,EMP04221,Employee_04221,40,Female,Bengaluru,HR,Support Engineer,MCA,Part-Time,2024-07-02,1,24051,4.0,10,Active
4222,EMP04222,Employee_04222,25,Male,Bengaluru,Operations,Tester,MBA,Part-Time,2024-12-05,1,104034,2.7,0,Active
4223,EMP04223,Employee_04223,29,Female,Mumbai,IT,Developer,MCA,Full-Time,2022-10-22,3,51479,3.6,11,On Leave
4224,EMP04224,Employee_04224,24,Female,Kolkata,Admin,Executive,B.Tech,Part-Time,2022-05-13,3,111040,4.8,0,On Leave
4225,EMP04225,Employee_04225,39,Female,Pune,Finance,Manager,MBA,Full-Time,2022-02-12,3,25070,4.5,3,Active
4226,EMP04226,Employee_04226,42,Female,Guntur,Finance,Tester,MCA,Part-Time,2023-09-17,2,113500,4.3,5,Inactive
4227,EMP04227,Employee_04227,32,Male,Kochi,Sales,Tester,B.Sc,Full-Time,2024-04-24,1,134017,3.6,3,Active
4228,EMP04228,Employee_04228,42,Female,Vijayawada,Admin,Manager,MCA,Full-Time,2026-06-26,0,110039,2.2,8,On Leave
4229,EMP04229,Employee_04229,31,Male,Kochi,Admin,Executive,B.Tech,Contract,2026-05-06,0,144431,2.5,8,Active
4230,EMP04230,Employee_04230,40,Female,Guntur,IT,Accountant,B.Com,Part-Time,2026-04-16,0,131289,4.4,10,Inactive
4231,EMP04231,Employee_04231,42,Female,Hyderabad,Sales,Manager,MBA,Full-Time,2021-10-06,4,101724,4.0,6,On Leave
4232,EMP04232,Employee_04232,35,Male,Kochi,IT,Manager,B.Tech,Part-Time,2025-09-10,0,111501,3.6,5,Inactive
4233,EMP04233,Employee_04233,22,Male,Vijayawada,Marketing,Executive,MCA,Full-Time,2021-06-03,4,84082,3.2,9,On Leave
4234,EMP04234,Employee_04234,29,Male,Kochi,Finance,Developer,B.Sc,Part-Time,2024-06-21,1,83901,3.4,7,On Leave
4235,EMP04235,Employee_04235,45,Male,Bengaluru,Admin,Analyst,MCA,Contract,2022-11-12,3,88494,2.0,7,On Leave
4236,EMP04236,Employee_04236,24,Male,Guntur,Admin,Manager,MCA,Contract,2020-01-02,6,35712,2.5,12,On Leave
4237,EMP04237,Employee_04237,44,Female,Chennai,Support,Analyst,M.Tech,Part-Time,2020-10-21,5,121490,3.9,10,Inactive
4238,EMP04238,Employee_04238,29,Female,Kochi,Sales,Support Engineer,B.Sc,Part-Time,2024-09-17,1,144724,2.2,0,Inactive
4239,EMP04239,Employee_04239,32,Male,Kolkata,Sales,Analyst,M.Tech,Full-Time,2024-09-17,1,53436,5.0,11,Active
4240,EMP04240,Employee_04240,23,Male,Chennai,HR,Support Engineer,B.Sc,Contract,2020-01-22,5,119254,2.2,8,Active
4241,EMP04241,Employee_04241,36,Female,Guntur,Marketing,Executive,B.Tech,Contract,2020-08-31,5,95386,2.2,11,Inactive
4242,EMP04242,Employee_04242,30,Male,Bengaluru,Support,Accountant,B.Sc,Full-Time,2020-04-09,5,56893,3.7,10,Active
4243,EMP04243,Employee_04243,33,Male,Hyderabad,Support,Developer,MBA,Full-Time,2023-05-16,2,84095,5.0,7,Inactive
4244,EMP04244,Employee_04244,41,Male,Bengaluru,Marketing,Analyst,MCA,Full-Time,2025-02-03,0,80101,3.5,7,Active
4245,EMP04245,Employee_04245,35,Female,Vijayawada,IT,Analyst,M.Tech,Full-Time,2020-09-02,5,60189,4.4,0,Inactive
4246,EMP04246,Employee_04246,44,Female,Guntur,Operations,Support Engineer,MBA,Part-Time,2020-09-06,5,108399,4.3,4,Inactive
4247,EMP04247,Employee_04247,28,Female,Kochi,Marketing,Accountant,MCA,Full-Time,2020-03-28,5,76961,3.2,7,Active
4248,EMP04248,Employee_04248,45,Female,Kolkata,Support,Support Engineer,B.Sc,Full-Time,2026-07-16,0,75001,4.2,7,Active
4249,EMP04249,Employee_04249,21,Male,Mumbai,Sales,Developer,B.Com,Contract,2026-01-12,0,93762,2.9,3,On Leave
4250,EMP04250,Employee_04250,21,Male,Chennai,Support,Accountant,B.Com,Part-Time,2021-12-14,4,139374,4.5,0,Inactive
4251,EMP04251,Employee_04251,32,Female,Mumbai,HR,HR Executive,B.Sc,Contract,2025-01-03,0,71037,4.4,12,Active
4252,EMP04252,Employee_04252,23,Male,Hyderabad,Sales,Support Engineer,MCA,Full-Time,2023-10-30,2,45288,3.4,2,Active
4253,EMP04253,Employee_04253,26,Male,Hyderabad,IT,Tester,MCA,Contract,2025-04-28,0,119787,4.9,10,On Leave
4254,EMP04254,Employee_04254,38,Male,Chennai,Operations,Developer,B.Com,Part-Time,2020-02-23,5,130522,4.6,1,On Leave
4255,EMP04255,Employee_04255,22,Female,Vijayawada,Finance,Analyst,B.Tech,Full-Time,2022-08-06,3,122282,4.9,10,Inactive
4256,EMP04256,Employee_04256,43,Male,Vijayawada,Support,HR Executive,B.Sc,Part-Time,2021-03-14,4,124081,3.5,0,Active
4257,EMP04257,Employee_04257,31,Male,Vijayawada,HR,Analyst,B.Tech,Part-Time,2020-12-15,5,57909,4.8,7,Active
4258,EMP04258,Employee_04258,38,Female,Guntur,Marketing,Analyst,B.Com,Part-Time,2024-06-05,1,125584,3.6,6,Active
4259,EMP04259,Employee_04259,40,Female,Pune,Admin,Tester,B.Sc,Part-Time,2023-12-04,2,99490,3.3,9,Active
4260,EMP04260,Employee_04260,35,Female,Vijayawada,Sales,Support Engineer,B.Tech,Part-Time,2023-07-24,2,134459,4.8,8,On Leave
4261,EMP04261,Employee_04261,22,Male,Vijayawada,IT,Analyst,B.Com,Contract,2024-04-29,1,76865,4.2,10,On Leave
4262,EMP04262,Employee_04262,40,Female,Bengaluru,Operations,Analyst,MCA,Contract,2020-03-10,5,110520,4.1,0,Inactive
4263,EMP04263,Employee_04263,25,Female,Vijayawada,Finance,Support Engineer,M.Tech,Contract,2022-06-30,3,76614,2.2,4,Inactive
4264,EMP04264,Employee_04264,43,Female,Pune,Sales,Tester,B.Tech,Part-Time,2020-11-04,5,41976,3.1,10,Active
4265,EMP04265,Employee_04265,42,Male,Delhi,Support,HR Executive,B.Tech,Contract,2026-07-02,0,22537,3.3,8,Active
4266,EMP04266,Employee_04266,39,Male,Mumbai,Sales,Tester,MCA,Full-Time,2020-04-19,5,33200,3.1,1,Inactive
4267,EMP04267,Employee_04267,31,Female,Vijayawada,Sales,Tester,MBA,Full-Time,2022-10-19,3,132063,3.6,11,Inactive
4268,EMP04268,Employee_04268,24,Male,Kolkata,Admin,Tester,B.Sc,Full-Time,2022-12-03,3,129255,3.4,2,On Leave
4269,EMP04269,Employee_04269,30,Male,Chennai,Support,Executive,M.Tech,Part-Time,2024-07-25,1,149013,2.9,9,On Leave
4270,EMP04270,Employee_04270,21,Male,Guntur,Finance,Developer,MCA,Part-Time,2025-06-01,0,63153,3.8,5,Inactive
4271,EMP04271,Employee_04271,37,Female,Pune,Sales,Analyst,B.Sc,Part-Time,2022-12-20,3,58465,3.1,7,On Leave
4272,EMP04272,Employee_04272,25,Male,Mumbai,IT,Tester,B.Tech,Contract,2021-01-28,4,139887,3.2,6,Inactive
4273,EMP04273,Employee_04273,29,Male,Chennai,Marketing,HR Executive,MCA,Part-Time,2022-10-30,3,140581,3.3,11,On Leave
4274,EMP04274,Employee_04274,45,Male,Vijayawada,Operations,Analyst,MBA,Full-Time,2023-09-18,2,48100,3.2,2,Active
4275,EMP04275,Employee_04275,43,Female,Mumbai,Admin,Developer,M.Tech,Contract,2024-03-01,1,55639,3.9,4,Inactive
4276,EMP04276,Employee_04276,41,Female,Delhi,IT,Accountant,MBA,Part-Time,2020-01-30,5,24031,3.1,7,Inactive
4277,EMP04277,Employee_04277,35,Male,Bengaluru,Finance,Accountant,MBA,Full-Time,2025-12-30,0,96149,2.3,8,Inactive
4278,EMP04278,Employee_04278,45,Female,Kolkata,Finance,Manager,B.Com,Part-Time,2026-01-03,0,79570,2.6,9,Active
4279,EMP04279,Employee_04279,45,Male,Delhi,Sales,Tester,B.Tech,Part-Time,2023-03-21,2,49115,3.2,0,Inactive
4280,EMP04280,Employee_04280,30,Male,Bengaluru,HR,Developer,M.Tech,Full-Time,2023-12-16,2,124793,2.3,4,Inactive
4281,EMP04281,Employee_04281,28,Male,Delhi,Marketing,Tester,MCA,Contract,2025-03-09,0,38840,3.9,9,Active
4282,EMP04282,Employee_04282,25,Female,Vijayawada,HR,Support Engineer,MBA,Contract,2021-02-09,4,138241,3.4,2,On Leave
4283,EMP04283,Employee_04283,27,Female,Mumbai,Marketing,Accountant,MCA,Part-Time,2023-10-16,2,19178,4.5,1,Active
4284,EMP04284,Employee_04284,21,Male,Chennai,IT,HR Executive,B.Com,Full-Time,2025-11-25,0,68410,2.1,12,On Leave
4285,EMP04285,Employee_04285,31,Male,Vijayawada,Support,Tester,B.Com,Full-Time,2024-05-12,1,95441,2.1,11,Inactive
4286,EMP04286,Employee_04286,38,Male,Chennai,Sales,HR Executive,B.Com,Part-Time,2023-07-30,2,136663,4.9,8,Active
4287,EMP04287,Employee_04287,22,Male,Bengaluru,IT,Developer,M.Tech,Full-Time,2024-08-22,1,21507,3.7,5,Active
4288,EMP04288,Employee_04288,31,Female,Kolkata,Admin,Manager,M.Tech,Contract,2020-01-02,6,69148,3.4,2,On Leave
4289,EMP04289,Employee_04289,22,Male,Kolkata,HR,HR Executive,MCA,Contract,2021-09-25,4,67973,2.0,1,Active
4290,EMP04290,Employee_04290,27,Female,Chennai,HR,Support Engineer,B.Com,Full-Time,2021-11-12,4,140520,3.1,10,Inactive
4291,EMP04291,Employee_04291,39,Male,Vijayawada,Finance,Manager,M.Tech,Contract,2020-10-04,5,33599,3.3,12,Inactive
4292,EMP04292,Employee_04292,42,Male,Mumbai,Finance,HR Executive,B.Sc,Contract,2021-09-25,4,125190,2.6,8,On Leave
4293,EMP04293,Employee_04293,36,Male,Hyderabad,Finance,Executive,B.Sc,Part-Time,2026-01-23,0,88603,3.8,5,Inactive
4294,EMP04294,Employee_04294,37,Male,Mumbai,Support,Executive,M.Tech,Contract,2025-11-18,0,109340,3.4,2,On Leave
4295,EMP04295,Employee_04295,34,Female,Delhi,Admin,Support Engineer,B.Sc,Full-Time,2021-02-03,4,39402,4.0,0,On Leave
4296,EMP04296,Employee_04296,39,Male,Kochi,Marketing,Analyst,MBA,Part-Time,2021-09-04,4,125316,2.3,11,On Leave
4297,EMP04297,Employee_04297,41,Female,Kochi,HR,Tester,B.Com,Part-Time,2023-09-04,2,59111,4.0,2,On Leave
4298,EMP04298,Employee_04298,23,Female,Delhi,Marketing,Accountant,B.Com,Contract,2020-11-27,5,49716,3.4,2,Inactive
4299,EMP04299,Employee_04299,22,Female,Delhi,IT,Accountant,M.Tech,Full-Time,2020-06-24,5,63694,3.3,8,Active
4300,EMP04300,Employee_04300,38,Male,Bengaluru,Admin,Tester,B.Sc,Contract,2020-08-16,5,23899,3.1,12,On Leave
4301,EMP04301,Employee_04301,35,Male,Delhi,Operations,Support Engineer,M.Tech,Part-Time,2023-08-11,2,102281,4.1,10,On Leave
4302,EMP04302,Employee_04302,43,Male,Hyderabad,HR,Support Engineer,M.Tech,Contract,2020-04-10,5,88394,3.3,9,On Leave
4303,EMP04303,Employee_04303,25,Female,Chennai,Marketing,Tester,MBA,Contract,2021-03-31,4,73329,3.1,2,Active
4304,EMP04304,Employee_04304,25,Male,Guntur,Admin,Manager,B.Com,Contract,2020-01-20,5,108427,2.3,11,Inactive
4305,EMP04305,Employee_04305,22,Female,Chennai,Marketing,Accountant,MBA,Part-Time,2024-10-06,1,112251,4.4,7,Inactive
4306,EMP04306,Employee_04306,28,Male,Delhi,Admin,Manager,M.Tech,Contract,2024-05-01,1,32250,4.8,8,On Leave
4307,EMP04307,Employee_04307,40,Male,Hyderabad,Support,Executive,B.Com,Contract,2020-05-01,5,42770,4.6,10,Inactive
4308,EMP04308,Employee_04308,41,Male,Hyderabad,Finance,Manager,B.Sc,Full-Time,2023-06-13,2,39103,3.5,4,Inactive
4309,EMP04309,Employee_04309,36,Female,Kolkata,Finance,Accountant,MBA,Part-Time,2026-04-27,0,108241,3.4,3,Inactive
4310,EMP04310,Employee_04310,44,Female,Kolkata,Operations,HR Executive,MCA,Part-Time,2024-01-14,1,111645,3.0,5,Active
4311,EMP04311,Employee_04311,45,Female,Kolkata,Finance,HR Executive,B.Com,Contract,2024-10-11,1,118798,2.8,8,Inactive
4312,EMP04312,Employee_04312,28,Female,Delhi,Marketing,HR Executive,M.Tech,Part-Time,2021-04-01,4,29786,2.2,2,Inactive
4313,EMP04313,Employee_04313,28,Female,Chennai,Marketing,Tester,B.Com,Part-Time,2022-10-18,3,92898,3.3,8,Active
4314,EMP04314,Employee_04314,24,Female,Pune,Sales,Accountant,B.Tech,Part-Time,2023-03-20,2,99623,3.1,5,On Leave
4315,EMP04315,Employee_04315,41,Male,Kochi,Support,Analyst,B.Sc,Contract,2023-10-03,2,45762,4.6,8,On Leave
4316,EMP04316,Employee_04316,32,Male,Chennai,HR,Executive,B.Sc,Contract,2024-12-10,1,109293,3.0,4,Active
4317,EMP04317,Employee_04317,23,Male,Bengaluru,IT,Analyst,M.Tech,Contract,2023-03-28,2,138655,4.5,7,Inactive
4318,EMP04318,Employee_04318,43,Female,Hyderabad,Marketing,Developer,MCA,Contract,2024-12-13,1,138791,2.9,3,Inactive
4319,EMP04319,Employee_04319,35,Female,Kochi,Marketing,Accountant,B.Com,Contract,2021-09-27,4,44047,5.0,3,Active
4320,EMP04320,Employee_04320,45,Male,Kolkata,Support,Analyst,MBA,Contract,2023-06-06,2,143819,3.2,8,On Leave
4321,EMP04321,Employee_04321,43,Female,Delhi,IT,Tester,B.Sc,Full-Time,2021-01-06,4,143963,4.4,6,On Leave
4322,EMP04322,Employee_04322,41,Female,Kochi,IT,Developer,B.Com,Full-Time,2024-08-23,1,101379,2.5,1,On Leave
4323,EMP04323,Employee_04323,25,Female,Mumbai,IT,Manager,M.Tech,Contract,2020-09-22,5,128079,2.1,5,Inactive
4324,EMP04324,Employee_04324,40,Female,Kochi,Operations,Support Engineer,MCA,Full-Time,2023-10-08,2,114299,3.6,7,On Leave
4325,EMP04325,Employee_04325,34,Male,Vijayawada,Sales,Analyst,MCA,Contract,2021-11-29,4,41715,2.7,7,On Leave
4326,EMP04326,Employee_04326,32,Male,Mumbai,Operations,Manager,B.Sc,Full-Time,2022-09-17,3,98491,2.3,11,Inactive
4327,EMP04327,Employee_04327,22,Female,Bengaluru,HR,HR Executive,B.Sc,Contract,2025-10-15,0,65480,2.9,5,Inactive
4328,EMP04328,Employee_04328,45,Female,Kochi,Finance,HR Executive,B.Sc,Full-Time,2023-01-10,2,72437,3.0,12,Inactive
4329,EMP04329,Employee_04329,25,Male,Chennai,HR,Developer,MBA,Full-Time,2020-08-12,5,71879,2.3,4,On Leave
4330,EMP04330,Employee_04330,33,Male,Pune,Marketing,HR Executive,B.Tech,Full-Time,2025-06-07,0,78926,4.5,4,On Leave
4331,EMP04331,Employee_04331,27,Female,Bengaluru,Support,Manager,MCA,Contract,2024-03-17,1,82392,4.2,6,On Leave
4332,EMP04332,Employee_04332,22,Female,Bengaluru,Marketing,Executive,B.Com,Full-Time,2025-07-21,0,62841,3.0,1,Inactive
4333,EMP04333,Employee_04333,41,Female,Hyderabad,Marketing,Tester,MCA,Part-Time,2021-06-19,4,69902,4.0,8,Active
4334,EMP04334,Employee_04334,22,Female,Mumbai,Admin,Manager,B.Sc,Part-Time,2024-05-10,1,55148,4.5,3,Active
4335,EMP04335,Employee_04335,44,Male,Guntur,HR,Analyst,B.Sc,Contract,2023-08-01,2,112422,4.4,3,Active
4336,EMP04336,Employee_04336,29,Male,Vijayawada,Operations,Manager,B.Sc,Part-Time,2020-01-18,5,113832,4.0,9,Active
4337,EMP04337,Employee_04337,36,Male,Pune,Operations,Support Engineer,B.Com,Part-Time,2025-09-05,0,27374,4.3,6,Active
4338,EMP04338,Employee_04338,32,Female,Pune,Admin,Tester,MCA,Part-Time,2025-09-16,0,34595,3.6,2,On Leave
4339,EMP04339,Employee_04339,22,Female,Vijayawada,Sales,Executive,MCA,Full-Time,2026-04-14,0,29480,4.6,11,Inactive
4340,EMP04340,Employee_04340,33,Female,Hyderabad,Marketing,Tester,MBA,Part-Time,2021-05-30,4,119794,2.0,10,Active
4341,EMP04341,Employee_04341,35,Female,Delhi,Operations,Developer,M.Tech,Part-Time,2021-02-24,4,100479,2.0,6,Inactive
4342,EMP04342,Employee_04342,33,Male,Chennai,Sales,Manager,B.Com,Full-Time,2025-12-30,0,148242,4.6,11,Active
4343,EMP04343,Employee_04343,28,Male,Kochi,HR,Developer,MBA,Contract,2022-10-29,3,22756,2.2,3,Inactive
4344,EMP04344,Employee_04344,44,Female,Kochi,HR,Analyst,B.Com,Contract,2021-02-16,4,82552,3.1,3,Active
4345,EMP04345,Employee_04345,25,Male,Chennai,Support,Analyst,B.Com,Full-Time,2020-07-21,5,122305,2.3,2,On Leave
4346,EMP04346,Employee_04346,41,Male,Chennai,Marketing,Manager,B.Sc,Part-Time,2021-06-23,4,93383,4.8,4,Active
4347,EMP04347,Employee_04347,25,Male,Hyderabad,IT,Analyst,B.Sc,Full-Time,2020-04-01,5,78670,4.1,12,Inactive
4348,EMP04348,Employee_04348,40,Male,Mumbai,Sales,Support Engineer,B.Tech,Contract,2025-11-26,0,62905,3.6,10,On Leave
4349,EMP04349,Employee_04349,39,Female,Pune,Finance,Support Engineer,MBA,Full-Time,2025-06-23,0,43135,4.1,3,On Leave
4350,EMP04350,Employee_04350,34,Female,Guntur,Admin,HR Executive,B.Com,Full-Time,2025-06-08,0,66180,3.8,11,On Leave
4351,EMP04351,Employee_04351,35,Female,Hyderabad,Sales,Developer,M.Tech,Part-Time,2025-02-03,0,113132,2.6,1,Active
4352,EMP04352,Employee_04352,33,Female,Hyderabad,Finance,Accountant,B.Sc,Full-Time,2020-08-08,5,82483,4.7,3,On Leave
4353,EMP04353,Employee_04353,34,Female,Bengaluru,Admin,Executive,MBA,Full-Time,2023-10-01,2,141177,4.5,2,On Leave
4354,EMP04354,Employee_04354,30,Female,Vijayawada,Admin,Executive,MCA,Contract,2021-08-19,4,102214,4.4,10,On Leave
4355,EMP04355,Employee_04355,43,Male,Bengaluru,Marketing,HR Executive,B.Sc,Contract,2022-01-16,3,96833,2.6,8,Active
4356,EMP04356,Employee_04356,26,Male,Kolkata,HR,Executive,MCA,Part-Time,2021-11-09,4,60104,4.8,3,Active
4357,EMP04357,Employee_04357,27,Female,Chennai,Admin,Developer,MCA,Contract,2021-10-31,4,106565,3.8,0,Inactive
4358,EMP04358,Employee_04358,44,Male,Chennai,Marketing,Support Engineer,B.Sc,Full-Time,2020-06-22,5,43138,5.0,4,On Leave
4359,EMP04359,Employee_04359,29,Male,Kolkata,Sales,Executive,M.Tech,Contract,2021-09-26,4,114909,3.2,10,Inactive
4360,EMP04360,Employee_04360,29,Male,Pune,Admin,Tester,B.Tech,Part-Time,2020-05-21,5,126785,4.7,11,Active
4361,EMP04361,Employee_04361,38,Female,Kolkata,Operations,Analyst,M.Tech,Contract,2023-11-01,2,79417,2.6,8,Active
4362,EMP04362,Employee_04362,28,Female,Delhi,Admin,Support Engineer,MCA,Part-Time,2023-10-26,2,26459,3.7,11,Active
4363,EMP04363,Employee_04363,43,Male,Pune,Finance,Executive,B.Tech,Full-Time,2025-09-14,0,66540,3.0,7,Inactive
4364,EMP04364,Employee_04364,38,Female,Kochi,Marketing,Tester,MBA,Contract,2020-01-19,5,128459,4.6,1,Inactive
4365,EMP04365,Employee_04365,35,Male,Mumbai,Sales,Support Engineer,M.Tech,Part-Time,2023-03-13,2,109771,2.5,9,Inactive
4366,EMP04366,Employee_04366,38,Male,Vijayawada,IT,Manager,B.Com,Full-Time,2020-06-18,5,117874,3.7,10,On Leave
4367,EMP04367,Employee_04367,41,Male,Hyderabad,Operations,Support Engineer,M.Tech,Part-Time,2024-02-20,1,87253,4.7,1,Active
4368,EMP04368,Employee_04368,23,Female,Guntur,IT,Tester,B.Tech,Contract,2023-05-27,2,55443,3.3,6,Inactive
4369,EMP04369,Employee_04369,33,Male,Guntur,Marketing,Manager,B.Com,Part-Time,2026-05-17,0,97224,3.5,3,Active
4370,EMP04370,Employee_04370,21,Male,Chennai,Support,Analyst,B.Com,Full-Time,2021-09-30,4,130767,3.0,11,Inactive
4371,EMP04371,Employee_04371,43,Male,Mumbai,Sales,Analyst,B.Tech,Contract,2020-08-28,5,72461,3.4,5,Active
4372,EMP04372,Employee_04372,42,Male,Kochi,Operations,Executive,M.Tech,Full-Time,2023-10-04,2,125809,3.6,10,On Leave
4373,EMP04373,Employee_04373,26,Female,Mumbai,Admin,Tester,MBA,Contract,2022-02-02,3,113276,2.5,12,Inactive
4374,EMP04374,Employee_04374,34,Female,Mumbai,Marketing,Manager,MCA,Part-Time,2020-09-09,5,132902,4.0,10,On Leave
4375,EMP04375,Employee_04375,22,Male,Vijayawada,HR,Developer,M.Tech,Full-Time,2022-08-11,3,140337,4.9,11,On Leave
4376,EMP04376,Employee_04376,24,Male,Delhi,Support,Tester,B.Sc,Full-Time,2020-05-30,5,53443,2.9,4,Active
4377,EMP04377,Employee_04377,36,Male,Hyderabad,Marketing,Tester,MCA,Full-Time,2025-09-16,0,98580,4.1,10,Active
4378,EMP04378,Employee_04378,35,Male,Mumbai,Finance,Developer,B.Com,Contract,2020-09-09,5,62446,4.1,11,On Leave
4379,EMP04379,Employee_04379,21,Male,Chennai,HR,Developer,MBA,Full-Time,2022-05-01,3,126592,2.9,4,On Leave
4380,EMP04380,Employee_04380,42,Female,Delhi,IT,Executive,B.Tech,Part-Time,2023-01-29,2,72249,2.2,12,On Leave
4381,EMP04381,Employee_04381,37,Female,Guntur,IT,HR Executive,MBA,Part-Time,2025-11-08,0,137461,3.6,0,On Leave
4382,EMP04382,Employee_04382,29,Female,Bengaluru,Operations,HR Executive,B.Tech,Contract,2021-04-19,4,48412,2.8,3,Inactive
4383,EMP04383,Employee_04383,29,Male,Chennai,HR,Support Engineer,B.Sc,Contract,2021-05-08,4,52495,4.8,7,Inactive
4384,EMP04384,Employee_04384,24,Female,Chennai,Admin,Analyst,B.Com,Full-Time,2021-04-15,4,105806,2.4,1,Inactive
4385,EMP04385,Employee_04385,29,Female,Delhi,IT,Tester,M.Tech,Part-Time,2022-02-28,3,47324,2.1,1,Active
4386,EMP04386,Employee_04386,32,Male,Vijayawada,Sales,Accountant,B.Tech,Full-Time,2023-07-24,2,74479,2.4,11,Active
4387,EMP04387,Employee_04387,35,Female,Delhi,Finance,Tester,B.Tech,Contract,2020-01-29,5,56019,3.0,0,On Leave
4388,EMP04388,Employee_04388,44,Male,Delhi,Sales,Executive,MBA,Full-Time,2024-11-24,1,27039,4.2,6,Active
4389,EMP04389,Employee_04389,39,Male,Mumbai,IT,Developer,MCA,Contract,2020-03-02,5,80272,4.3,9,On Leave
4390,EMP04390,Employee_04390,24,Female,Bengaluru,Finance,Manager,MCA,Contract,2025-08-30,0,61185,4.5,9,Inactive
4391,EMP04391,Employee_04391,44,Female,Kochi,Finance,Support Engineer,B.Com,Contract,2023-06-06,2,38152,3.0,9,Active
4392,EMP04392,Employee_04392,43,Female,Guntur,Marketing,Manager,MBA,Full-Time,2023-05-05,2,104711,4.5,2,On Leave
4393,EMP04393,Employee_04393,41,Male,Bengaluru,IT,Support Engineer,B.Tech,Full-Time,2024-11-10,1,121209,4.5,4,On Leave
4394,EMP04394,Employee_04394,43,Male,Hyderabad,Support,Accountant,MBA,Part-Time,2021-07-09,4,140769,2.4,4,On Leave
4395,EMP04395,Employee_04395,28,Male,Hyderabad,Admin,Developer,MCA,Contract,2025-10-17,0,119033,3.4,8,Active
4396,EMP04396,Employee_04396,22,Female,Bengaluru,Sales,Executive,M.Tech,Full-Time,2022-10-26,3,149941,3.8,3,Inactive
4397,EMP04397,Employee_04397,39,Male,Guntur,Support,Analyst,M.Tech,Part-Time,2025-02-04,0,64770,2.2,2,On Leave
4398,EMP04398,Employee_04398,21,Female,Bengaluru,Finance,HR Executive,M.Tech,Part-Time,2021-11-02,4,39586,3.3,2,Active
4399,EMP04399,Employee_04399,34,Male,Kolkata,Marketing,Developer,M.Tech,Full-Time,2026-04-21,0,128957,4.3,1,On Leave
4400,EMP04400,Employee_04400,44,Female,Guntur,Admin,Executive,MBA,Full-Time,2020-04-20,5,65324,4.0,10,On Leave
4401,EMP04401,Employee_04401,28,Female,Hyderabad,Support,HR Executive,M.Tech,Part-Time,2024-09-05,1,72206,2.7,9,On Leave
4402,EMP04402,Employee_04402,34,Female,Hyderabad,IT,Developer,B.Com,Full-Time,2025-07-13,0,20251,4.4,5,On Leave
4403,EMP04403,Employee_04403,38,Male,Delhi,IT,Developer,B.Com,Part-Time,2020-08-06,5,75177,2.1,10,Inactive
4404,EMP04404,Employee_04404,30,Female,Bengaluru,Finance,Tester,B.Sc,Part-Time,2023-04-23,2,38403,3.8,11,Active
4405,EMP04405,Employee_04405,22,Male,Vijayawada,Support,Analyst,MCA,Full-Time,2024-05-26,1,115465,2.0,2,On Leave
4406,EMP04406,Employee_04406,24,Male,Guntur,Admin,Tester,MCA,Full-Time,2025-08-29,0,99394,3.8,8,Active
4407,EMP04407,Employee_04407,23,Male,Bengaluru,Admin,HR Executive,MBA,Part-Time,2021-07-02,4,135943,3.3,9,Inactive
4408,EMP04408,Employee_04408,43,Female,Pune,HR,Support Engineer,MBA,Part-Time,2020-04-05,5,28654,2.8,7,On Leave
4409,EMP04409,Employee_04409,26,Male,Kolkata,Support,Developer,B.Sc,Contract,2021-06-25,4,102473,2.2,8,Active
4410,EMP04410,Employee_04410,34,Female,Delhi,Support,Accountant,B.Com,Full-Time,2022-05-22,3,147945,2.9,6,Inactive
4411,EMP04411,Employee_04411,31,Female,Mumbai,Sales,Manager,MBA,Full-Time,2020-11-03,5,83099,2.8,11,On Leave
4412,EMP04412,Employee_04412,26,Male,Pune,Admin,Analyst,B.Tech,Full-Time,2021-03-04,4,32869,3.4,0,Active
4413,EMP04413,Employee_04413,41,Male,Pune,Marketing,Analyst,MBA,Full-Time,2022-10-17,3,55567,4.4,0,On Leave
4414,EMP04414,Employee_04414,39,Female,Bengaluru,Support,HR Executive,B.Tech,Contract,2020-04-10,5,139644,3.0,11,Active
4415,EMP04415,Employee_04415,33,Male,Mumbai,Sales,Tester,M.Tech,Contract,2025-08-04,0,86349,2.9,9,On Leave
4416,EMP04416,Employee_04416,43,Male,Chennai,Finance,Accountant,M.Tech,Part-Time,2024-06-20,1,37632,3.3,10,Active
4417,EMP04417,Employee_04417,24,Male,Chennai,Support,Developer,M.Tech,Full-Time,2024-11-02,1,22890,3.0,12,On Leave
4418,EMP04418,Employee_04418,34,Male,Bengaluru,Operations,HR Executive,MCA,Contract,2023-05-23,2,111244,4.2,9,Inactive
4419,EMP04419,Employee_04419,40,Female,Mumbai,Operations,Executive,MCA,Full-Time,2022-10-21,3,74942,4.5,10,On Leave
4420,EMP04420,Employee_04420,26,Female,Guntur,HR,Tester,B.Com,Part-Time,2020-06-23,5,79152,3.6,8,Active
4421,EMP04421,Employee_04421,42,Male,Kochi,IT,Support Engineer,MBA,Part-Time,2022-07-08,3,133649,4.7,6,Active
4422,EMP04422,Employee_04422,40,Male,Bengaluru,Sales,Tester,B.Sc,Contract,2025-03-31,0,98205,3.3,12,On Leave
4423,EMP04423,Employee_04423,21,Male,Vijayawada,Operations,Manager,B.Sc,Part-Time,2020-03-06,5,59536,2.9,9,Inactive
4424,EMP04424,Employee_04424,31,Male,Guntur,Admin,HR Executive,M.Tech,Full-Time,2020-11-17,5,36190,4.4,2,On Leave
4425,EMP04425,Employee_04425,22,Female,Kolkata,Admin,Manager,M.Tech,Part-Time,2024-08-01,1,41232,2.1,6,Active
4426,EMP04426,Employee_04426,34,Male,Kolkata,Operations,Tester,M.Tech,Contract,2024-02-22,1,112511,3.7,12,Active
4427,EMP04427,Employee_04427,44,Male,Kochi,Support,Executive,MCA,Full-Time,2023-05-16,2,95222,3.9,0,On Leave
4428,EMP04428,Employee_04428,33,Male,Mumbai,Marketing,HR Executive,B.Tech,Full-Time,2022-11-05,3,120250,3.8,0,On Leave
4429,EMP04429,Employee_04429,31,Male,Bengaluru,Operations,Executive,B.Tech,Part-Time,2024-07-14,1,77016,2.5,8,Active
4430,EMP04430,Employee_04430,40,Female,Kolkata,Admin,HR Executive,B.Tech,Full-Time,2025-03-24,0,45369,3.9,12,Inactive
4431,EMP04431,Employee_04431,37,Female,Delhi,HR,Manager,MCA,Contract,2020-09-11,5,77216,4.7,3,Active
4432,EMP04432,Employee_04432,32,Male,Pune,Admin,Analyst,B.Com,Contract,2022-10-27,3,89663,4.3,8,Inactive
4433,EMP04433,Employee_04433,25,Female,Pune,Finance,Developer,B.Sc,Contract,2023-06-13,2,109765,2.1,12,Inactive
4434,EMP04434,Employee_04434,41,Female,Vijayawada,Operations,Support Engineer,B.Tech,Full-Time,2020-08-31,5,32549,3.3,6,Inactive
4435,EMP04435,Employee_04435,44,Female,Hyderabad,Sales,HR Executive,MBA,Full-Time,2022-02-17,3,101541,3.5,10,Active
4436,EMP04436,Employee_04436,23,Female,Mumbai,HR,Support Engineer,B.Tech,Part-Time,2024-05-12,1,88549,2.5,4,On Leave
4437,EMP04437,Employee_04437,25,Male,Mumbai,Finance,Tester,M.Tech,Full-Time,2022-07-06,3,100834,3.3,11,Inactive
4438,EMP04438,Employee_04438,38,Male,Vijayawada,Operations,Accountant,MBA,Full-Time,2023-05-20,2,107659,2.2,8,Active
4439,EMP04439,Employee_04439,23,Male,Bengaluru,Admin,Tester,B.Tech,Contract,2024-05-03,1,86270,4.6,6,Inactive
4440,EMP04440,Employee_04440,21,Male,Delhi,Support,Executive,M.Tech,Part-Time,2023-06-09,2,33779,2.2,11,On Leave
4441,EMP04441,Employee_04441,25,Female,Vijayawada,Admin,HR Executive,B.Com,Part-Time,2024-10-13,1,134944,3.6,10,Active
4442,EMP04442,Employee_04442,28,Male,Mumbai,Operations,Analyst,B.Sc,Part-Time,2021-07-03,4,96030,4.8,7,Inactive
4443,EMP04443,Employee_04443,45,Male,Guntur,Operations,HR Executive,B.Com,Full-Time,2020-01-27,5,51479,3.6,12,On Leave
4444,EMP04444,Employee_04444,42,Male,Vijayawada,Operations,Tester,B.Com,Contract,2022-07-01,3,116677,3.4,6,Inactive
4445,EMP04445,Employee_04445,28,Male,Kochi,Admin,Support Engineer,MCA,Part-Time,2020-02-26,5,97941,3.8,8,Inactive
4446,EMP04446,Employee_04446,33,Male,Hyderabad,Marketing,Accountant,B.Tech,Part-Time,2022-08-28,3,96223,3.9,2,Inactive
4447,EMP04447,Employee_04447,36,Male,Kochi,IT,Analyst,MCA,Contract,2022-11-30,3,122259,3.1,11,On Leave
4448,EMP04448,Employee_04448,33,Female,Pune,Operations,Manager,MCA,Part-Time,2025-04-02,0,61090,4.5,0,Active
4449,EMP04449,Employee_04449,45,Female,Pune,IT,Manager,MCA,Contract,2023-12-17,2,79169,2.8,10,On Leave
4450,EMP04450,Employee_04450,43,Female,Chennai,Marketing,Developer,B.Sc,Contract,2025-03-24,0,80930,3.6,4,Inactive
4451,EMP04451,Employee_04451,45,Female,Kochi,IT,Accountant,MBA,Full-Time,2026-01-02,0,19942,2.9,6,Inactive
4452,EMP04452,Employee_04452,36,Female,Bengaluru,HR,Support Engineer,MBA,Contract,2021-12-14,4,61399,2.9,12,Inactive
4453,EMP04453,Employee_04453,36,Male,Guntur,Finance,Analyst,M.Tech,Part-Time,2022-03-03,3,40302,3.0,6,Active
4454,EMP04454,Employee_04454,36,Female,Pune,HR,Tester,B.Tech,Contract,2024-03-28,1,40492,2.7,8,On Leave
4455,EMP04455,Employee_04455,23,Male,Guntur,Finance,Tester,M.Tech,Contract,2022-06-01,3,48767,3.2,6,On Leave
4456,EMP04456,Employee_04456,40,Male,Bengaluru,Finance,Manager,B.Com,Part-Time,2024-06-14,1,131136,3.4,6,On Leave
4457,EMP04457,Employee_04457,25,Female,Vijayawada,IT,Accountant,B.Tech,Part-Time,2022-01-12,3,85537,3.5,10,Inactive
4458,EMP04458,Employee_04458,41,Female,Vijayawada,Finance,Support Engineer,MBA,Contract,2021-01-11,4,88168,3.6,9,Inactive
4459,EMP04459,Employee_04459,27,Male,Hyderabad,Sales,Tester,B.Tech,Full-Time,2021-12-07,4,100692,5.0,9,Inactive
4460,EMP04460,Employee_04460,29,Female,Bengaluru,HR,Support Engineer,B.Com,Contract,2022-09-06,3,107422,2.8,4,Active
4461,EMP04461,Employee_04461,23,Male,Vijayawada,HR,Developer,MBA,Full-Time,2022-01-10,3,47694,4.5,5,Inactive
4462,EMP04462,Employee_04462,36,Male,Bengaluru,Sales,Analyst,MBA,Part-Time,2025-02-11,0,130050,4.9,9,Inactive
4463,EMP04463,Employee_04463,38,Male,Delhi,Operations,Developer,B.Sc,Part-Time,2022-09-25,3,69496,2.6,4,Active
4464,EMP04464,Employee_04464,43,Male,Bengaluru,Finance,Support Engineer,B.Com,Contract,2022-09-22,3,63831,4.4,1,Inactive
4465,EMP04465,Employee_04465,31,Female,Kochi,Admin,Accountant,B.Tech,Full-Time,2025-01-21,0,36090,2.9,9,Active
4466,EMP04466,Employee_04466,21,Male,Delhi,Sales,Manager,B.Tech,Full-Time,2025-05-20,0,112470,3.3,10,Inactive
4467,EMP04467,Employee_04467,31,Male,Guntur,Admin,Executive,MBA,Contract,2022-06-05,3,98377,3.1,12,Inactive
4468,EMP04468,Employee_04468,34,Female,Kochi,HR,Developer,M.Tech,Part-Time,2022-08-21,3,96721,4.9,4,Active
4469,EMP04469,Employee_04469,34,Male,Hyderabad,Support,Developer,B.Com,Full-Time,2021-06-25,4,135563,4.3,9,On Leave
4470,EMP04470,Employee_04470,25,Male,Mumbai,Admin,Tester,B.Sc,Contract,2023-04-21,2,54736,4.3,1,On Leave
4471,EMP04471,Employee_04471,22,Male,Hyderabad,Sales,Accountant,B.Sc,Full-Time,2023-10-29,2,130949,3.8,7,Active
4472,EMP04472,Employee_04472,21,Male,Kochi,IT,Analyst,B.Com,Full-Time,2021-07-20,4,74500,3.5,11,On Leave
4473,EMP04473,Employee_04473,40,Female,Bengaluru,Support,Developer,M.Tech,Contract,2024-02-14,1,109586,4.8,7,Inactive
4474,EMP04474,Employee_04474,22,Male,Hyderabad,Operations,Tester,MBA,Contract,2025-10-01,0,80255,2.1,11,Active
4475,EMP04475,Employee_04475,43,Male,Pune,Support,Developer,B.Com,Part-Time,2020-11-20,5,70577,2.4,4,Inactive
4476,EMP04476,Employee_04476,26,Male,Delhi,Marketing,Support Engineer,MCA,Contract,2022-03-13,3,44832,4.2,1,On Leave
4477,EMP04477,Employee_04477,39,Male,Kochi,Support,Developer,MCA,Full-Time,2021-06-16,4,39496,4.3,7,Active
4478,EMP04478,Employee_04478,30,Female,Kochi,Finance,Developer,B.Com,Contract,2024-04-02,1,35239,3.5,6,Inactive
4479,EMP04479,Employee_04479,41,Male,Bengaluru,Support,Developer,B.Tech,Full-Time,2026-01-29,0,71473,4.4,0,Inactive
4480,EMP04480,Employee_04480,44,Female,Pune,Marketing,Support Engineer,M.Tech,Full-Time,2022-06-06,3,127144,2.1,6,On Leave
4481,EMP04481,Employee_04481,40,Male,Kochi,Support,Developer,B.Tech,Part-Time,2022-12-28,3,147211,2.6,0,Active
4482,EMP04482,Employee_04482,27,Female,Guntur,Finance,Tester,M.Tech,Contract,2023-10-03,2,25595,3.1,2,On Leave
4483,EMP04483,Employee_04483,41,Female,Hyderabad,Marketing,HR Executive,B.Com,Contract,2026-04-19,0,22571,4.6,4,On Leave
4484,EMP04484,Employee_04484,31,Female,Kochi,Sales,Manager,M.Tech,Part-Time,2023-09-15,2,111395,4.9,1,Active
4485,EMP04485,Employee_04485,45,Female,Bengaluru,HR,Executive,B.Com,Full-Time,2023-09-25,2,136087,4.3,10,On Leave
4486,EMP04486,Employee_04486,41,Male,Guntur,Support,Accountant,MBA,Contract,2021-02-06,4,18385,2.7,10,Active
4487,EMP04487,Employee_04487,25,Female,Kolkata,IT,Tester,M.Tech,Full-Time,2024-01-15,1,37006,4.9,5,On Leave
4488,EMP04488,Employee_04488,25,Male,Delhi,Operations,Accountant,MCA,Full-Time,2022-12-02,3,21672,2.1,12,On Leave
4489,EMP04489,Employee_04489,22,Female,Vijayawada,Sales,Analyst,B.Sc,Full-Time,2026-02-07,0,68260,3.4,3,Inactive
4490,EMP04490,Employee_04490,38,Female,Kolkata,Operations,Executive,M.Tech,Full-Time,2026-03-10,0,125351,3.7,11,Inactive
4491,EMP04491,Employee_04491,37,Male,Mumbai,IT,Support Engineer,M.Tech,Contract,2022-10-29,3,138259,4.8,1,Active
4492,EMP04492,Employee_04492,21,Male,Pune,Support,Analyst,MBA,Full-Time,2023-01-26,2,101734,2.2,1,Active
4493,EMP04493,Employee_04493,29,Male,Chennai,Sales,Tester,MCA,Full-Time,2020-06-01,5,111798,2.9,10,Active
4494,EMP04494,Employee_04494,30,Male,Kochi,Support,Manager,B.Com,Part-Time,2026-07-14,0,103290,2.5,5,Inactive
4495,EMP04495,Employee_04495,29,Female,Hyderabad,HR,Developer,MCA,Full-Time,2020-11-16,5,88498,2.3,2,On Leave
4496,EMP04496,Employee_04496,24,Male,Vijayawada,Support,Analyst,B.Tech,Full-Time,2021-06-13,4,105379,2.4,4,Inactive
4497,EMP04497,Employee_04497,28,Male,Kochi,Support,Support Engineer,B.Sc,Contract,2025-10-10,0,59300,2.8,11,Inactive
4498,EMP04498,Employee_04498,25,Female,Kochi,Marketing,Analyst,M.Tech,Contract,2020-11-08,5,50361,3.2,12,Active
4499,EMP04499,Employee_04499,23,Male,Hyderabad,HR,HR Executive,MBA,Contract,2020-01-08,5,34850,2.5,3,Inactive
4500,EMP04500,Employee_04500,32,Male,Pune,Sales,HR Executive,MCA,Part-Time,2023-10-13,2,120287,4.0,3,Active
4501,EMP04501,Employee_04501,28,Male,Kolkata,IT,Accountant,B.Com,Contract,2023-04-16,2,98552,2.8,2,On Leave
4502,EMP04502,Employee_04502,31,Male,Delhi,Operations,Developer,MCA,Contract,2020-08-16,5,70353,3.5,11,Inactive
4503,EMP04503,Employee_04503,37,Female,Chennai,Operations,Accountant,MBA,Full-Time,2021-10-24,4,36006,3.3,3,Active
4504,EMP04504,Employee_04504,43,Female,Bengaluru,IT,Support Engineer,MCA,Full-Time,2020-04-17,5,149576,3.5,7,Inactive
4505,EMP04505,Employee_04505,39,Male,Kolkata,Marketing,Support Engineer,M.Tech,Part-Time,2025-03-01,0,40040,3.1,5,Active
4506,EMP04506,Employee_04506,29,Male,Bengaluru,Admin,Executive,B.Sc,Contract,2024-10-03,1,82701,3.9,2,Inactive
4507,EMP04507,Employee_04507,29,Male,Kochi,IT,Manager,B.Tech,Full-Time,2021-08-02,4,143709,4.8,10,On Leave
4508,EMP04508,Employee_04508,41,Female,Bengaluru,Sales,Tester,B.Sc,Full-Time,2020-11-07,5,138312,5.0,6,Inactive
4509,EMP04509,Employee_04509,36,Male,Mumbai,Operations,HR Executive,B.Sc,Contract,2023-10-06,2,47154,5.0,3,Inactive
4510,EMP04510,Employee_04510,22,Female,Bengaluru,Sales,Developer,B.Tech,Full-Time,2022-07-19,3,75325,2.2,2,Active
4511,EMP04511,Employee_04511,23,Male,Bengaluru,Marketing,Executive,MBA,Contract,2022-05-13,3,91843,3.3,4,Inactive
4512,EMP04512,Employee_04512,42,Female,Kochi,Finance,Manager,MBA,Part-Time,2025-08-18,0,25284,4.9,5,Active
4513,EMP04513,Employee_04513,34,Female,Guntur,Admin,Accountant,M.Tech,Full-Time,2021-06-03,4,31913,4.2,9,Inactive
4514,EMP04514,Employee_04514,42,Male,Bengaluru,Sales,Support Engineer,B.Tech,Part-Time,2024-07-08,1,132304,3.9,4,On Leave
4515,EMP04515,Employee_04515,30,Female,Guntur,Sales,Executive,MCA,Part-Time,2024-11-14,1,117696,3.4,11,On Leave
4516,EMP04516,Employee_04516,22,Female,Vijayawada,Operations,Developer,M.Tech,Part-Time,2020-04-17,5,134101,2.3,1,On Leave
4517,EMP04517,Employee_04517,25,Female,Hyderabad,Marketing,Manager,B.Sc,Contract,2022-01-23,3,29922,2.3,2,Inactive
4518,EMP04518,Employee_04518,44,Male,Pune,HR,Tester,B.Sc,Full-Time,2026-05-23,0,76562,2.7,11,Active
4519,EMP04519,Employee_04519,23,Female,Mumbai,Marketing,HR Executive,MCA,Part-Time,2024-07-22,1,131083,5.0,11,Active
4520,EMP04520,Employee_04520,24,Female,Bengaluru,HR,Analyst,B.Com,Part-Time,2025-06-20,0,47361,3.8,8,On Leave
4521,EMP04521,Employee_04521,25,Female,Bengaluru,Operations,Support Engineer,MCA,Part-Time,2025-02-01,0,80882,3.7,3,Active
4522,EMP04522,Employee_04522,33,Male,Mumbai,Operations,Tester,M.Tech,Part-Time,2022-01-14,3,97016,2.4,6,On Leave
4523,EMP04523,Employee_04523,27,Female,Kolkata,Admin,Support Engineer,B.Tech,Contract,2026-07-06,0,134910,2.2,4,On Leave
4524,EMP04524,Employee_04524,32,Female,Kolkata,Marketing,Tester,B.Com,Full-Time,2020-04-04,5,138460,3.9,1,Active
4525,EMP04525,Employee_04525,44,Female,Chennai,Marketing,Tester,B.Sc,Part-Time,2021-10-01,4,145755,4.5,12,On Leave
4526,EMP04526,Employee_04526,33,Female,Mumbai,Support,Accountant,B.Tech,Full-Time,2022-04-19,3,120165,3.3,0,On Leave
4527,EMP04527,Employee_04527,23,Female,Vijayawada,Sales,Tester,MBA,Part-Time,2025-11-16,0,124723,2.2,2,Inactive
4528,EMP04528,Employee_04528,35,Female,Pune,Sales,Analyst,M.Tech,Contract,2024-09-06,1,94463,3.1,2,On Leave
4529,EMP04529,Employee_04529,31,Male,Pune,Operations,Tester,M.Tech,Contract,2021-03-04,4,126893,3.5,4,Inactive
4530,EMP04530,Employee_04530,42,Male,Vijayawada,IT,Accountant,MBA,Contract,2023-11-08,2,132867,3.8,10,Active
4531,EMP04531,Employee_04531,41,Male,Hyderabad,HR,Accountant,B.Sc,Full-Time,2023-06-18,2,115853,3.0,3,Inactive
4532,EMP04532,Employee_04532,25,Male,Bengaluru,Finance,Support Engineer,MBA,Part-Time,2021-03-03,4,141405,2.5,5,On Leave
4533,EMP04533,Employee_04533,29,Male,Delhi,HR,Accountant,MBA,Part-Time,2021-06-04,4,31701,3.1,5,On Leave
4534,EMP04534,Employee_04534,32,Female,Mumbai,Finance,Tester,B.Sc,Part-Time,2025-12-18,0,131002,3.0,10,Inactive
4535,EMP04535,Employee_04535,37,Male,Chennai,IT,Tester,B.Tech,Full-Time,2021-09-24,4,53454,4.3,0,Inactive
4536,EMP04536,Employee_04536,39,Female,Delhi,Finance,Developer,M.Tech,Full-Time,2023-04-13,2,124382,2.1,2,On Leave
4537,EMP04537,Employee_04537,37,Female,Vijayawada,Sales,Accountant,B.Sc,Part-Time,2023-02-15,2,138934,3.3,9,Active
4538,EMP04538,Employee_04538,39,Female,Guntur,Sales,Manager,B.Tech,Part-Time,2020-08-13,5,80553,5.0,1,On Leave
4539,EMP04539,Employee_04539,34,Female,Bengaluru,Operations,Tester,B.Com,Contract,2020-01-05,5,109062,2.1,9,Inactive
4540,EMP04540,Employee_04540,27,Male,Bengaluru,IT,Developer,M.Tech,Full-Time,2021-06-02,4,122050,2.8,4,Active
4541,EMP04541,Employee_04541,39,Male,Mumbai,IT,HR Executive,B.Sc,Full-Time,2026-01-11,0,116381,3.5,11,Active
4542,EMP04542,Employee_04542,32,Female,Bengaluru,Support,Accountant,MCA,Full-Time,2021-01-30,4,49409,4.1,7,On Leave
4543,EMP04543,Employee_04543,21,Male,Bengaluru,Marketing,Executive,B.Com,Full-Time,2024-07-28,1,106427,3.6,5,Active
4544,EMP04544,Employee_04544,36,Male,Hyderabad,Admin,Accountant,B.Sc,Full-Time,2020-05-14,5,30235,4.7,3,Active
4545,EMP04545,Employee_04545,35,Female,Kolkata,Sales,HR Executive,MBA,Part-Time,2026-04-18,0,84531,3.9,9,Active
4546,EMP04546,Employee_04546,44,Female,Vijayawada,Admin,Executive,MCA,Contract,2026-01-23,0,122203,2.1,7,Active
4547,EMP04547,Employee_04547,24,Female,Chennai,Finance,Executive,MCA,Full-Time,2021-04-28,4,34709,4.4,0,Inactive
4548,EMP04548,Employee_04548,25,Male,Mumbai,Marketing,Developer,MBA,Contract,2021-11-04,4,73148,3.4,5,Active
4549,EMP04549,Employee_04549,29,Female,Kolkata,Marketing,HR Executive,B.Tech,Part-Time,2022-02-05,3,91048,3.7,9,Active
4550,EMP04550,Employee_04550,34,Female,Delhi,Marketing,Manager,MBA,Contract,2021-11-24,4,45480,3.2,11,Active
4551,EMP04551,Employee_04551,42,Female,Guntur,HR,HR Executive,MCA,Contract,2022-03-15,3,140900,2.2,1,Active
4552,EMP04552,Employee_04552,36,Female,Delhi,Marketing,Tester,B.Tech,Contract,2023-07-01,2,117629,2.2,2,On Leave
4553,EMP04553,Employee_04553,45,Male,Chennai,Support,Accountant,B.Tech,Part-Time,2020-07-01,5,87516,2.6,7,Active
4554,EMP04554,Employee_04554,31,Male,Vijayawada,Finance,Tester,MBA,Contract,2022-04-22,3,126410,4.3,2,Inactive
4555,EMP04555,Employee_04555,33,Female,Bengaluru,HR,Developer,MBA,Part-Time,2023-08-26,2,20519,2.9,12,Inactive
4556,EMP04556,Employee_04556,26,Male,Bengaluru,HR,Accountant,MCA,Part-Time,2022-08-21,3,66794,4.0,7,Active
4557,EMP04557,Employee_04557,32,Male,Guntur,Marketing,Manager,B.Sc,Full-Time,2022-01-06,3,62922,4.0,2,On Leave
4558,EMP04558,Employee_04558,32,Female,Delhi,Admin,HR Executive,B.Tech,Part-Time,2021-08-04,4,82687,3.6,1,Inactive
4559,EMP04559,Employee_04559,42,Female,Delhi,Sales,HR Executive,MBA,Full-Time,2024-03-13,1,145025,2.5,10,Inactive
4560,EMP04560,Employee_04560,38,Female,Hyderabad,Sales,Executive,MBA,Contract,2026-07-25,0,74698,2.7,10,Active
4561,EMP04561,Employee_04561,41,Male,Guntur,Support,HR Executive,MBA,Contract,2024-05-26,1,47461,3.1,10,On Leave
4562,EMP04562,Employee_04562,38,Female,Delhi,Sales,Developer,B.Tech,Full-Time,2020-04-06,5,23801,3.4,5,Active
4563,EMP04563,Employee_04563,36,Female,Hyderabad,Marketing,Accountant,B.Tech,Contract,2021-08-09,4,113576,2.0,3,Active
4564,EMP04564,Employee_04564,22,Male,Mumbai,Finance,Analyst,B.Sc,Part-Time,2026-04-14,0,79567,4.7,7,Inactive
4565,EMP04565,Employee_04565,26,Male,Chennai,Support,Tester,MCA,Part-Time,2025-01-15,0,148762,4.5,3,Inactive
4566,EMP04566,Employee_04566,36,Male,Pune,Support,Executive,B.Sc,Part-Time,2021-10-08,4,127205,4.2,2,Active
4567,EMP04567,Employee_04567,26,Female,Kochi,HR,HR Executive,B.Tech,Contract,2025-04-14,0,40406,4.3,9,On Leave
4568,EMP04568,Employee_04568,39,Male,Mumbai,IT,Executive,B.Sc,Part-Time,2020-04-14,5,26077,3.8,8,On Leave
4569,EMP04569,Employee_04569,35,Female,Delhi,Finance,Manager,MBA,Part-Time,2021-12-25,4,56428,5.0,12,On Leave
4570,EMP04570,Employee_04570,25,Male,Vijayawada,Finance,Manager,B.Sc,Full-Time,2022-11-26,3,120159,3.5,12,Inactive
4571,EMP04571,Employee_04571,28,Male,Guntur,Sales,Manager,MCA,Part-Time,2023-11-27,2,56274,3.0,12,Inactive
4572,EMP04572,Employee_04572,24,Female,Bengaluru,Support,Developer,MCA,Part-Time,2024-01-20,1,40372,4.1,6,Active
4573,EMP04573,Employee_04573,39,Male,Kochi,Support,HR Executive,M.Tech,Full-Time,2023-04-28,2,103194,4.6,3,On Leave
4574,EMP04574,Employee_04574,35,Female,Guntur,Marketing,Accountant,B.Tech,Contract,2023-10-28,2,102857,4.5,10,Active
4575,EMP04575,Employee_04575,23,Male,Vijayawada,Finance,Executive,M.Tech,Contract,2025-09-28,0,73626,4.7,2,Active
4576,EMP04576,Employee_04576,43,Female,Delhi,IT,HR Executive,B.Sc,Part-Time,2026-07-15,0,40876,3.6,6,On Leave
4577,EMP04577,Employee_04577,31,Female,Delhi,Operations,Analyst,MCA,Part-Time,2025-09-14,0,34607,4.9,7,Inactive
4578,EMP04578,Employee_04578,35,Male,Pune,Support,Tester,B.Com,Contract,2026-07-25,0,124423,2.2,2,On Leave
4579,EMP04579,Employee_04579,32,Female,Hyderabad,Marketing,Executive,M.Tech,Part-Time,2026-06-06,0,45299,4.5,3,Active
4580,EMP04580,Employee_04580,40,Female,Pune,HR,Accountant,MBA,Part-Time,2023-04-30,2,45154,4.6,2,Inactive
4581,EMP04581,Employee_04581,25,Female,Chennai,HR,Accountant,B.Sc,Contract,2023-01-24,2,65475,2.4,2,Active
4582,EMP04582,Employee_04582,21,Male,Vijayawada,Operations,Analyst,B.Tech,Contract,2026-06-18,0,78968,2.8,3,Active
4583,EMP04583,Employee_04583,38,Male,Kolkata,Sales,Executive,B.Sc,Part-Time,2024-02-05,1,79973,4.2,5,Active
4584,EMP04584,Employee_04584,30,Male,Pune,Operations,HR Executive,M.Tech,Full-Time,2020-04-09,5,100332,2.6,5,On Leave
4585,EMP04585,Employee_04585,28,Male,Guntur,Sales,Executive,B.Com,Part-Time,2023-04-22,2,35154,4.1,1,Inactive
4586,EMP04586,Employee_04586,43,Male,Kolkata,Finance,Support Engineer,B.Com,Full-Time,2020-12-14,5,111983,4.6,3,Inactive
4587,EMP04587,Employee_04587,38,Male,Guntur,Finance,Tester,B.Com,Contract,2024-08-07,1,54894,4.1,2,On Leave
4588,EMP04588,Employee_04588,26,Female,Kochi,HR,Analyst,MBA,Contract,2020-06-19,5,97597,3.0,1,Active
4589,EMP04589,Employee_04589,30,Female,Pune,Support,Support Engineer,B.Tech,Full-Time,2024-02-21,1,69242,2.3,4,Active
4590,EMP04590,Employee_04590,34,Female,Mumbai,Support,Analyst,MBA,Full-Time,2025-10-19,0,47092,4.4,6,Inactive
4591,EMP04591,Employee_04591,31,Male,Vijayawada,Sales,HR Executive,MBA,Full-Time,2020-02-14,5,89487,2.7,7,Active
4592,EMP04592,Employee_04592,43,Female,Pune,HR,Manager,B.Tech,Part-Time,2025-08-02,0,86068,3.5,6,On Leave
4593,EMP04593,Employee_04593,21,Male,Kochi,Support,Accountant,B.Sc,Full-Time,2023-05-24,2,119677,3.9,7,Inactive
4594,EMP04594,Employee_04594,38,Male,Kochi,HR,HR Executive,MBA,Contract,2020-12-30,5,130730,2.5,3,On Leave
4595,EMP04595,Employee_04595,31,Female,Hyderabad,HR,Manager,M.Tech,Part-Time,2025-01-26,0,118958,4.1,7,Inactive
4596,EMP04596,Employee_04596,24,Male,Mumbai,Support,Analyst,MBA,Full-Time,2022-10-07,3,136764,4.9,5,Inactive
4597,EMP04597,Employee_04597,38,Female,Chennai,Support,Accountant,B.Com,Part-Time,2022-08-16,3,89264,2.1,9,Inactive
4598,EMP04598,Employee_04598,34,Female,Chennai,Operations,Developer,MCA,Part-Time,2024-12-07,1,33051,3.7,1,Inactive
4599,EMP04599,Employee_04599,34,Female,Chennai,Finance,Executive,B.Tech,Full-Time,2022-03-16,3,32738,2.7,5,Active
4600,EMP04600,Employee_04600,36,Male,Delhi,Operations,Analyst,MCA,Part-Time,2024-10-17,1,74671,4.7,4,Inactive
4601,EMP04601,Employee_04601,28,Male,Chennai,Operations,Tester,B.Sc,Part-Time,2024-08-03,1,112888,3.5,6,On Leave
4602,EMP04602,Employee_04602,27,Female,Bengaluru,HR,Accountant,B.Tech,Part-Time,2024-07-25,1,128345,3.2,8,Inactive
4603,EMP04603,Employee_04603,41,Female,Pune,Marketing,Support Engineer,B.Tech,Part-Time,2022-05-19,3,107782,3.8,5,On Leave
4604,EMP04604,Employee_04604,37,Male,Kochi,Marketing,HR Executive,B.Sc,Full-Time,2026-05-16,0,106312,3.5,10,On Leave
4605,EMP04605,Employee_04605,44,Female,Delhi,Marketing,Analyst,MBA,Contract,2026-06-08,0,139036,4.1,8,Active
4606,EMP04606,Employee_04606,28,Male,Mumbai,Finance,Analyst,B.Com,Part-Time,2023-05-10,2,40321,2.9,9,Inactive
4607,EMP04607,Employee_04607,39,Male,Mumbai,Finance,Support Engineer,MBA,Part-Time,2020-05-15,5,123219,3.4,6,Active
4608,EMP04608,Employee_04608,21,Female,Vijayawada,IT,Executive,B.Com,Part-Time,2023-06-20,2,115007,2.5,10,Inactive
4609,EMP04609,Employee_04609,33,Female,Kochi,Admin,Support Engineer,B.Tech,Contract,2024-10-31,1,78677,2.1,7,On Leave
4610,EMP04610,Employee_04610,39,Female,Bengaluru,Marketing,Developer,MBA,Full-Time,2020-01-02,6,25381,3.2,10,Active
4611,EMP04611,Employee_04611,34,Female,Bengaluru,HR,Accountant,B.Tech,Contract,2023-02-22,2,44881,3.1,0,Active
4612,EMP04612,Employee_04612,25,Female,Bengaluru,Sales,Developer,B.Tech,Full-Time,2026-04-27,0,54479,2.2,2,On Leave
4613,EMP04613,Employee_04613,22,Female,Vijayawada,Marketing,Accountant,B.Sc,Contract,2023-12-28,2,34783,4.3,1,On Leave
4614,EMP04614,Employee_04614,43,Male,Pune,Admin,Executive,M.Tech,Contract,2020-08-12,5,109078,5.0,5,Active
4615,EMP04615,Employee_04615,40,Female,Delhi,Support,Tester,B.Com,Full-Time,2022-10-31,3,147639,3.0,11,Inactive
4616,EMP04616,Employee_04616,27,Female,Guntur,Operations,Analyst,MCA,Full-Time,2022-08-07,3,73243,4.5,3,Active
4617,EMP04617,Employee_04617,38,Male,Mumbai,HR,Executive,B.Tech,Full-Time,2023-04-06,2,70384,4.4,8,Inactive
4618,EMP04618,Employee_04618,33,Female,Kochi,IT,Executive,B.Com,Contract,2020-07-19,5,84762,4.0,11,On Leave
4619,EMP04619,Employee_04619,28,Female,Vijayawada,Sales,Executive,B.Com,Contract,2026-05-07,0,94194,4.8,1,On Leave
4620,EMP04620,Employee_04620,45,Female,Bengaluru,Finance,Analyst,M.Tech,Contract,2022-08-15,3,29133,4.9,11,Active
4621,EMP04621,Employee_04621,33,Male,Kochi,Finance,Executive,B.Tech,Contract,2021-01-11,4,22422,4.7,10,Inactive
4622,EMP04622,Employee_04622,41,Male,Kolkata,IT,Manager,B.Sc,Contract,2025-03-04,0,47751,4.0,10,On Leave
4623,EMP04623,Employee_04623,33,Male,Delhi,Admin,Support Engineer,B.Sc,Part-Time,2022-09-14,3,143739,4.7,12,Inactive
4624,EMP04624,Employee_04624,29,Male,Delhi,Marketing,Accountant,M.Tech,Full-Time,2023-06-22,2,34734,4.7,9,On Leave
4625,EMP04625,Employee_04625,28,Male,Chennai,Sales,Tester,MCA,Full-Time,2024-05-19,1,120799,2.5,12,Active
4626,EMP04626,Employee_04626,23,Male,Mumbai,Operations,Developer,MCA,Full-Time,2022-07-12,3,142488,3.9,9,On Leave
4627,EMP04627,Employee_04627,41,Female,Chennai,Support,Executive,MCA,Part-Time,2020-04-06,5,68134,3.9,5,Active
4628,EMP04628,Employee_04628,41,Female,Pune,Sales,Executive,MCA,Full-Time,2026-06-18,0,41496,2.1,11,Inactive
4629,EMP04629,Employee_04629,31,Male,Chennai,Marketing,HR Executive,MBA,Contract,2024-04-21,1,74728,4.8,4,On Leave
4630,EMP04630,Employee_04630,43,Female,Kolkata,Operations,Support Engineer,M.Tech,Full-Time,2026-06-12,0,62897,2.7,8,Active
4631,EMP04631,Employee_04631,21,Female,Mumbai,Marketing,Tester,MCA,Part-Time,2020-10-27,5,47334,4.9,11,Inactive
4632,EMP04632,Employee_04632,21,Male,Kolkata,Admin,Developer,B.Sc,Contract,2021-08-01,4,135069,2.8,5,Active
4633,EMP04633,Employee_04633,24,Male,Chennai,Operations,Tester,M.Tech,Contract,2021-11-27,4,136505,3.4,9,On Leave
4634,EMP04634,Employee_04634,28,Male,Hyderabad,Marketing,Analyst,M.Tech,Full-Time,2025-12-09,0,37513,2.1,3,Active
4635,EMP04635,Employee_04635,25,Female,Chennai,Operations,Accountant,B.Com,Part-Time,2025-06-16,0,35712,2.2,2,Active
4636,EMP04636,Employee_04636,34,Male,Vijayawada,Support,Executive,B.Sc,Contract,2021-09-29,4,74257,3.4,10,Active
4637,EMP04637,Employee_04637,26,Female,Guntur,Finance,Analyst,B.Sc,Part-Time,2022-01-10,3,109475,2.3,6,Inactive
4638,EMP04638,Employee_04638,26,Female,Delhi,Operations,Manager,M.Tech,Contract,2024-09-07,1,43861,4.6,3,Inactive
4639,EMP04639,Employee_04639,32,Male,Kochi,Operations,Developer,MCA,Contract,2024-06-17,1,122270,2.5,9,On Leave
4640,EMP04640,Employee_04640,30,Female,Pune,Admin,HR Executive,B.Sc,Part-Time,2023-05-29,2,37683,4.3,7,On Leave
4641,EMP04641,Employee_04641,32,Female,Kolkata,Support,Tester,MBA,Part-Time,2021-12-19,4,127424,4.8,12,Inactive
4642,EMP04642,Employee_04642,32,Male,Delhi,HR,HR Executive,B.Com,Full-Time,2026-07-18,0,102740,4.0,7,Inactive
4643,EMP04643,Employee_04643,40,Male,Bengaluru,Operations,Developer,B.Com,Contract,2025-03-15,0,126411,4.8,5,Active
4644,EMP04644,Employee_04644,34,Male,Guntur,Marketing,HR Executive,MCA,Part-Time,2023-09-19,2,149879,3.4,4,On Leave
4645,EMP04645,Employee_04645,22,Female,Guntur,IT,HR Executive,B.Sc,Contract,2024-01-02,2,30349,4.4,4,On Leave
4646,EMP04646,Employee_04646,37,Male,Guntur,Finance,Accountant,B.Com,Full-Time,2022-01-21,3,115328,2.1,4,On Leave
4647,EMP04647,Employee_04647,21,Male,Chennai,Sales,Developer,B.Sc,Contract,2021-10-28,4,59392,2.5,2,On Leave
4648,EMP04648,Employee_04648,29,Female,Guntur,Sales,Support Engineer,M.Tech,Full-Time,2023-02-27,2,118205,4.9,2,Inactive
4649,EMP04649,Employee_04649,35,Male,Delhi,HR,Manager,M.Tech,Contract,2025-09-26,0,87089,3.8,7,Inactive
4650,EMP04650,Employee_04650,32,Female,Pune,Sales,Support Engineer,MCA,Contract,2023-02-03,2,81019,4.2,8,Inactive
4651,EMP04651,Employee_04651,40,Male,Delhi,Operations,Manager,B.Sc,Contract,2026-05-25,0,35443,3.3,5,On Leave
4652,EMP04652,Employee_04652,41,Male,Bengaluru,HR,Accountant,M.Tech,Part-Time,2025-04-23,0,102329,2.2,0,On Leave
4653,EMP04653,Employee_04653,28,Female,Pune,Sales,HR Executive,B.Tech,Contract,2025-02-16,0,34585,2.4,4,On Leave
4654,EMP04654,Employee_04654,22,Female,Kochi,Support,Analyst,MCA,Contract,2021-01-29,4,100446,4.0,4,Inactive
4655,EMP04655,Employee_04655,22,Female,Delhi,Sales,Tester,M.Tech,Part-Time,2023-01-07,2,25339,4.5,5,Inactive
4656,EMP04656,Employee_04656,26,Male,Hyderabad,Marketing,Analyst,MCA,Full-Time,2023-01-21,2,41333,2.0,4,On Leave
4657,EMP04657,Employee_04657,31,Female,Chennai,Operations,Support Engineer,B.Tech,Contract,2024-07-25,1,89154,3.7,7,Inactive
4658,EMP04658,Employee_04658,24,Male,Kochi,Sales,Accountant,B.Com,Part-Time,2023-06-27,2,105711,5.0,1,Inactive
4659,EMP04659,Employee_04659,35,Female,Bengaluru,Support,Tester,B.Tech,Full-Time,2020-01-10,5,117371,4.0,0,Inactive
4660,EMP04660,Employee_04660,26,Male,Guntur,Operations,Support Engineer,MCA,Part-Time,2021-02-15,4,86827,4.4,8,On Leave
4661,EMP04661,Employee_04661,36,Female,Kochi,Finance,Manager,MBA,Contract,2021-10-17,4,139378,4.2,11,On Leave
4662,EMP04662,Employee_04662,32,Female,Kochi,IT,HR Executive,B.Tech,Contract,2021-03-28,4,119885,3.7,10,On Leave
4663,EMP04663,Employee_04663,36,Male,Pune,Operations,Analyst,M.Tech,Full-Time,2021-12-30,4,129337,2.4,0,Active
4664,EMP04664,Employee_04664,32,Female,Pune,Marketing,Tester,B.Sc,Contract,2022-11-26,3,118595,3.8,5,Inactive
4665,EMP04665,Employee_04665,27,Female,Kochi,HR,Executive,M.Tech,Contract,2024-09-29,1,71613,3.4,9,On Leave
4666,EMP04666,Employee_04666,43,Male,Bengaluru,HR,Executive,B.Sc,Part-Time,2025-04-23,0,148550,4.6,1,On Leave
4667,EMP04667,Employee_04667,42,Female,Pune,Finance,Tester,B.Tech,Contract,2023-08-27,2,59900,2.6,1,Inactive
4668,EMP04668,Employee_04668,42,Male,Chennai,Admin,Accountant,MCA,Part-Time,2020-02-21,5,139978,4.6,12,Active
4669,EMP04669,Employee_04669,44,Male,Kolkata,HR,Executive,M.Tech,Full-Time,2022-10-03,3,145221,4.3,9,Active
4670,EMP04670,Employee_04670,37,Female,Mumbai,Marketing,Executive,B.Com,Full-Time,2020-07-25,5,55149,2.5,0,On Leave
4671,EMP04671,Employee_04671,37,Female,Vijayawada,HR,Developer,B.Com,Full-Time,2025-07-03,0,43714,3.2,4,On Leave
4672,EMP04672,Employee_04672,40,Male,Kolkata,Marketing,Manager,B.Sc,Part-Time,2023-10-27,2,22471,2.0,12,Active
4673,EMP04673,Employee_04673,22,Male,Bengaluru,Sales,Accountant,MBA,Contract,2025-08-04,0,50611,3.6,12,Inactive
4674,EMP04674,Employee_04674,29,Female,Vijayawada,Finance,Support Engineer,M.Tech,Contract,2022-05-08,3,27153,2.7,0,Active
4675,EMP04675,Employee_04675,28,Male,Pune,Support,Manager,B.Sc,Full-Time,2025-08-01,0,76448,2.7,5,Active
4676,EMP04676,Employee_04676,25,Female,Mumbai,Support,Manager,B.Tech,Full-Time,2023-10-02,2,145535,3.8,8,Inactive
4677,EMP04677,Employee_04677,21,Male,Bengaluru,Finance,Tester,B.Tech,Part-Time,2025-01-24,0,32035,3.3,0,On Leave
4678,EMP04678,Employee_04678,34,Female,Pune,Support,Manager,MCA,Full-Time,2024-03-26,1,92574,4.2,10,Active
4679,EMP04679,Employee_04679,44,Male,Pune,Marketing,Tester,MCA,Part-Time,2022-10-01,3,105214,2.1,1,On Leave
4680,EMP04680,Employee_04680,31,Male,Kolkata,Marketing,Tester,B.Com,Part-Time,2026-07-03,0,25093,3.8,9,On Leave
4681,EMP04681,Employee_04681,29,Female,Chennai,IT,Tester,MBA,Part-Time,2026-07-19,0,133127,2.4,4,Inactive
4682,EMP04682,Employee_04682,42,Female,Pune,Marketing,Developer,B.Com,Part-Time,2021-05-29,4,46248,3.3,5,Inactive
4683,EMP04683,Employee_04683,30,Female,Vijayawada,Marketing,Analyst,B.Com,Contract,2021-02-17,4,96920,2.8,6,Inactive
4684,EMP04684,Employee_04684,31,Female,Mumbai,Support,Support Engineer,B.Tech,Contract,2021-10-17,4,53292,4.1,8,On Leave
4685,EMP04685,Employee_04685,21,Female,Kolkata,Marketing,Manager,B.Tech,Full-Time,2022-07-28,3,83536,2.7,1,On Leave
4686,EMP04686,Employee_04686,28,Female,Delhi,Marketing,Executive,MCA,Full-Time,2021-02-05,4,132521,4.1,9,Inactive
4687,EMP04687,Employee_04687,36,Male,Delhi,Marketing,Manager,B.Sc,Part-Time,2025-06-09,0,52735,4.2,7,Active
4688,EMP04688,Employee_04688,31,Male,Mumbai,HR,Manager,B.Com,Part-Time,2021-11-03,4,18393,4.1,8,Active
4689,EMP04689,Employee_04689,28,Female,Mumbai,HR,Accountant,B.Com,Full-Time,2022-01-09,3,137357,4.7,0,Inactive
4690,EMP04690,Employee_04690,42,Male,Pune,Admin,Accountant,B.Sc,Full-Time,2020-07-20,5,31620,4.6,3,Inactive
4691,EMP04691,Employee_04691,24,Male,Vijayawada,Operations,Support Engineer,M.Tech,Contract,2021-10-14,4,18168,3.6,8,Active
4692,EMP04692,Employee_04692,28,Female,Delhi,HR,Developer,MCA,Contract,2024-08-27,1,59711,4.8,8,Inactive
4693,EMP04693,Employee_04693,39,Female,Chennai,HR,Accountant,M.Tech,Contract,2025-09-09,0,42465,3.6,1,Active
4694,EMP04694,Employee_04694,25,Male,Kochi,Operations,Support Engineer,B.Sc,Part-Time,2023-03-14,2,18542,3.2,3,Active
4695,EMP04695,Employee_04695,30,Female,Chennai,IT,Tester,B.Tech,Contract,2022-02-07,3,136946,4.1,12,On Leave
4696,EMP04696,Employee_04696,26,Male,Hyderabad,IT,Analyst,M.Tech,Contract,2022-06-02,3,94294,2.4,12,Inactive
4697,EMP04697,Employee_04697,24,Female,Pune,IT,Accountant,B.Sc,Part-Time,2022-07-10,3,116613,2.6,2,Inactive
4698,EMP04698,Employee_04698,37,Male,Vijayawada,HR,Manager,B.Tech,Full-Time,2025-05-20,0,80683,4.5,11,Inactive
4699,EMP04699,Employee_04699,40,Male,Chennai,Marketing,Analyst,MCA,Contract,2025-07-23,0,131160,4.8,1,On Leave
4700,EMP04700,Employee_04700,36,Female,Chennai,IT,Accountant,MBA,Contract,2022-01-03,3,60686,5.0,4,On Leave
4701,EMP04701,Employee_04701,32,Male,Bengaluru,HR,Accountant,MBA,Contract,2020-11-11,5,55577,4.4,8,On Leave
4702,EMP04702,Employee_04702,24,Male,Kolkata,IT,Developer,B.Com,Part-Time,2024-01-01,2,129733,3.2,0,Inactive
4703,EMP04703,Employee_04703,45,Male,Bengaluru,Finance,Executive,B.Tech,Part-Time,2020-03-26,5,55729,3.4,6,Active
4704,EMP04704,Employee_04704,36,Male,Pune,Support,HR Executive,MCA,Part-Time,2023-10-22,2,114440,2.3,0,Inactive
4705,EMP04705,Employee_04705,28,Female,Vijayawada,HR,Tester,B.Com,Contract,2023-07-02,2,142462,5.0,3,Active
4706,EMP04706,Employee_04706,28,Male,Kochi,HR,Manager,B.Sc,Part-Time,2024-05-09,1,30440,4.8,1,Active
4707,EMP04707,Employee_04707,25,Male,Kochi,IT,Executive,M.Tech,Full-Time,2025-04-27,0,104560,4.5,1,Active
4708,EMP04708,Employee_04708,33,Female,Hyderabad,Support,Accountant,M.Tech,Part-Time,2021-09-23,4,58077,2.7,0,On Leave
4709,EMP04709,Employee_04709,42,Male,Delhi,Marketing,HR Executive,B.Com,Contract,2021-12-15,4,109863,2.5,2,On Leave
4710,EMP04710,Employee_04710,36,Female,Kochi,HR,Tester,B.Com,Part-Time,2023-02-15,2,116581,2.7,1,On Leave
4711,EMP04711,Employee_04711,27,Female,Chennai,Sales,Accountant,B.Sc,Part-Time,2020-08-07,5,118893,3.0,5,Inactive
4712,EMP04712,Employee_04712,35,Male,Guntur,Admin,HR Executive,B.Tech,Part-Time,2024-10-03,1,118656,4.2,2,Inactive
4713,EMP04713,Employee_04713,39,Female,Chennai,Finance,Tester,M.Tech,Full-Time,2024-12-08,1,21111,2.8,5,On Leave
4714,EMP04714,Employee_04714,32,Female,Mumbai,Admin,Developer,MBA,Part-Time,2020-06-26,5,129876,2.8,2,Active
4715,EMP04715,Employee_04715,23,Male,Mumbai,Admin,Executive,B.Tech,Full-Time,2025-05-29,0,122375,2.1,10,Inactive
4716,EMP04716,Employee_04716,24,Male,Kochi,Operations,Manager,B.Tech,Full-Time,2020-07-09,5,109220,3.1,5,On Leave
4717,EMP04717,Employee_04717,29,Female,Hyderabad,Marketing,Executive,M.Tech,Part-Time,2023-07-26,2,66119,2.8,1,On Leave
4718,EMP04718,Employee_04718,43,Male,Delhi,Operations,Support Engineer,MCA,Contract,2020-09-06,5,127023,4.5,0,Active
4719,EMP04719,Employee_04719,29,Female,Delhi,Admin,Accountant,B.Com,Full-Time,2024-10-15,1,102066,2.8,8,Inactive
4720,EMP04720,Employee_04720,26,Male,Guntur,Finance,Accountant,B.Com,Part-Time,2023-04-12,2,33158,4.2,4,On Leave
4721,EMP04721,Employee_04721,39,Female,Hyderabad,Admin,HR Executive,MBA,Full-Time,2022-11-13,3,147694,4.7,8,Inactive
4722,EMP04722,Employee_04722,22,Female,Vijayawada,Marketing,Support Engineer,B.Tech,Full-Time,2022-08-10,3,46047,3.0,0,On Leave
4723,EMP04723,Employee_04723,42,Female,Bengaluru,Finance,Accountant,B.Com,Full-Time,2022-06-30,3,59614,4.4,6,Active
4724,EMP04724,Employee_04724,24,Male,Kochi,Operations,HR Executive,B.Sc,Part-Time,2024-12-03,1,23314,4.6,11,Active
4725,EMP04725,Employee_04725,36,Male,Chennai,IT,Executive,MBA,Full-Time,2026-04-10,0,109976,3.4,5,Active
4726,EMP04726,Employee_04726,23,Female,Bengaluru,Admin,Manager,M.Tech,Contract,2020-03-23,5,93631,2.9,6,On Leave
4727,EMP04727,Employee_04727,23,Female,Kolkata,IT,HR Executive,MCA,Contract,2023-03-29,2,33032,2.6,7,Active
4728,EMP04728,Employee_04728,43,Female,Bengaluru,Sales,Developer,B.Sc,Contract,2021-09-21,4,87774,2.1,1,Inactive
4729,EMP04729,Employee_04729,40,Female,Vijayawada,IT,Accountant,MBA,Contract,2020-04-24,5,138561,2.3,4,Active
4730,EMP04730,Employee_04730,27,Male,Vijayawada,Operations,Manager,MBA,Part-Time,2025-05-02,0,45676,4.9,12,Inactive
4731,EMP04731,Employee_04731,23,Female,Vijayawada,Marketing,Developer,B.Tech,Contract,2020-07-12,5,29307,2.0,6,On Leave
4732,EMP04732,Employee_04732,22,Female,Guntur,Support,Analyst,MCA,Full-Time,2025-03-07,0,34512,3.5,2,Inactive
4733,EMP04733,Employee_04733,21,Female,Hyderabad,IT,Accountant,B.Tech,Full-Time,2021-01-19,4,106796,4.4,12,Active
4734,EMP04734,Employee_04734,25,Male,Guntur,Sales,Developer,B.Com,Full-Time,2020-01-26,5,54822,2.4,1,On Leave
4735,EMP04735,Employee_04735,24,Male,Guntur,Sales,Tester,M.Tech,Contract,2020-05-26,5,38094,4.3,8,Active
4736,EMP04736,Employee_04736,33,Female,Bengaluru,IT,Analyst,B.Com,Contract,2020-01-22,5,139425,3.3,8,Inactive
4737,EMP04737,Employee_04737,23,Male,Chennai,Operations,Analyst,MCA,Part-Time,2020-11-21,5,129554,2.7,2,Inactive
4738,EMP04738,Employee_04738,39,Male,Guntur,Admin,Manager,B.Tech,Full-Time,2021-07-07,4,104338,3.5,6,Inactive
4739,EMP04739,Employee_04739,25,Female,Delhi,Operations,Developer,B.Sc,Contract,2020-03-21,5,103658,2.8,4,Inactive
4740,EMP04740,Employee_04740,43,Male,Delhi,Marketing,Developer,B.Com,Contract,2021-10-03,4,39922,4.5,10,Inactive
4741,EMP04741,Employee_04741,40,Female,Chennai,Marketing,Manager,MBA,Full-Time,2023-11-15,2,104162,2.0,2,Active
4742,EMP04742,Employee_04742,26,Female,Mumbai,Admin,Accountant,B.Tech,Contract,2024-03-15,1,77544,2.3,7,Active
4743,EMP04743,Employee_04743,21,Male,Kochi,Finance,Developer,B.Sc,Full-Time,2021-09-21,4,58519,2.0,1,On Leave
4744,EMP04744,Employee_04744,35,Female,Mumbai,Marketing,Manager,B.Sc,Contract,2024-08-28,1,129492,4.5,12,On Leave
4745,EMP04745,Employee_04745,38,Male,Hyderabad,Marketing,HR Executive,B.Sc,Full-Time,2025-06-26,0,20851,3.5,3,On Leave
4746,EMP04746,Employee_04746,33,Female,Chennai,Support,Developer,M.Tech,Full-Time,2026-06-27,0,127423,3.2,7,On Leave
4747,EMP04747,Employee_04747,41,Male,Hyderabad,Marketing,Accountant,B.Tech,Part-Time,2024-11-13,1,99759,4.5,9,Inactive
4748,EMP04748,Employee_04748,29,Female,Guntur,Operations,Accountant,MBA,Contract,2023-09-04,2,102076,3.9,4,Active
4749,EMP04749,Employee_04749,43,Female,Chennai,Admin,Executive,M.Tech,Full-Time,2022-10-01,3,136018,2.3,3,On Leave
4750,EMP04750,Employee_04750,45,Male,Vijayawada,Support,HR Executive,B.Com,Part-Time,2025-03-16,0,74355,2.4,12,On Leave
4751,EMP04751,Employee_04751,41,Female,Guntur,Marketing,Support Engineer,M.Tech,Part-Time,2025-12-28,0,93898,2.4,4,On Leave
4752,EMP04752,Employee_04752,27,Male,Mumbai,Sales,HR Executive,MBA,Part-Time,2020-08-28,5,25882,4.2,2,On Leave
4753,EMP04753,Employee_04753,32,Male,Pune,Finance,Executive,B.Com,Part-Time,2023-04-18,2,70755,3.7,8,On Leave
4754,EMP04754,Employee_04754,27,Male,Chennai,Support,Support Engineer,MBA,Contract,2022-09-29,3,109516,3.2,8,Inactive
4755,EMP04755,Employee_04755,40,Male,Kochi,IT,Analyst,B.Sc,Full-Time,2023-05-27,2,56996,4.0,12,On Leave
4756,EMP04756,Employee_04756,41,Male,Delhi,Admin,Accountant,B.Tech,Full-Time,2025-03-26,0,121997,2.2,9,Inactive
4757,EMP04757,Employee_04757,24,Male,Guntur,Finance,Executive,B.Tech,Part-Time,2020-12-31,5,38705,3.1,12,Active
4758,EMP04758,Employee_04758,26,Female,Guntur,Operations,Developer,MCA,Full-Time,2023-01-24,2,37217,2.3,8,Inactive
4759,EMP04759,Employee_04759,40,Male,Delhi,Admin,Manager,B.Tech,Part-Time,2022-04-07,3,135568,4.6,5,Active
4760,EMP04760,Employee_04760,41,Female,Mumbai,Sales,Developer,B.Tech,Full-Time,2020-06-06,5,42242,2.2,10,Inactive
4761,EMP04761,Employee_04761,28,Female,Delhi,Support,Tester,B.Sc,Part-Time,2025-06-22,0,54261,4.3,10,On Leave
4762,EMP04762,Employee_04762,41,Male,Guntur,Sales,Manager,MBA,Part-Time,2024-08-18,1,67465,3.7,10,Inactive
4763,EMP04763,Employee_04763,43,Male,Hyderabad,Admin,Support Engineer,B.Sc,Contract,2022-07-16,3,44334,2.3,3,On Leave
4764,EMP04764,Employee_04764,23,Female,Mumbai,Finance,Executive,B.Tech,Part-Time,2025-05-02,0,90435,2.3,2,On Leave
4765,EMP04765,Employee_04765,44,Male,Kolkata,Sales,Analyst,MBA,Part-Time,2022-11-19,3,117998,4.7,4,Inactive
4766,EMP04766,Employee_04766,43,Female,Kolkata,Marketing,Accountant,B.Com,Full-Time,2021-07-04,4,100044,4.7,0,On Leave
4767,EMP04767,Employee_04767,30,Female,Chennai,Marketing,Support Engineer,MCA,Part-Time,2026-07-19,0,146075,4.6,2,On Leave
4768,EMP04768,Employee_04768,39,Female,Delhi,Operations,Tester,B.Tech,Contract,2026-03-26,0,64794,2.6,12,On Leave
4769,EMP04769,Employee_04769,25,Female,Kochi,Support,Analyst,B.Tech,Part-Time,2023-02-19,2,50012,2.1,1,Inactive
4770,EMP04770,Employee_04770,31,Male,Delhi,Admin,HR Executive,MBA,Full-Time,2025-11-27,0,91338,3.1,9,On Leave
4771,EMP04771,Employee_04771,40,Male,Kochi,Operations,Executive,M.Tech,Full-Time,2024-10-31,1,64327,4.5,3,Active
4772,EMP04772,Employee_04772,41,Female,Chennai,Operations,HR Executive,M.Tech,Full-Time,2021-06-07,4,108809,4.2,3,Inactive
4773,EMP04773,Employee_04773,42,Male,Mumbai,Operations,Accountant,B.Tech,Full-Time,2025-06-19,0,75198,2.3,5,Active
4774,EMP04774,Employee_04774,44,Male,Vijayawada,Sales,Executive,B.Com,Contract,2021-01-24,4,48663,2.2,5,Active
4775,EMP04775,Employee_04775,25,Male,Bengaluru,Operations,Analyst,B.Com,Part-Time,2024-08-11,1,95066,4.5,10,On Leave
4776,EMP04776,Employee_04776,30,Female,Bengaluru,Admin,Analyst,B.Sc,Part-Time,2023-06-19,2,75744,3.7,8,On Leave
4777,EMP04777,Employee_04777,32,Female,Kolkata,Finance,Support Engineer,MBA,Full-Time,2022-06-02,3,39974,4.7,5,On Leave
4778,EMP04778,Employee_04778,27,Male,Bengaluru,Support,Analyst,B.Sc,Full-Time,2025-06-05,0,129288,4.4,3,On Leave
4779,EMP04779,Employee_04779,38,Female,Kolkata,Marketing,Manager,M.Tech,Contract,2021-08-01,4,128283,4.0,10,Inactive
4780,EMP04780,Employee_04780,31,Female,Chennai,IT,Accountant,M.Tech,Part-Time,2025-05-25,0,44974,2.9,6,Active
4781,EMP04781,Employee_04781,33,Male,Kolkata,Operations,HR Executive,MCA,Part-Time,2024-04-21,1,45221,4.1,10,On Leave
4782,EMP04782,Employee_04782,30,Male,Pune,HR,Analyst,B.Tech,Part-Time,2023-02-01,2,38636,3.3,9,Inactive
4783,EMP04783,Employee_04783,31,Female,Chennai,HR,Developer,MBA,Contract,2026-01-28,0,99835,4.9,2,On Leave
4784,EMP04784,Employee_04784,43,Male,Chennai,Sales,Support Engineer,M.Tech,Full-Time,2020-02-10,5,82363,4.3,6,On Leave
4785,EMP04785,Employee_04785,26,Female,Delhi,Support,Analyst,B.Sc,Contract,2023-08-25,2,55909,3.8,1,Active
4786,EMP04786,Employee_04786,44,Female,Bengaluru,Marketing,Tester,M.Tech,Part-Time,2024-12-08,1,81032,4.4,8,Inactive
4787,EMP04787,Employee_04787,27,Female,Delhi,Admin,Accountant,MBA,Part-Time,2023-06-15,2,25773,2.0,10,Active
4788,EMP04788,Employee_04788,34,Male,Bengaluru,Support,Executive,B.Sc,Full-Time,2023-04-17,2,108788,4.6,8,Inactive
4789,EMP04789,Employee_04789,28,Female,Delhi,Admin,HR Executive,MBA,Full-Time,2022-06-27,3,131652,2.6,5,Inactive
4790,EMP04790,Employee_04790,26,Female,Guntur,Support,Developer,MBA,Contract,2020-08-27,5,106226,2.1,11,On Leave
4791,EMP04791,Employee_04791,21,Male,Hyderabad,Support,HR Executive,B.Com,Part-Time,2024-01-02,2,112640,4.1,6,On Leave
4792,EMP04792,Employee_04792,25,Female,Mumbai,HR,Tester,B.Tech,Full-Time,2022-05-06,3,119054,4.3,4,On Leave
4793,EMP04793,Employee_04793,21,Female,Kolkata,Sales,Support Engineer,MCA,Part-Time,2023-01-19,2,86156,2.6,6,Active
4794,EMP04794,Employee_04794,21,Male,Hyderabad,Admin,Analyst,MBA,Contract,2020-01-30,5,35630,3.7,10,Active
4795,EMP04795,Employee_04795,38,Male,Vijayawada,HR,Analyst,MCA,Contract,2025-12-15,0,49916,3.8,11,On Leave
4796,EMP04796,Employee_04796,38,Female,Kochi,Finance,Analyst,MBA,Part-Time,2022-06-21,3,45730,4.9,8,Active
4797,EMP04797,Employee_04797,37,Female,Guntur,IT,Analyst,MCA,Full-Time,2021-02-02,4,37400,3.4,5,On Leave
4798,EMP04798,Employee_04798,43,Male,Chennai,Support,Manager,B.Com,Contract,2024-10-31,1,133221,4.1,5,Active
4799,EMP04799,Employee_04799,25,Female,Guntur,Operations,Analyst,MBA,Part-Time,2023-09-29,2,76941,2.5,1,Active
4800,EMP04800,Employee_04800,27,Female,Mumbai,Sales,Analyst,B.Sc,Part-Time,2020-11-14,5,39874,4.5,12,Active
4801,EMP04801,Employee_04801,42,Female,Delhi,Sales,Accountant,MBA,Contract,2025-06-25,0,129863,4.4,12,Inactive
4802,EMP04802,Employee_04802,23,Female,Delhi,HR,HR Executive,B.Sc,Contract,2020-09-13,5,51433,3.0,12,Active
4803,EMP04803,Employee_04803,26,Female,Kolkata,Sales,HR Executive,B.Sc,Contract,2025-02-09,0,140893,2.3,5,Active
4804,EMP04804,Employee_04804,30,Male,Pune,Sales,Tester,MBA,Full-Time,2022-03-10,3,49846,2.7,5,On Leave
4805,EMP04805,Employee_04805,30,Female,Delhi,Admin,Tester,M.Tech,Contract,2025-04-23,0,127004,4.5,8,Inactive
4806,EMP04806,Employee_04806,43,Male,Bengaluru,Admin,Executive,MCA,Contract,2024-10-18,1,100654,2.9,4,On Leave
4807,EMP04807,Employee_04807,24,Female,Vijayawada,Marketing,Developer,B.Com,Full-Time,2021-12-25,4,51317,4.7,5,Active
4808,EMP04808,Employee_04808,31,Female,Delhi,IT,HR Executive,B.Com,Contract,2020-09-23,5,35376,2.6,12,Inactive
4809,EMP04809,Employee_04809,34,Female,Mumbai,Admin,Accountant,B.Tech,Full-Time,2026-04-23,0,75446,3.6,12,Inactive
4810,EMP04810,Employee_04810,26,Male,Mumbai,HR,Developer,MBA,Part-Time,2020-12-21,5,106988,4.2,10,Inactive
4811,EMP04811,Employee_04811,40,Female,Guntur,Finance,Developer,MBA,Part-Time,2021-07-08,4,134794,3.3,6,On Leave
4812,EMP04812,Employee_04812,28,Female,Vijayawada,Admin,Tester,B.Com,Full-Time,2020-07-20,5,79104,2.6,6,Active
4813,EMP04813,Employee_04813,29,Male,Kolkata,Finance,Developer,B.Tech,Full-Time,2026-04-07,0,71208,3.8,1,On Leave
4814,EMP04814,Employee_04814,22,Male,Vijayawada,HR,Accountant,B.Sc,Contract,2023-02-01,2,82359,3.0,12,On Leave
4815,EMP04815,Employee_04815,22,Female,Guntur,Support,Tester,MBA,Contract,2021-07-07,4,73355,2.2,0,Inactive
4816,EMP04816,Employee_04816,37,Female,Kochi,Admin,Tester,B.Com,Contract,2021-01-30,4,87934,3.4,12,On Leave
4817,EMP04817,Employee_04817,40,Female,Bengaluru,HR,Tester,MCA,Full-Time,2025-07-06,0,111197,3.4,9,Inactive
4818,EMP04818,Employee_04818,34,Male,Guntur,Finance,Executive,M.Tech,Contract,2023-04-18,2,35573,3.9,9,On Leave
4819,EMP04819,Employee_04819,24,Male,Chennai,Admin,HR Executive,MBA,Contract,2023-12-22,2,23439,3.6,10,Inactive
4820,EMP04820,Employee_04820,42,Male,Chennai,Support,Support Engineer,B.Tech,Contract,2026-01-29,0,97081,2.4,0,Active
4821,EMP04821,Employee_04821,31,Female,Chennai,IT,Accountant,MBA,Part-Time,2020-07-22,5,54650,2.8,1,Active
4822,EMP04822,Employee_04822,27,Female,Kochi,Operations,Accountant,MBA,Full-Time,2022-07-02,3,106423,2.5,9,Active
4823,EMP04823,Employee_04823,34,Female,Kochi,Finance,Accountant,B.Tech,Part-Time,2026-05-22,0,36521,5.0,8,Inactive
4824,EMP04824,Employee_04824,37,Male,Chennai,Admin,HR Executive,MBA,Part-Time,2022-04-23,3,129190,3.6,6,Active
4825,EMP04825,Employee_04825,41,Female,Guntur,HR,Tester,M.Tech,Full-Time,2021-04-10,4,69422,3.0,10,Active
4826,EMP04826,Employee_04826,44,Male,Mumbai,Operations,Executive,B.Tech,Full-Time,2023-11-11,2,69741,4.8,8,Active
4827,EMP04827,Employee_04827,37,Female,Hyderabad,IT,Manager,B.Com,Full-Time,2020-05-10,5,104971,3.7,0,On Leave
4828,EMP04828,Employee_04828,22,Male,Pune,Admin,Executive,B.Sc,Full-Time,2025-01-21,0,74341,3.2,4,Active
4829,EMP04829,Employee_04829,41,Female,Bengaluru,Admin,HR Executive,B.Sc,Full-Time,2023-05-09,2,57086,2.9,4,Inactive
4830,EMP04830,Employee_04830,40,Male,Bengaluru,IT,Analyst,MBA,Full-Time,2025-04-05,0,95156,4.2,10,Inactive
4831,EMP04831,Employee_04831,38,Male,Vijayawada,Operations,Developer,M.Tech,Part-Time,2022-12-31,3,52965,2.2,5,On Leave
4832,EMP04832,Employee_04832,34,Female,Hyderabad,Marketing,HR Executive,B.Tech,Contract,2026-05-13,0,79851,2.2,2,Inactive
4833,EMP04833,Employee_04833,23,Male,Mumbai,Operations,Accountant,B.Tech,Part-Time,2023-07-30,2,121912,3.2,7,Inactive
4834,EMP04834,Employee_04834,43,Male,Pune,Admin,Support Engineer,M.Tech,Part-Time,2025-12-16,0,131636,4.3,6,Inactive
4835,EMP04835,Employee_04835,42,Male,Kochi,HR,Accountant,MBA,Contract,2021-01-30,4,139400,2.4,1,On Leave
4836,EMP04836,Employee_04836,21,Male,Chennai,Admin,HR Executive,B.Sc,Contract,2025-05-13,0,146308,3.9,0,Inactive
4837,EMP04837,Employee_04837,31,Male,Hyderabad,IT,Executive,MCA,Contract,2023-06-07,2,65982,3.3,4,Inactive
4838,EMP04838,Employee_04838,41,Female,Guntur,Operations,Tester,M.Tech,Contract,2025-08-12,0,28482,3.3,12,Active
4839,EMP04839,Employee_04839,34,Female,Mumbai,Sales,Manager,B.Tech,Full-Time,2026-01-22,0,97699,3.8,8,On Leave
4840,EMP04840,Employee_04840,25,Female,Hyderabad,Sales,Accountant,B.Com,Part-Time,2026-07-09,0,61742,3.1,6,On Leave
4841,EMP04841,Employee_04841,38,Female,Vijayawada,Support,Support Engineer,B.Sc,Full-Time,2025-07-04,0,114479,4.4,4,On Leave
4842,EMP04842,Employee_04842,29,Male,Pune,Finance,Manager,B.Sc,Part-Time,2021-08-10,4,127720,2.9,0,Inactive
4843,EMP04843,Employee_04843,21,Female,Guntur,Marketing,Executive,M.Tech,Part-Time,2024-02-27,1,85812,2.2,2,On Leave
4844,EMP04844,Employee_04844,39,Female,Vijayawada,Sales,Analyst,B.Com,Contract,2020-01-13,5,91726,4.5,5,Active
4845,EMP04845,Employee_04845,34,Female,Vijayawada,Admin,HR Executive,B.Tech,Full-Time,2024-10-02,1,64482,2.4,10,On Leave
4846,EMP04846,Employee_04846,42,Male,Hyderabad,Finance,Tester,B.Com,Contract,2021-09-15,4,149678,2.2,1,On Leave
4847,EMP04847,Employee_04847,42,Female,Kochi,Sales,HR Executive,MCA,Part-Time,2025-12-03,0,130348,2.8,10,On Leave
4848,EMP04848,Employee_04848,42,Male,Pune,Sales,Executive,MCA,Part-Time,2022-09-28,3,76678,4.3,9,Inactive
4849,EMP04849,Employee_04849,37,Female,Kolkata,Finance,Support Engineer,MCA,Full-Time,2026-03-18,0,73116,3.7,12,Inactive
4850,EMP04850,Employee_04850,38,Female,Delhi,Finance,Manager,B.Sc,Part-Time,2022-05-11,3,131687,4.9,1,Active
4851,EMP04851,Employee_04851,41,Male,Delhi,Finance,Analyst,MCA,Contract,2025-07-04,0,79768,3.4,7,On Leave
4852,EMP04852,Employee_04852,33,Female,Hyderabad,Sales,Executive,B.Com,Full-Time,2020-04-12,5,85017,4.8,9,On Leave
4853,EMP04853,Employee_04853,22,Male,Guntur,Support,Manager,MCA,Full-Time,2023-12-08,2,121444,3.4,11,Active
4854,EMP04854,Employee_04854,33,Female,Vijayawada,Sales,Accountant,B.Tech,Contract,2025-01-15,0,133439,3.4,7,Active
4855,EMP04855,Employee_04855,32,Male,Pune,IT,Support Engineer,B.Sc,Contract,2020-07-04,5,132779,2.8,6,Inactive
4856,EMP04856,Employee_04856,22,Male,Guntur,HR,Developer,M.Tech,Full-Time,2023-02-23,2,129271,2.5,4,Active
4857,EMP04857,Employee_04857,29,Female,Bengaluru,Marketing,Analyst,MCA,Contract,2021-09-12,4,141793,3.5,6,Inactive
4858,EMP04858,Employee_04858,23,Male,Guntur,Sales,Support Engineer,MBA,Full-Time,2024-05-30,1,73436,2.4,4,Inactive
4859,EMP04859,Employee_04859,33,Female,Chennai,Support,Support Engineer,B.Tech,Full-Time,2025-03-28,0,71449,3.8,5,Inactive
4860,EMP04860,Employee_04860,38,Female,Kolkata,IT,Developer,MCA,Contract,2021-07-26,4,96397,4.5,8,On Leave
4861,EMP04861,Employee_04861,34,Male,Mumbai,Operations,Developer,B.Com,Full-Time,2025-09-23,0,131689,4.7,11,Inactive
4862,EMP04862,Employee_04862,30,Male,Delhi,Admin,Support Engineer,B.Com,Full-Time,2020-04-27,5,149916,4.3,11,Inactive
4863,EMP04863,Employee_04863,28,Female,Bengaluru,IT,Accountant,MBA,Contract,2023-08-10,2,118061,4.5,9,On Leave
4864,EMP04864,Employee_04864,35,Female,Mumbai,Support,Analyst,B.Com,Full-Time,2024-12-26,1,55334,2.4,2,Active
4865,EMP04865,Employee_04865,21,Female,Delhi,IT,Accountant,MBA,Contract,2020-05-19,5,56734,3.5,2,Inactive
4866,EMP04866,Employee_04866,43,Male,Delhi,HR,Tester,B.Com,Full-Time,2024-11-24,1,81763,4.6,11,On Leave
4867,EMP04867,Employee_04867,41,Male,Chennai,IT,Accountant,B.Com,Full-Time,2024-03-25,1,20561,2.4,6,Active
4868,EMP04868,Employee_04868,33,Female,Kochi,Sales,Manager,B.Sc,Part-Time,2020-04-13,5,39201,4.9,5,Inactive
4869,EMP04869,Employee_04869,32,Male,Chennai,HR,Tester,M.Tech,Contract,2023-07-29,2,132328,3.0,3,On Leave
4870,EMP04870,Employee_04870,29,Female,Bengaluru,Admin,HR Executive,MCA,Contract,2023-06-20,2,39999,2.6,12,Active
4871,EMP04871,Employee_04871,22,Female,Kochi,Operations,Developer,MBA,Full-Time,2022-05-04,3,80513,3.7,5,Inactive
4872,EMP04872,Employee_04872,40,Female,Pune,Support,Analyst,M.Tech,Full-Time,2024-11-18,1,114818,4.1,0,Active
4873,EMP04873,Employee_04873,36,Male,Bengaluru,Admin,Executive,B.Tech,Contract,2025-10-26,0,94354,2.1,12,Inactive
4874,EMP04874,Employee_04874,40,Male,Mumbai,Operations,Manager,MCA,Part-Time,2026-06-25,0,78083,4.5,2,On Leave
4875,EMP04875,Employee_04875,40,Male,Hyderabad,Finance,Tester,B.Tech,Part-Time,2026-07-15,0,121946,2.4,9,Active
4876,EMP04876,Employee_04876,37,Male,Kolkata,Sales,Analyst,MCA,Full-Time,2020-11-02,5,112155,2.1,6,Active
4877,EMP04877,Employee_04877,22,Female,Kolkata,Support,Support Engineer,B.Com,Contract,2024-07-30,1,86858,4.1,8,On Leave
4878,EMP04878,Employee_04878,38,Male,Kolkata,Support,Support Engineer,B.Com,Part-Time,2020-10-05,5,89256,2.8,0,Active
4879,EMP04879,Employee_04879,36,Female,Kolkata,Admin,Tester,MCA,Part-Time,2022-02-03,3,31485,4.1,5,Active
4880,EMP04880,Employee_04880,33,Male,Delhi,Support,Developer,MCA,Contract,2023-10-09,2,117762,2.5,0,Inactive
4881,EMP04881,Employee_04881,41,Male,Bengaluru,Finance,Executive,B.Com,Full-Time,2023-01-19,2,120586,4.6,5,Inactive
4882,EMP04882,Employee_04882,41,Male,Delhi,IT,Support Engineer,MCA,Full-Time,2024-06-04,1,116297,4.6,6,On Leave
4883,EMP04883,Employee_04883,41,Female,Vijayawada,Sales,Accountant,MCA,Contract,2024-01-17,1,115678,4.1,6,Active
4884,EMP04884,Employee_04884,24,Female,Chennai,IT,Executive,B.Com,Full-Time,2026-07-18,0,98840,3.5,3,Active
4885,EMP04885,Employee_04885,44,Male,Hyderabad,Finance,Accountant,MBA,Part-Time,2026-05-09,0,119608,4.4,0,Inactive
4886,EMP04886,Employee_04886,45,Male,Chennai,HR,Analyst,B.Tech,Contract,2020-10-18,5,98866,2.6,10,On Leave
4887,EMP04887,Employee_04887,25,Male,Pune,Admin,Accountant,B.Sc,Contract,2020-07-20,5,132518,3.9,12,On Leave
4888,EMP04888,Employee_04888,28,Male,Bengaluru,Marketing,Support Engineer,B.Sc,Full-Time,2021-03-22,4,83359,2.0,8,Inactive
4889,EMP04889,Employee_04889,45,Male,Pune,Finance,Accountant,B.Com,Contract,2025-12-27,0,21424,2.6,6,Active
4890,EMP04890,Employee_04890,34,Female,Guntur,IT,Support Engineer,MCA,Full-Time,2024-02-01,1,101857,3.2,8,Active
4891,EMP04891,Employee_04891,43,Female,Pune,HR,Support Engineer,MBA,Part-Time,2020-07-22,5,112452,4.7,9,Active
4892,EMP04892,Employee_04892,31,Female,Vijayawada,HR,Developer,MBA,Part-Time,2021-01-14,4,88663,2.7,8,On Leave
4893,EMP04893,Employee_04893,40,Male,Delhi,HR,Tester,B.Com,Part-Time,2023-01-26,2,45951,4.4,8,Inactive
4894,EMP04894,Employee_04894,40,Male,Hyderabad,IT,HR Executive,B.Com,Part-Time,2021-01-14,4,107423,2.8,7,Active
4895,EMP04895,Employee_04895,33,Female,Delhi,Operations,Executive,M.Tech,Contract,2024-06-08,1,130248,3.6,5,Inactive
4896,EMP04896,Employee_04896,36,Female,Kochi,IT,Manager,M.Tech,Full-Time,2022-06-19,3,148097,3.3,5,Inactive
4897,EMP04897,Employee_04897,45,Male,Guntur,Finance,Manager,MBA,Part-Time,2023-02-27,2,52806,2.7,12,Inactive
4898,EMP04898,Employee_04898,30,Male,Mumbai,Support,Manager,MCA,Contract,2025-09-21,0,46237,3.6,6,Active
4899,EMP04899,Employee_04899,27,Female,Pune,Sales,Analyst,M.Tech,Part-Time,2024-07-12,1,105857,3.6,0,Active
4900,EMP04900,Employee_04900,23,Male,Vijayawada,IT,Manager,MBA,Contract,2022-03-28,3,69635,3.0,1,Inactive
4901,EMP04901,Employee_04901,27,Male,Vijayawada,Finance,Manager,B.Sc,Contract,2025-04-28,0,95884,2.9,9,On Leave
4902,EMP04902,Employee_04902,36,Female,Kolkata,Finance,Manager,B.Com,Contract,2021-03-27,4,117683,2.2,11,On Leave
4903,EMP04903,Employee_04903,42,Male,Delhi,Admin,Tester,B.Tech,Contract,2023-10-29,2,89660,4.0,1,Inactive
4904,EMP04904,Employee_04904,35,Male,Kochi,Admin,Manager,MCA,Contract,2023-06-13,2,89793,2.1,7,Inactive
4905,EMP04905,Employee_04905,44,Female,Vijayawada,IT,HR Executive,B.Tech,Contract,2021-03-03,4,145691,3.0,5,Active
4906,EMP04906,Employee_04906,29,Male,Kochi,Operations,Tester,B.Com,Part-Time,2023-03-30,2,57146,3.0,1,Active
4907,EMP04907,Employee_04907,42,Male,Kolkata,Support,Executive,B.Com,Contract,2026-07-24,0,51040,2.9,5,Inactive
4908,EMP04908,Employee_04908,23,Female,Hyderabad,Support,Tester,MCA,Full-Time,2020-01-25,5,129653,4.5,1,Inactive
4909,EMP04909,Employee_04909,31,Female,Chennai,IT,Analyst,B.Com,Part-Time,2023-06-07,2,73664,5.0,7,On Leave
4910,EMP04910,Employee_04910,29,Female,Mumbai,HR,Support Engineer,MBA,Full-Time,2021-01-26,4,132132,4.8,1,Active
4911,EMP04911,Employee_04911,34,Male,Pune,Marketing,Analyst,M.Tech,Part-Time,2025-04-30,0,88812,2.0,9,On Leave
4912,EMP04912,Employee_04912,21,Female,Vijayawada,HR,Tester,B.Com,Full-Time,2020-10-08,5,19511,3.5,9,Inactive
4913,EMP04913,Employee_04913,32,Female,Delhi,Sales,Accountant,B.Sc,Part-Time,2026-07-15,0,43857,2.8,11,On Leave
4914,EMP04914,Employee_04914,35,Male,Kolkata,IT,Tester,B.Sc,Contract,2020-05-28,5,63833,3.8,6,On Leave
4915,EMP04915,Employee_04915,33,Male,Pune,IT,Developer,MBA,Full-Time,2020-10-07,5,99509,3.6,7,Inactive
4916,EMP04916,Employee_04916,29,Male,Hyderabad,Support,Developer,B.Com,Part-Time,2024-04-26,1,83730,3.0,3,On Leave
4917,EMP04917,Employee_04917,42,Female,Pune,Sales,Developer,B.Tech,Full-Time,2021-05-24,4,30472,3.5,8,Inactive
4918,EMP04918,Employee_04918,28,Male,Chennai,Sales,Accountant,B.Sc,Part-Time,2024-03-26,1,54361,4.4,7,On Leave
4919,EMP04919,Employee_04919,22,Female,Hyderabad,Operations,Developer,B.Com,Part-Time,2023-08-20,2,86608,4.5,2,Active
4920,EMP04920,Employee_04920,27,Female,Delhi,Marketing,Executive,B.Tech,Part-Time,2023-12-31,2,103818,4.5,2,Active
4921,EMP04921,Employee_04921,35,Male,Pune,Operations,HR Executive,B.Com,Full-Time,2026-04-26,0,67763,4.3,5,Inactive
4922,EMP04922,Employee_04922,41,Male,Kochi,Admin,Manager,MBA,Part-Time,2020-08-30,5,117574,4.5,11,Active
4923,EMP04923,Employee_04923,23,Male,Guntur,Marketing,Analyst,B.Tech,Contract,2023-07-11,2,85728,4.0,3,On Leave
4924,EMP04924,Employee_04924,43,Female,Hyderabad,Finance,Support Engineer,B.Com,Full-Time,2020-12-30,5,70458,3.3,6,Inactive
4925,EMP04925,Employee_04925,22,Male,Chennai,Sales,Tester,B.Sc,Part-Time,2020-06-15,5,126197,2.4,12,Inactive
4926,EMP04926,Employee_04926,38,Female,Kolkata,Finance,Manager,B.Com,Full-Time,2022-02-07,3,101674,4.8,4,On Leave
4927,EMP04927,Employee_04927,29,Female,Kochi,Admin,Accountant,B.Com,Part-Time,2025-05-30,0,145438,3.0,9,Inactive
4928,EMP04928,Employee_04928,24,Female,Guntur,Sales,Executive,MBA,Part-Time,2023-07-12,2,60570,3.5,12,Inactive
4929,EMP04929,Employee_04929,32,Male,Bengaluru,Finance,Manager,M.Tech,Full-Time,2024-09-30,1,137030,2.2,1,Active
4930,EMP04930,Employee_04930,41,Female,Chennai,HR,Tester,B.Com,Contract,2022-07-08,3,147240,3.1,3,On Leave
4931,EMP04931,Employee_04931,31,Female,Vijayawada,Marketing,Executive,MCA,Part-Time,2022-05-28,3,93634,4.0,12,On Leave
4932,EMP04932,Employee_04932,38,Female,Pune,IT,Executive,B.Com,Contract,2022-03-31,3,51343,3.1,5,Active
4933,EMP04933,Employee_04933,26,Male,Mumbai,Support,HR Executive,B.Tech,Part-Time,2023-10-23,2,34794,3.1,7,On Leave
4934,EMP04934,Employee_04934,41,Female,Bengaluru,Operations,Accountant,B.Com,Part-Time,2026-06-09,0,57750,4.9,4,Active
4935,EMP04935,Employee_04935,38,Male,Pune,IT,Manager,B.Sc,Full-Time,2020-03-11,5,30169,4.0,1,On Leave
4936,EMP04936,Employee_04936,27,Male,Bengaluru,Support,Executive,B.Sc,Full-Time,2021-07-26,4,106670,4.9,1,Active
4937,EMP04937,Employee_04937,32,Male,Guntur,Sales,Manager,MBA,Contract,2026-03-25,0,85990,2.3,2,On Leave
4938,EMP04938,Employee_04938,24,Female,Bengaluru,Operations,Developer,B.Com,Part-Time,2021-06-06,4,95325,2.8,3,Active
4939,EMP04939,Employee_04939,36,Male,Bengaluru,HR,Support Engineer,MCA,Full-Time,2024-05-27,1,133498,3.5,8,Active
4940,EMP04940,Employee_04940,34,Female,Pune,Operations,Support Engineer,B.Com,Part-Time,2022-01-01,4,96253,2.6,2,On Leave
4941,EMP04941,Employee_04941,27,Male,Bengaluru,IT,Support Engineer,MBA,Full-Time,2020-06-15,5,68398,4.2,11,On Leave
4942,EMP04942,Employee_04942,28,Male,Delhi,Marketing,Support Engineer,B.Com,Full-Time,2025-02-06,0,64134,2.6,8,Inactive
4943,EMP04943,Employee_04943,44,Male,Guntur,IT,Manager,B.Sc,Part-Time,2026-04-09,0,141023,3.3,12,Inactive
4944,EMP04944,Employee_04944,21,Female,Kolkata,HR,Support Engineer,B.Tech,Part-Time,2023-03-10,2,79006,2.0,9,On Leave
4945,EMP04945,Employee_04945,34,Male,Kolkata,HR,Analyst,M.Tech,Contract,2026-04-15,0,147877,4.8,6,Inactive
4946,EMP04946,Employee_04946,42,Male,Pune,HR,Developer,B.Tech,Full-Time,2026-04-20,0,138618,2.8,1,Inactive
4947,EMP04947,Employee_04947,32,Female,Pune,Admin,Executive,B.Com,Full-Time,2021-01-07,4,106303,2.3,5,Active
4948,EMP04948,Employee_04948,36,Female,Guntur,Support,HR Executive,MCA,Part-Time,2021-11-10,4,26981,2.4,12,On Leave
4949,EMP04949,Employee_04949,27,Male,Hyderabad,Support,Support Engineer,B.Tech,Part-Time,2023-01-05,2,36244,2.3,2,On Leave
4950,EMP04950,Employee_04950,35,Female,Mumbai,Sales,Analyst,B.Tech,Part-Time,2022-11-02,3,72197,4.4,6,Inactive
4951,EMP04951,Employee_04951,36,Male,Chennai,Admin,Support Engineer,MCA,Part-Time,2024-12-02,1,35404,4.0,3,Active
4952,EMP04952,Employee_04952,41,Female,Kochi,Sales,Support Engineer,MCA,Part-Time,2026-04-01,0,104683,3.6,9,Active
4953,EMP04953,Employee_04953,26,Female,Delhi,Finance,Analyst,B.Sc,Part-Time,2022-11-13,3,67372,2.3,9,On Leave
4954,EMP04954,Employee_04954,34,Male,Kochi,HR,Developer,M.Tech,Part-Time,2026-02-23,0,29894,3.3,10,Active
4955,EMP04955,Employee_04955,44,Female,Bengaluru,Marketing,Developer,B.Com,Full-Time,2026-06-10,0,48260,3.0,12,On Leave
4956,EMP04956,Employee_04956,21,Female,Vijayawada,Marketing,Manager,MCA,Contract,2023-11-29,2,38760,4.1,10,Inactive
4957,EMP04957,Employee_04957,34,Male,Guntur,Marketing,Accountant,B.Sc,Part-Time,2022-06-16,3,84757,2.2,2,On Leave
4958,EMP04958,Employee_04958,43,Male,Mumbai,Operations,Executive,MCA,Contract,2022-12-29,3,75464,4.1,11,Inactive
4959,EMP04959,Employee_04959,30,Male,Vijayawada,Marketing,Tester,B.Sc,Part-Time,2020-02-23,5,51159,2.8,8,On Leave
4960,EMP04960,Employee_04960,39,Male,Vijayawada,Support,Manager,B.Tech,Contract,2022-08-29,3,122900,3.6,5,Active
4961,EMP04961,Employee_04961,41,Female,Guntur,HR,Tester,B.Sc,Contract,2026-02-22,0,44766,2.5,4,Active
4962,EMP04962,Employee_04962,21,Female,Kochi,IT,HR Executive,M.Tech,Full-Time,2025-06-22,0,60309,2.0,12,Inactive
4963,EMP04963,Employee_04963,42,Female,Delhi,Sales,Executive,B.Tech,Part-Time,2021-02-19,4,101402,3.9,1,Active
4964,EMP04964,Employee_04964,42,Female,Kochi,Admin,Developer,MCA,Part-Time,2021-07-08,4,109825,4.7,3,Active
4965,EMP04965,Employee_04965,41,Female,Kolkata,Admin,Manager,B.Com,Full-Time,2023-06-17,2,79779,3.4,7,Inactive
4966,EMP04966,Employee_04966,36,Female,Pune,Sales,Executive,B.Tech,Full-Time,2020-12-19,5,54269,2.1,1,Active
4967,EMP04967,Employee_04967,31,Female,Mumbai,Admin,Tester,B.Tech,Full-Time,2022-02-02,3,118348,3.7,12,Active
4968,EMP04968,Employee_04968,24,Male,Kochi,Marketing,Tester,B.Sc,Full-Time,2020-10-13,5,111528,2.3,6,Inactive
4969,EMP04969,Employee_04969,27,Male,Kochi,IT,Executive,M.Tech,Contract,2024-11-05,1,40783,3.1,3,Inactive
4970,EMP04970,Employee_04970,24,Female,Pune,Support,HR Executive,MBA,Full-Time,2026-05-17,0,82687,2.2,6,Active
4971,EMP04971,Employee_04971,30,Male,Delhi,HR,Tester,B.Com,Full-Time,2024-06-30,1,127763,4.6,11,Active
4972,EMP04972,Employee_04972,45,Male,Mumbai,Operations,Manager,M.Tech,Contract,2025-10-10,0,53565,2.6,5,Inactive
4973,EMP04973,Employee_04973,27,Female,Vijayawada,Admin,Support Engineer,MCA,Full-Time,2026-05-16,0,85019,3.8,6,On Leave
4974,EMP04974,Employee_04974,32,Female,Hyderabad,Support,Tester,B.Tech,Part-Time,2022-06-25,3,64211,2.4,9,Inactive
4975,EMP04975,Employee_04975,25,Male,Delhi,Marketing,Developer,B.Sc,Part-Time,2020-12-27,5,69453,4.8,12,Inactive
4976,EMP04976,Employee_04976,37,Female,Hyderabad,HR,HR Executive,B.Sc,Full-Time,2025-02-28,0,71574,2.0,7,Inactive
4977,EMP04977,Employee_04977,27,Male,Hyderabad,Operations,Manager,MBA,Contract,2020-03-26,5,88606,3.7,4,On Leave
4978,EMP04978,Employee_04978,27,Female,Chennai,HR,Manager,MBA,Part-Time,2024-06-13,1,126373,4.8,2,On Leave
4979,EMP04979,Employee_04979,30,Female,Kochi,Support,Accountant,M.Tech,Part-Time,2023-07-07,2,71136,3.2,6,Inactive
4980,EMP04980,Employee_04980,41,Female,Pune,IT,Analyst,M.Tech,Full-Time,2025-05-17,0,66737,3.2,8,Active
4981,EMP04981,Employee_04981,25,Male,Bengaluru,Admin,Developer,B.Sc,Contract,2022-06-22,3,145975,3.8,8,Inactive
4982,EMP04982,Employee_04982,24,Female,Kochi,HR,Support Engineer,B.Tech,Part-Time,2025-06-05,0,118874,2.2,9,On Leave
4983,EMP04983,Employee_04983,32,Male,Pune,Marketing,Support Engineer,M.Tech,Full-Time,2025-02-25,0,128747,4.9,6,Inactive
4984,EMP04984,Employee_04984,34,Female,Kochi,Operations,HR Executive,B.Tech,Part-Time,2020-04-29,5,66214,4.5,8,Active
4985,EMP04985,Employee_04985,39,Female,Kochi,Finance,Executive,B.Sc,Contract,2020-02-14,5,117709,3.1,10,Inactive
4986,EMP04986,Employee_04986,37,Female,Hyderabad,Support,Developer,B.Sc,Full-Time,2025-01-24,0,30051,4.7,8,On Leave
4987,EMP04987,Employee_04987,30,Male,Bengaluru,Finance,Developer,B.Sc,Part-Time,2022-06-30,3,144520,4.2,11,Active
4988,EMP04988,Employee_04988,41,Female,Kochi,Operations,Analyst,M.Tech,Contract,2020-04-10,5,54431,4.7,8,Active
4989,EMP04989,Employee_04989,22,Male,Pune,Sales,Support Engineer,M.Tech,Contract,2021-09-23,4,139817,2.5,3,Active
4990,EMP04990,Employee_04990,28,Male,Pune,Admin,Accountant,B.Sc,Contract,2022-06-30,3,112207,2.2,11,On Leave
4991,EMP04991,Employee_04991,40,Female,Vijayawada,Finance,Executive,MBA,Full-Time,2025-02-17,0,59244,3.3,7,On Leave
4992,EMP04992,Employee_04992,43,Female,Guntur,Operations,Analyst,B.Com,Part-Time,2026-03-08,0,94821,2.5,9,On Leave
4993,EMP04993,Employee_04993,37,Male,Hyderabad,Support,Manager,B.Tech,Part-Time,2022-12-01,3,116776,3.0,4,On Leave
4994,EMP04994,Employee_04994,30,Male,Kochi,Admin,Manager,B.Tech,Full-Time,2020-09-21,5,96318,4.4,9,On Leave
4995,EMP04995,Employee_04995,23,Male,Kolkata,Marketing,Executive,M.Tech,Full-Time,2025-10-06,0,34502,2.6,12,On Leave
4996,EMP04996,Employee_04996,30,Male,Bengaluru,Admin,HR Executive,B.Sc,Full-Time,2021-05-05,4,40064,3.7,8,Active
4997,EMP04997,Employee_04997,21,Female,Hyderabad,Marketing,Tester,B.Sc,Full-Time,2023-10-14,2,137163,4.3,4,Inactive
4998,EMP04998,Employee_04998,39,Male,Chennai,Marketing,Tester,B.Tech,Part-Time,2021-01-31,4,61539,3.7,10,Active
4999,EMP04999,Employee_04999,39,Male,Mumbai,IT,Support Engineer,B.Tech,Contract,2024-03-27,1,73863,4.9,6,On Leave
5000,EMP05000,Employee_05000,28,Male,Vijayawada,IT,Support Engineer,MBA,Contract,2024-10-18,1,52790,2.7,1,On Leave
