Order_ID,Customer_ID,Order_Date,City,Category,Gender,Age,Customer_Type,Quantity,Unit_Price,Discount_Percent,Total_Amount,Payment_Method,Order_Status
100001,CUST1229,2025-04-25,Vijayawada,Clothing,Male,55,Regular,1,999,5,949.05,UPI,Delivered
100002,CUST1028,2025-04-06,Kolkata,Groceries,Female,32,Regular,2,799,20,1278.4,Net Banking,Cancelled
100003,CUST1285,2025-01-07,Vijayawada,Groceries,Female,24,New,2,1599,10,2878.2,Cash on Delivery,Delivered
100004,CUST1045,2026-01-03,Delhi,Clothing,Female,23,Premium,3,3999,10,10797.3,Debit Card,Cancelled
100005,CUST1234,2026-08-15,Bengaluru,Clothing,Male,24,Regular,2,299,0,598.0,Debit Card,Returned
100006,CUST1215,2026-01-09,Bengaluru,Clothing,Male,52,Premium,2,1299,10,2338.2,Credit Card,Shipped
100007,CUST1571,2026-04-19,Chennai,Sports,Male,32,New,4,999,25,2997.0,Debit Card,Returned
100008,CUST1323,2025-10-02,Chennai,Mobiles,Female,47,New,1,799,20,639.2,Debit Card,Shipped
100009,CUST1599,2025-09-10,Mumbai,Beauty,Female,32,New,5,2499,10,11245.5,Net Banking,Returned
100010,CUST1164,2025-04-04,Mumbai,Clothing,Female,42,Premium,1,299,5,284.05,Cash on Delivery,Cancelled
100011,CUST1118,2026-07-21,Kolkata,Books,Female,25,Regular,1,5999,25,4499.25,Cash on Delivery,Shipped
100012,CUST1183,2026-04-10,Kolkata,Clothing,Female,50,Premium,1,999,20,799.2,Credit Card,Shipped
100013,CUST1001,2026-01-18,Ahmedabad,Sports,Female,19,New,2,2499,20,3998.4,Debit Card,Cancelled
100014,CUST1081,2025-09-03,Guntur,Mobiles,Male,52,New,1,799,20,639.2,Credit Card,Returned
100015,CUST1434,2026-07-17,Chennai,Groceries,Female,43,Premium,2,999,20,1598.4,Debit Card,Returned
100016,CUST1231,2026-06-14,Guntur,Sports,Male,55,Premium,4,299,5,1136.2,Credit Card,Shipped
100017,CUST1235,2025-01-08,Guntur,Electronics,Female,22,Premium,1,5999,0,5999.0,Credit Card,Cancelled
100018,CUST1585,2026-05-13,Ahmedabad,Mobiles,Male,48,Regular,2,2499,5,4748.1,Credit Card,Delivered
100019,CUST1421,2025-04-10,Delhi,Electronics,Male,21,Regular,4,1299,15,4416.6,Debit Card,Delivered
100020,CUST1460,2025-09-12,Vijayawada,Beauty,Male,35,Regular,2,799,20,1278.4,Credit Card,Delivered
100021,CUST1554,2026-03-30,Hyderabad,Clothing,Male,28,Regular,5,299,0,1495.0,Cash on Delivery,Returned
100022,CUST1389,2025-08-07,Hyderabad,Beauty,Female,47,Regular,4,199,5,756.2,Cash on Delivery,Returned
100023,CUST1060,2025-06-08,Ahmedabad,Electronics,Female,21,New,2,999,5,1898.1,Net Banking,Returned
100024,CUST1521,2026-05-30,Guntur,Home & Kitchen,Male,22,Premium,5,499,0,2495.0,Credit Card,Returned
100025,CUST1041,2025-05-03,Ahmedabad,Clothing,Female,55,Premium,5,799,20,3196.0,Net Banking,Cancelled
100026,CUST1322,2025-09-25,Chennai,Books,Female,26,Premium,2,5999,25,8998.5,Debit Card,Returned
100027,CUST1577,2025-11-20,Guntur,Clothing,Male,50,Regular,1,199,15,169.15,Credit Card,Cancelled
100028,CUST1162,2025-03-12,Delhi,Books,Male,53,Regular,2,1299,10,2338.2,UPI,Shipped
100029,CUST1567,2025-09-28,Vijayawada,Books,Female,31,Premium,1,299,25,224.25,Debit Card,Shipped
100030,CUST1053,2025-09-28,Guntur,Beauty,Female,20,New,5,1999,10,8995.5,Debit Card,Shipped
100031,CUST1438,2025-09-26,Kolkata,Electronics,Male,22,Premium,2,1999,20,3198.4,Credit Card,Delivered
100032,CUST1441,2026-01-14,Vijayawada,Electronics,Female,41,New,5,2499,5,11870.25,Debit Card,Shipped
100033,CUST1417,2025-09-13,Ahmedabad,Home & Kitchen,Male,28,New,1,1299,20,1039.2,Cash on Delivery,Delivered
100034,CUST1255,2025-07-03,Bengaluru,Home & Kitchen,Male,42,New,3,1599,25,3597.75,Cash on Delivery,Shipped
100035,CUST1234,2025-07-24,Chennai,Electronics,Male,43,Regular,4,1299,10,4676.4,Debit Card,Delivered
100036,CUST1410,2025-10-13,Kolkata,Sports,Male,25,Regular,3,5999,20,14397.6,Credit Card,Cancelled
100037,CUST1354,2025-02-09,Pune,Beauty,Male,42,Premium,1,3999,15,3399.15,Credit Card,Cancelled
100038,CUST1552,2025-02-15,Chennai,Sports,Female,22,Premium,4,199,20,636.8,Debit Card,Cancelled
100039,CUST1419,2025-05-08,Pune,Beauty,Female,53,New,3,2499,10,6747.3,Credit Card,Returned
100040,CUST1309,2026-01-24,Mumbai,Electronics,Female,36,New,2,3999,20,6398.4,Cash on Delivery,Cancelled
100041,CUST1219,2026-04-22,Kolkata,Mobiles,Male,23,Regular,4,1999,25,5997.0,Net Banking,Cancelled
100042,CUST1231,2025-04-06,Chennai,Home & Kitchen,Male,20,New,2,5999,10,10798.2,Cash on Delivery,Delivered
100043,CUST1200,2026-04-12,Mumbai,Mobiles,Female,33,New,4,5999,20,19196.8,UPI,Delivered
100044,CUST1531,2026-03-12,Delhi,Electronics,Male,25,Regular,2,499,25,748.5,Credit Card,Returned
100045,CUST1454,2026-06-28,Ahmedabad,Beauty,Female,28,Premium,5,3999,10,17995.5,Cash on Delivery,Returned
100046,CUST1534,2025-09-23,Delhi,Groceries,Female,46,New,2,5999,10,10798.2,Debit Card,Shipped
100047,CUST1083,2025-10-06,Vijayawada,Home & Kitchen,Male,42,Premium,3,1299,20,3117.6,Credit Card,Shipped
100048,CUST1556,2025-03-07,Delhi,Beauty,Male,31,Regular,4,1599,10,5756.4,Cash on Delivery,Delivered
100049,CUST1361,2026-08-13,Bengaluru,Beauty,Female,52,Premium,4,1999,0,7996.0,Net Banking,Shipped
100050,CUST1498,2026-05-15,Hyderabad,Beauty,Female,43,Premium,2,999,15,1698.3,Credit Card,Returned
100051,CUST1404,2025-05-11,Ahmedabad,Electronics,Male,45,New,5,2499,0,12495.0,Cash on Delivery,Shipped
100052,CUST1217,2025-02-21,Delhi,Sports,Female,42,Regular,3,1599,10,4317.3,Cash on Delivery,Cancelled
100053,CUST1553,2025-03-25,Hyderabad,Sports,Male,22,Premium,4,199,25,597.0,UPI,Delivered
100054,CUST1157,2025-09-11,Chennai,Home & Kitchen,Female,25,Premium,2,199,20,318.4,Credit Card,Returned
100055,CUST1118,2025-09-20,Vijayawada,Books,Male,55,New,3,499,20,1197.6,Debit Card,Returned
100056,CUST1249,2026-02-11,Guntur,Books,Male,54,New,2,299,20,478.4,Debit Card,Returned
100057,CUST1350,2026-01-15,Hyderabad,Beauty,Female,24,Regular,1,2499,25,1874.25,Debit Card,Returned
100058,CUST1535,2025-06-06,Bengaluru,Mobiles,Female,45,Premium,4,499,25,1497.0,Net Banking,Cancelled
100059,CUST1462,2025-11-27,Chennai,Mobiles,Female,39,New,2,299,10,538.2,Cash on Delivery,Cancelled
100060,CUST1265,2025-07-06,Pune,Books,Female,53,New,4,799,10,2876.4,Net Banking,Shipped
100061,CUST1569,2025-03-29,Chennai,Mobiles,Female,46,New,2,1599,15,2718.3,UPI,Cancelled
100062,CUST1596,2025-08-15,Pune,Mobiles,Female,45,Premium,4,799,10,2876.4,Net Banking,Cancelled
100063,CUST1258,2025-12-27,Chennai,Clothing,Male,38,New,4,999,10,3596.4,Net Banking,Shipped
100064,CUST1538,2025-07-16,Ahmedabad,Books,Male,30,Regular,2,1999,10,3598.2,Credit Card,Cancelled
100065,CUST1547,2025-07-03,Vijayawada,Books,Male,21,Premium,3,199,25,447.75,Debit Card,Shipped
100066,CUST1292,2026-05-18,Delhi,Mobiles,Female,39,New,1,199,20,159.2,UPI,Cancelled
100067,CUST1504,2026-05-05,Guntur,Electronics,Male,27,Premium,1,299,15,254.15,Debit Card,Delivered
100068,CUST1232,2025-09-12,Kolkata,Beauty,Female,46,Regular,1,2499,15,2124.15,Net Banking,Returned
100069,CUST1102,2025-11-09,Chennai,Groceries,Female,23,New,5,3999,0,19995.0,Credit Card,Shipped
100070,CUST1419,2026-07-20,Delhi,Mobiles,Female,20,New,1,499,0,499.0,Debit Card,Cancelled
100071,CUST1271,2026-04-10,Ahmedabad,Groceries,Female,25,Premium,1,5999,5,5699.05,Credit Card,Shipped
100072,CUST1170,2025-09-30,Bengaluru,Books,Female,25,Regular,2,299,0,598.0,Debit Card,Returned
100073,CUST1449,2025-10-06,Guntur,Electronics,Female,38,Premium,5,2499,15,10620.75,Debit Card,Delivered
100074,CUST1022,2025-04-04,Bengaluru,Electronics,Male,48,Premium,2,5999,20,9598.4,Cash on Delivery,Cancelled
100075,CUST1504,2025-07-05,Guntur,Mobiles,Female,44,Regular,5,1599,25,5996.25,Debit Card,Delivered
100076,CUST1508,2025-06-14,Bengaluru,Beauty,Male,47,New,3,1599,25,3597.75,Debit Card,Cancelled
100077,CUST1002,2025-11-28,Kolkata,Mobiles,Female,21,New,1,1599,20,1279.2,Net Banking,Cancelled
100078,CUST1274,2026-05-26,Kolkata,Home & Kitchen,Female,46,Premium,4,199,5,756.2,Cash on Delivery,Delivered
100079,CUST1163,2025-01-30,Bengaluru,Electronics,Female,23,New,5,799,25,2996.25,UPI,Returned
100080,CUST1299,2025-05-01,Kolkata,Books,Female,48,Regular,2,1999,25,2998.5,Credit Card,Returned
100081,CUST1521,2026-07-19,Vijayawada,Clothing,Female,44,Regular,2,1599,5,3038.1,Net Banking,Cancelled
100082,CUST1594,2025-01-03,Delhi,Home & Kitchen,Female,52,Regular,3,999,20,2397.6,Debit Card,Cancelled
100083,CUST1330,2026-07-20,Chennai,Groceries,Female,32,Regular,5,1599,15,6795.75,UPI,Cancelled
100084,CUST1156,2026-04-30,Delhi,Electronics,Male,50,Premium,4,1599,25,4797.0,Debit Card,Delivered
100085,CUST1016,2026-03-27,Vijayawada,Beauty,Male,22,Regular,1,2499,15,2124.15,Debit Card,Cancelled
100086,CUST1547,2026-02-12,Mumbai,Sports,Female,52,New,1,1299,25,974.25,Net Banking,Delivered
100087,CUST1093,2025-08-29,Mumbai,Clothing,Male,46,New,3,799,25,1797.75,Debit Card,Delivered
100088,CUST1368,2025-02-17,Pune,Beauty,Male,33,Premium,3,199,10,537.3,Cash on Delivery,Shipped
100089,CUST1392,2025-06-24,Ahmedabad,Groceries,Female,55,New,2,299,20,478.4,Credit Card,Returned
100090,CUST1010,2025-09-18,Delhi,Books,Male,22,Regular,4,999,25,2997.0,Debit Card,Cancelled
100091,CUST1204,2026-03-11,Mumbai,Mobiles,Male,33,Regular,3,1999,10,5397.3,Net Banking,Cancelled
100092,CUST1406,2026-08-12,Bengaluru,Electronics,Male,49,Regular,3,999,0,2997.0,Credit Card,Cancelled
100093,CUST1141,2025-08-13,Guntur,Electronics,Female,46,New,2,3999,10,7198.2,Net Banking,Cancelled
100094,CUST1426,2025-05-15,Vijayawada,Groceries,Male,52,Regular,1,999,10,899.1,Net Banking,Cancelled
100095,CUST1347,2025-06-18,Guntur,Mobiles,Male,27,New,3,1999,10,5397.3,Cash on Delivery,Cancelled
100096,CUST1550,2025-04-03,Guntur,Mobiles,Female,34,Premium,4,199,10,716.4,Cash on Delivery,Cancelled
100097,CUST1575,2025-04-21,Pune,Groceries,Male,47,Premium,2,1999,0,3998.0,Debit Card,Returned
100098,CUST1312,2025-04-30,Delhi,Clothing,Male,33,Premium,2,199,0,398.0,Credit Card,Returned
100099,CUST1554,2026-04-10,Mumbai,Home & Kitchen,Female,24,Regular,3,5999,25,13497.75,Net Banking,Returned
100100,CUST1455,2025-10-14,Delhi,Groceries,Female,24,Premium,1,1299,5,1234.05,Debit Card,Cancelled
100101,CUST1126,2025-03-04,Delhi,Clothing,Male,19,New,4,999,5,3796.2,Debit Card,Shipped
100102,CUST1568,2025-05-09,Chennai,Groceries,Male,39,New,5,799,0,3995.0,Net Banking,Delivered
100103,CUST1257,2025-10-11,Vijayawada,Clothing,Male,26,New,2,499,20,798.4,Debit Card,Shipped
100104,CUST1272,2026-08-26,Hyderabad,Home & Kitchen,Female,51,New,3,199,5,567.15,UPI,Returned
100105,CUST1112,2026-04-05,Delhi,Groceries,Male,51,Regular,3,2499,20,5997.6,Cash on Delivery,Delivered
100106,CUST1111,2025-03-04,Delhi,Mobiles,Male,23,Regular,4,1599,15,5436.6,Net Banking,Shipped
100107,CUST1600,2025-03-09,Kolkata,Sports,Female,51,Regular,2,999,20,1598.4,Cash on Delivery,Returned
100108,CUST1565,2025-04-12,Chennai,Beauty,Female,32,Regular,1,5999,25,4499.25,Debit Card,Returned
100109,CUST1438,2026-02-13,Pune,Books,Female,27,Premium,4,299,10,1076.4,Cash on Delivery,Delivered
100110,CUST1099,2025-04-04,Pune,Home & Kitchen,Male,55,Premium,1,299,15,254.15,Net Banking,Cancelled
100111,CUST1434,2025-05-06,Hyderabad,Books,Female,40,New,4,1299,25,3897.0,Net Banking,Shipped
100112,CUST1359,2025-06-08,Kolkata,Sports,Male,35,Premium,4,799,0,3196.0,Credit Card,Returned
100113,CUST1571,2026-07-29,Hyderabad,Books,Male,29,Regular,5,3999,25,14996.25,Debit Card,Cancelled
100114,CUST1580,2025-12-26,Mumbai,Clothing,Male,19,New,1,499,5,474.05,Net Banking,Shipped
100115,CUST1162,2026-01-21,Pune,Books,Female,54,Premium,4,1999,10,7196.4,UPI,Delivered
100116,CUST1084,2025-06-09,Bengaluru,Mobiles,Female,49,Premium,2,3999,0,7998.0,Cash on Delivery,Returned
100117,CUST1354,2025-10-07,Mumbai,Clothing,Female,55,Regular,2,2499,0,4998.0,Net Banking,Cancelled
100118,CUST1057,2025-02-16,Hyderabad,Groceries,Female,31,New,2,1599,20,2558.4,Debit Card,Cancelled
100119,CUST1441,2025-12-02,Vijayawada,Home & Kitchen,Female,52,Premium,1,199,15,169.15,Credit Card,Cancelled
100120,CUST1020,2025-03-15,Delhi,Clothing,Female,54,Regular,4,199,15,676.6,Net Banking,Returned
100121,CUST1022,2026-03-04,Pune,Home & Kitchen,Female,41,New,3,299,15,762.45,Cash on Delivery,Delivered
100122,CUST1537,2025-09-07,Guntur,Beauty,Female,39,New,4,3999,15,13596.6,Debit Card,Shipped
100123,CUST1544,2025-03-20,Kolkata,Groceries,Female,40,Premium,5,5999,0,29995.0,Credit Card,Shipped
100124,CUST1178,2025-04-16,Ahmedabad,Home & Kitchen,Male,29,Premium,2,999,5,1898.1,Cash on Delivery,Returned
100125,CUST1579,2026-08-01,Ahmedabad,Sports,Female,27,Regular,5,1999,25,7496.25,UPI,Returned
100126,CUST1058,2026-03-29,Pune,Clothing,Female,47,Regular,3,999,20,2397.6,UPI,Delivered
100127,CUST1093,2026-01-13,Ahmedabad,Beauty,Female,55,Premium,3,299,25,672.75,UPI,Returned
100128,CUST1488,2026-08-09,Kolkata,Home & Kitchen,Male,46,New,2,1299,20,2078.4,Debit Card,Delivered
100129,CUST1449,2026-06-01,Delhi,Home & Kitchen,Female,41,Regular,2,199,5,378.1,Cash on Delivery,Returned
100130,CUST1343,2025-12-13,Guntur,Sports,Male,53,Premium,5,199,25,746.25,Cash on Delivery,Cancelled
100131,CUST1084,2025-09-16,Ahmedabad,Home & Kitchen,Female,37,Premium,5,499,10,2245.5,Cash on Delivery,Shipped
100132,CUST1386,2026-09-02,Pune,Home & Kitchen,Male,45,Premium,1,999,20,799.2,Debit Card,Delivered
100133,CUST1350,2026-01-07,Delhi,Groceries,Male,26,New,3,499,5,1422.15,UPI,Cancelled
100134,CUST1540,2025-04-14,Hyderabad,Sports,Male,42,New,5,2499,25,9371.25,Credit Card,Shipped
100135,CUST1374,2025-06-19,Chennai,Mobiles,Female,46,New,4,199,15,676.6,Net Banking,Shipped
100136,CUST1585,2025-11-13,Delhi,Mobiles,Female,42,Premium,4,799,10,2876.4,Net Banking,Returned
100137,CUST1257,2025-06-15,Hyderabad,Mobiles,Female,53,New,2,3999,5,7598.1,Net Banking,Delivered
100138,CUST1461,2025-10-19,Kolkata,Home & Kitchen,Female,23,New,1,499,10,449.1,Cash on Delivery,Cancelled
100139,CUST1515,2025-01-28,Pune,Groceries,Female,23,Regular,4,199,15,676.6,Credit Card,Delivered
100140,CUST1150,2025-11-23,Vijayawada,Electronics,Female,48,Premium,1,5999,10,5399.1,Credit Card,Returned
100141,CUST1020,2026-04-05,Bengaluru,Groceries,Male,53,Premium,5,199,0,995.0,Net Banking,Returned
100142,CUST1125,2025-04-24,Hyderabad,Groceries,Female,47,New,3,799,10,2157.3,UPI,Returned
100143,CUST1528,2026-09-04,Ahmedabad,Groceries,Male,36,Regular,5,199,25,746.25,UPI,Cancelled
100144,CUST1088,2025-09-04,Kolkata,Sports,Male,51,Premium,5,1599,5,7595.25,Net Banking,Delivered
100145,CUST1397,2026-02-04,Pune,Books,Male,40,New,4,199,25,597.0,Debit Card,Shipped
100146,CUST1046,2025-04-17,Pune,Sports,Male,47,Premium,5,1299,5,6170.25,Cash on Delivery,Shipped
100147,CUST1301,2025-05-19,Chennai,Electronics,Male,20,Regular,1,1999,0,1999.0,Debit Card,Returned
100148,CUST1196,2026-07-11,Bengaluru,Sports,Male,39,Regular,4,999,0,3996.0,UPI,Cancelled
100149,CUST1348,2026-03-24,Vijayawada,Mobiles,Female,41,Premium,4,1999,15,6796.6,Debit Card,Delivered
100150,CUST1185,2026-03-11,Kolkata,Books,Female,24,New,1,1599,20,1279.2,Debit Card,Cancelled
100151,CUST1437,2025-11-10,Vijayawada,Mobiles,Female,46,New,4,3999,25,11997.0,Debit Card,Returned
100152,CUST1416,2025-10-09,Pune,Home & Kitchen,Male,27,Premium,1,299,25,224.25,Cash on Delivery,Delivered
100153,CUST1376,2025-05-10,Pune,Beauty,Male,27,Premium,1,799,25,599.25,Cash on Delivery,Cancelled
100154,CUST1141,2026-01-16,Kolkata,Sports,Female,38,Premium,4,299,20,956.8,Debit Card,Shipped
100155,CUST1531,2025-04-27,Mumbai,Clothing,Female,34,Premium,1,499,15,424.15,Cash on Delivery,Shipped
100156,CUST1126,2026-09-19,Vijayawada,Clothing,Female,29,Premium,3,1999,5,5697.15,Cash on Delivery,Delivered
100157,CUST1556,2025-11-24,Bengaluru,Books,Male,29,Regular,3,299,20,717.6,Net Banking,Shipped
100158,CUST1506,2025-05-05,Hyderabad,Sports,Female,47,Premium,2,499,5,948.1,Credit Card,Delivered
100159,CUST1491,2025-03-09,Kolkata,Beauty,Female,54,New,3,1599,25,3597.75,Credit Card,Cancelled
100160,CUST1530,2025-03-17,Pune,Home & Kitchen,Male,26,Regular,4,1999,25,5997.0,Net Banking,Delivered
100161,CUST1169,2025-05-08,Vijayawada,Sports,Male,40,Premium,5,499,10,2245.5,Debit Card,Delivered
100162,CUST1282,2025-09-14,Vijayawada,Books,Male,50,Premium,2,5999,20,9598.4,Credit Card,Shipped
100163,CUST1578,2025-06-25,Hyderabad,Electronics,Male,20,Premium,5,3999,10,17995.5,Net Banking,Cancelled
100164,CUST1032,2025-08-04,Delhi,Books,Female,48,New,5,1599,20,6396.0,Cash on Delivery,Cancelled
100165,CUST1451,2026-04-10,Mumbai,Mobiles,Female,31,Regular,1,199,5,189.05,Net Banking,Shipped
100166,CUST1134,2025-11-17,Pune,Clothing,Female,33,Regular,3,1299,15,3312.45,UPI,Cancelled
100167,CUST1052,2026-04-06,Bengaluru,Beauty,Female,33,New,2,499,0,998.0,Debit Card,Cancelled
100168,CUST1479,2025-07-14,Delhi,Books,Female,19,New,2,1999,20,3198.4,Cash on Delivery,Returned
100169,CUST1050,2025-09-04,Hyderabad,Books,Female,48,Regular,2,3999,10,7198.2,Net Banking,Delivered
100170,CUST1375,2025-04-21,Mumbai,Sports,Male,43,New,4,499,10,1796.4,Net Banking,Shipped
100171,CUST1396,2026-01-07,Kolkata,Mobiles,Female,25,New,5,999,0,4995.0,UPI,Returned
100172,CUST1148,2026-01-18,Chennai,Beauty,Male,20,New,3,2499,10,6747.3,Credit Card,Cancelled
100173,CUST1528,2026-05-01,Vijayawada,Sports,Female,28,Regular,5,1999,5,9495.25,Net Banking,Cancelled
100174,CUST1546,2026-08-31,Delhi,Books,Female,19,Regular,3,2499,20,5997.6,Debit Card,Delivered
100175,CUST1028,2026-03-03,Ahmedabad,Mobiles,Female,55,Premium,5,999,25,3746.25,Credit Card,Delivered
100176,CUST1390,2026-08-21,Vijayawada,Groceries,Male,54,Premium,4,499,20,1596.8,UPI,Shipped
100177,CUST1156,2025-01-20,Mumbai,Groceries,Female,50,Premium,4,1299,15,4416.6,Cash on Delivery,Delivered
100178,CUST1333,2025-05-22,Delhi,Beauty,Female,29,Regular,5,799,20,3196.0,Net Banking,Cancelled
100179,CUST1271,2026-07-14,Ahmedabad,Mobiles,Male,33,Regular,3,5999,25,13497.75,Net Banking,Cancelled
100180,CUST1213,2025-08-19,Delhi,Sports,Female,40,Premium,3,999,25,2247.75,Debit Card,Cancelled
100181,CUST1389,2025-05-05,Mumbai,Sports,Male,36,New,5,5999,20,23996.0,Debit Card,Delivered
100182,CUST1491,2025-12-21,Chennai,Groceries,Female,53,Premium,4,5999,10,21596.4,Debit Card,Shipped
100183,CUST1249,2025-04-22,Hyderabad,Groceries,Male,21,New,5,3999,5,18995.25,Cash on Delivery,Cancelled
100184,CUST1006,2026-04-29,Kolkata,Home & Kitchen,Female,48,Regular,1,5999,5,5699.05,Credit Card,Cancelled
100185,CUST1092,2025-11-25,Ahmedabad,Groceries,Male,29,Regular,3,5999,0,17997.0,Credit Card,Delivered
100186,CUST1297,2026-02-11,Hyderabad,Electronics,Female,54,Premium,4,499,25,1497.0,UPI,Cancelled
100187,CUST1537,2025-10-19,Delhi,Home & Kitchen,Female,35,New,4,5999,20,19196.8,UPI,Cancelled
100188,CUST1191,2025-06-16,Hyderabad,Sports,Female,54,Premium,4,5999,10,21596.4,Credit Card,Shipped
100189,CUST1336,2026-09-18,Guntur,Beauty,Male,29,New,4,1599,20,5116.8,Cash on Delivery,Cancelled
100190,CUST1242,2025-09-12,Delhi,Books,Female,37,Premium,1,999,15,849.15,Net Banking,Delivered
100191,CUST1122,2025-09-25,Delhi,Books,Male,43,Premium,3,799,0,2397.0,Net Banking,Cancelled
100192,CUST1227,2025-05-01,Chennai,Home & Kitchen,Female,27,Regular,3,1299,20,3117.6,Net Banking,Cancelled
100193,CUST1224,2026-03-02,Chennai,Clothing,Female,51,Premium,5,1999,20,7996.0,Debit Card,Delivered
100194,CUST1518,2026-08-01,Chennai,Home & Kitchen,Male,38,Premium,1,199,20,159.2,Cash on Delivery,Delivered
100195,CUST1523,2025-07-30,Delhi,Electronics,Female,26,Premium,5,1999,0,9995.0,Cash on Delivery,Returned
100196,CUST1316,2026-08-01,Hyderabad,Beauty,Female,18,Premium,1,2499,15,2124.15,Credit Card,Delivered
100197,CUST1066,2025-02-16,Kolkata,Electronics,Male,48,New,4,1299,25,3897.0,Debit Card,Returned
100198,CUST1431,2025-07-04,Pune,Beauty,Female,42,Regular,2,5999,25,8998.5,UPI,Shipped
100199,CUST1403,2025-12-23,Kolkata,Home & Kitchen,Male,18,New,1,499,20,399.2,Debit Card,Returned
100200,CUST1236,2026-07-12,Chennai,Mobiles,Female,27,Regular,4,2499,15,8496.6,Credit Card,Delivered
100201,CUST1247,2025-02-02,Chennai,Clothing,Male,20,Regular,4,3999,0,15996.0,Net Banking,Delivered
100202,CUST1240,2025-09-08,Kolkata,Groceries,Male,26,Premium,1,1599,15,1359.15,Debit Card,Shipped
100203,CUST1329,2026-08-13,Chennai,Books,Male,51,New,3,3999,20,9597.6,Cash on Delivery,Cancelled
100204,CUST1180,2025-10-09,Mumbai,Mobiles,Male,40,Premium,1,2499,20,1999.2,Cash on Delivery,Cancelled
100205,CUST1386,2026-03-03,Vijayawada,Mobiles,Male,32,Regular,4,499,10,1796.4,Credit Card,Returned
100206,CUST1571,2025-03-01,Kolkata,Home & Kitchen,Female,33,Regular,5,1599,15,6795.75,Credit Card,Cancelled
100207,CUST1549,2025-03-22,Chennai,Electronics,Female,42,Premium,4,1299,0,5196.0,Net Banking,Delivered
100208,CUST1573,2025-03-16,Chennai,Mobiles,Male,39,Regular,2,3999,25,5998.5,UPI,Shipped
100209,CUST1210,2025-07-14,Mumbai,Groceries,Female,36,Regular,1,1999,5,1899.05,Cash on Delivery,Cancelled
100210,CUST1510,2025-11-12,Delhi,Clothing,Female,38,New,3,1299,20,3117.6,Debit Card,Cancelled
100211,CUST1150,2026-02-28,Hyderabad,Books,Female,36,New,1,3999,5,3799.05,Credit Card,Cancelled
100212,CUST1512,2025-08-24,Kolkata,Sports,Female,49,Premium,4,3999,5,15196.2,Cash on Delivery,Returned
100213,CUST1560,2025-06-22,Delhi,Home & Kitchen,Male,51,New,3,499,5,1422.15,UPI,Delivered
100214,CUST1237,2025-01-07,Guntur,Home & Kitchen,Male,31,Premium,4,499,25,1497.0,Cash on Delivery,Cancelled
100215,CUST1495,2025-03-03,Delhi,Electronics,Male,52,Premium,5,5999,25,22496.25,Cash on Delivery,Delivered
100216,CUST1294,2025-01-18,Hyderabad,Beauty,Male,24,New,5,999,20,3996.0,Net Banking,Shipped
100217,CUST1259,2025-09-04,Pune,Books,Female,23,Regular,2,3999,20,6398.4,Cash on Delivery,Returned
100218,CUST1083,2026-08-02,Hyderabad,Clothing,Female,42,Regular,2,799,10,1438.2,Net Banking,Returned
100219,CUST1512,2025-02-27,Mumbai,Sports,Male,51,New,1,499,0,499.0,Credit Card,Shipped
100220,CUST1077,2026-08-04,Bengaluru,Electronics,Male,38,New,4,999,0,3996.0,Credit Card,Shipped
100221,CUST1578,2026-02-12,Chennai,Beauty,Female,42,Premium,1,999,5,949.05,Credit Card,Delivered
100222,CUST1448,2026-05-28,Chennai,Clothing,Female,43,Regular,3,199,0,597.0,UPI,Cancelled
100223,CUST1567,2026-04-07,Mumbai,Beauty,Male,55,Premium,4,799,10,2876.4,Cash on Delivery,Delivered
100224,CUST1275,2025-10-30,Vijayawada,Beauty,Male,42,Regular,2,299,0,598.0,Debit Card,Delivered
100225,CUST1369,2025-04-04,Bengaluru,Clothing,Male,23,New,1,999,15,849.15,Cash on Delivery,Returned
100226,CUST1106,2026-07-25,Hyderabad,Clothing,Female,53,New,5,2499,15,10620.75,Net Banking,Cancelled
100227,CUST1398,2026-01-30,Guntur,Groceries,Male,42,New,1,999,15,849.15,Credit Card,Cancelled
100228,CUST1065,2025-11-05,Vijayawada,Beauty,Female,44,Regular,3,1999,5,5697.15,Cash on Delivery,Delivered
100229,CUST1508,2026-01-05,Ahmedabad,Groceries,Female,24,New,3,799,25,1797.75,Debit Card,Delivered
100230,CUST1338,2026-02-10,Delhi,Sports,Female,26,Regular,3,3999,15,10197.45,Debit Card,Shipped
100231,CUST1327,2026-05-06,Bengaluru,Mobiles,Male,38,Regular,3,499,15,1272.45,Debit Card,Returned
100232,CUST1559,2026-01-09,Vijayawada,Electronics,Female,31,Regular,1,3999,5,3799.05,Debit Card,Delivered
100233,CUST1311,2026-02-23,Chennai,Books,Male,45,Regular,4,499,25,1497.0,UPI,Returned
100234,CUST1548,2026-09-05,Kolkata,Beauty,Male,41,Premium,4,3999,15,13596.6,Net Banking,Delivered
100235,CUST1364,2025-04-22,Vijayawada,Electronics,Female,39,Regular,2,5999,25,8998.5,UPI,Delivered
100236,CUST1532,2025-04-11,Kolkata,Groceries,Female,41,Regular,3,799,20,1917.6,Cash on Delivery,Shipped
100237,CUST1303,2025-12-20,Mumbai,Clothing,Male,27,Regular,1,1999,0,1999.0,Debit Card,Cancelled
100238,CUST1357,2026-04-12,Delhi,Clothing,Female,46,Regular,2,2499,15,4248.3,UPI,Cancelled
100239,CUST1112,2025-02-15,Vijayawada,Groceries,Male,53,New,1,199,10,179.1,Debit Card,Returned
100240,CUST1189,2026-04-19,Vijayawada,Beauty,Female,19,Premium,2,1599,25,2398.5,Net Banking,Shipped
100241,CUST1005,2026-04-06,Chennai,Groceries,Female,22,Premium,5,1599,15,6795.75,UPI,Shipped
100242,CUST1117,2026-01-10,Bengaluru,Mobiles,Female,42,Premium,3,799,15,2037.45,Cash on Delivery,Delivered
100243,CUST1177,2025-12-23,Bengaluru,Clothing,Male,38,New,3,1999,20,4797.6,Credit Card,Cancelled
100244,CUST1145,2025-04-30,Kolkata,Beauty,Female,26,Premium,2,1299,25,1948.5,Cash on Delivery,Returned
100245,CUST1178,2025-07-10,Kolkata,Home & Kitchen,Female,36,New,4,5999,20,19196.8,Credit Card,Cancelled
100246,CUST1010,2026-04-07,Delhi,Home & Kitchen,Male,42,Premium,5,199,10,895.5,Net Banking,Returned
100247,CUST1455,2026-02-23,Delhi,Home & Kitchen,Male,54,New,4,1599,25,4797.0,Credit Card,Cancelled
100248,CUST1296,2025-02-03,Vijayawada,Mobiles,Female,53,Premium,3,799,20,1917.6,UPI,Delivered
100249,CUST1043,2025-10-02,Delhi,Groceries,Female,24,Premium,5,1299,20,5196.0,Credit Card,Cancelled
100250,CUST1090,2025-02-03,Delhi,Clothing,Male,31,Premium,4,999,10,3596.4,Net Banking,Cancelled
100251,CUST1143,2026-09-17,Chennai,Groceries,Male,54,Regular,4,499,20,1596.8,Net Banking,Cancelled
100252,CUST1300,2026-09-04,Bengaluru,Books,Male,26,Regular,5,499,10,2245.5,UPI,Cancelled
100253,CUST1330,2025-05-10,Chennai,Beauty,Female,27,Premium,2,799,5,1518.1,Debit Card,Returned
100254,CUST1096,2026-01-20,Mumbai,Books,Female,47,Regular,4,299,25,897.0,Debit Card,Delivered
100255,CUST1367,2025-04-06,Guntur,Beauty,Male,45,New,4,5999,25,17997.0,Cash on Delivery,Cancelled
100256,CUST1592,2025-11-27,Vijayawada,Mobiles,Female,21,New,3,1299,20,3117.6,UPI,Returned
100257,CUST1468,2025-01-17,Hyderabad,Beauty,Male,26,Premium,1,499,15,424.15,Debit Card,Shipped
100258,CUST1257,2025-10-08,Guntur,Sports,Male,21,Regular,1,5999,10,5399.1,Debit Card,Shipped
100259,CUST1219,2026-03-16,Delhi,Clothing,Male,55,New,1,299,0,299.0,Net Banking,Returned
100260,CUST1433,2025-01-10,Vijayawada,Mobiles,Male,32,Regular,1,1299,0,1299.0,UPI,Delivered
100261,CUST1141,2025-04-16,Mumbai,Home & Kitchen,Male,22,Premium,3,1299,10,3507.3,Net Banking,Delivered
100262,CUST1219,2026-09-17,Vijayawada,Beauty,Female,31,New,2,1999,10,3598.2,UPI,Shipped
100263,CUST1440,2025-05-07,Pune,Home & Kitchen,Male,35,Premium,5,1599,10,7195.5,UPI,Shipped
100264,CUST1292,2026-07-21,Hyderabad,Books,Male,51,Premium,5,3999,25,14996.25,Net Banking,Shipped
100265,CUST1246,2026-02-06,Delhi,Beauty,Male,33,Regular,3,5999,0,17997.0,Net Banking,Delivered
100266,CUST1136,2026-06-25,Mumbai,Beauty,Female,52,Premium,1,1299,10,1169.1,Credit Card,Returned
100267,CUST1015,2025-03-16,Bengaluru,Groceries,Male,21,Regular,1,3999,0,3999.0,Net Banking,Cancelled
100268,CUST1412,2026-05-29,Guntur,Home & Kitchen,Female,23,Regular,4,1599,25,4797.0,UPI,Shipped
100269,CUST1068,2025-06-09,Bengaluru,Beauty,Male,21,New,5,1299,15,5520.75,UPI,Returned
100270,CUST1057,2025-04-29,Bengaluru,Home & Kitchen,Male,18,Premium,4,3999,20,12796.8,Credit Card,Delivered
100271,CUST1530,2025-06-17,Bengaluru,Home & Kitchen,Female,26,Premium,4,1299,20,4156.8,Debit Card,Delivered
100272,CUST1537,2025-01-31,Guntur,Books,Male,49,Regular,3,1599,10,4317.3,Net Banking,Cancelled
100273,CUST1377,2025-02-26,Vijayawada,Books,Male,54,Premium,4,3999,5,15196.2,UPI,Shipped
100274,CUST1251,2026-06-06,Hyderabad,Mobiles,Female,42,New,1,199,0,199.0,Credit Card,Delivered
100275,CUST1255,2026-07-21,Mumbai,Sports,Female,22,Premium,4,799,10,2876.4,Debit Card,Delivered
100276,CUST1529,2026-05-30,Hyderabad,Beauty,Male,47,Regular,1,499,5,474.05,Debit Card,Cancelled
100277,CUST1378,2025-03-30,Chennai,Books,Female,33,Regular,5,1999,0,9995.0,Debit Card,Returned
100278,CUST1007,2025-07-20,Mumbai,Electronics,Male,52,Regular,5,799,5,3795.25,UPI,Cancelled
100279,CUST1211,2025-01-02,Kolkata,Groceries,Female,49,New,4,999,0,3996.0,Credit Card,Cancelled
100280,CUST1423,2025-04-06,Pune,Mobiles,Male,55,New,1,799,20,639.2,Net Banking,Shipped
100281,CUST1064,2026-02-08,Mumbai,Home & Kitchen,Male,36,Regular,1,3999,20,3199.2,Debit Card,Returned
100282,CUST1240,2025-12-01,Guntur,Groceries,Male,55,New,3,1999,10,5397.3,Credit Card,Delivered
100283,CUST1417,2025-06-18,Guntur,Sports,Male,46,Regular,4,1999,10,7196.4,Cash on Delivery,Cancelled
100284,CUST1312,2025-05-03,Ahmedabad,Electronics,Male,38,New,1,499,25,374.25,UPI,Shipped
100285,CUST1307,2025-12-31,Bengaluru,Home & Kitchen,Male,43,Regular,4,2499,0,9996.0,Net Banking,Shipped
100286,CUST1125,2025-04-07,Hyderabad,Electronics,Male,26,New,4,299,5,1136.2,Cash on Delivery,Cancelled
100287,CUST1077,2025-03-28,Hyderabad,Clothing,Male,46,New,5,3999,10,17995.5,UPI,Cancelled
100288,CUST1173,2025-05-06,Ahmedabad,Beauty,Female,49,New,1,1999,0,1999.0,Cash on Delivery,Returned
100289,CUST1282,2025-06-26,Bengaluru,Mobiles,Male,20,Premium,3,799,5,2277.15,Net Banking,Shipped
100290,CUST1491,2025-10-30,Hyderabad,Clothing,Female,42,New,4,1599,20,5116.8,Cash on Delivery,Shipped
100291,CUST1020,2026-06-23,Mumbai,Sports,Female,52,Regular,2,5999,20,9598.4,Debit Card,Cancelled
100292,CUST1327,2026-02-02,Ahmedabad,Groceries,Male,35,New,3,499,0,1497.0,Cash on Delivery,Cancelled
100293,CUST1254,2026-08-22,Chennai,Books,Male,32,Premium,2,499,0,998.0,Cash on Delivery,Cancelled
100294,CUST1326,2025-06-27,Pune,Electronics,Female,54,Premium,2,799,20,1278.4,Credit Card,Shipped
100295,CUST1503,2026-05-20,Hyderabad,Clothing,Male,32,Premium,5,999,5,4745.25,Credit Card,Delivered
100296,CUST1207,2026-06-24,Vijayawada,Sports,Male,38,New,4,199,10,716.4,UPI,Shipped
100297,CUST1374,2026-08-24,Guntur,Sports,Female,55,New,2,299,20,478.4,Debit Card,Cancelled
100298,CUST1448,2025-11-27,Delhi,Sports,Male,53,Premium,2,499,25,748.5,Net Banking,Cancelled
100299,CUST1315,2025-08-17,Bengaluru,Home & Kitchen,Male,18,Premium,5,499,15,2120.75,Net Banking,Returned
100300,CUST1326,2026-08-05,Ahmedabad,Groceries,Male,49,New,1,499,20,399.2,Debit Card,Delivered
100301,CUST1091,2025-09-01,Pune,Mobiles,Male,34,New,3,1299,5,3702.15,Credit Card,Delivered
100302,CUST1002,2025-12-25,Hyderabad,Beauty,Female,44,New,3,299,25,672.75,Cash on Delivery,Returned
100303,CUST1104,2026-01-23,Delhi,Groceries,Male,46,New,3,2499,15,6372.45,UPI,Cancelled
100304,CUST1076,2025-01-21,Pune,Home & Kitchen,Female,28,Premium,3,999,0,2997.0,UPI,Delivered
100305,CUST1032,2025-12-13,Mumbai,Home & Kitchen,Female,28,New,5,3999,15,16995.75,UPI,Cancelled
100306,CUST1568,2025-07-30,Kolkata,Books,Female,37,New,2,1599,25,2398.5,UPI,Delivered
100307,CUST1158,2026-02-07,Hyderabad,Sports,Male,45,New,5,2499,15,10620.75,Debit Card,Returned
100308,CUST1175,2025-07-24,Bengaluru,Clothing,Female,25,Regular,1,199,5,189.05,Cash on Delivery,Returned
100309,CUST1558,2026-05-16,Mumbai,Home & Kitchen,Female,42,Regular,3,299,25,672.75,Credit Card,Returned
100310,CUST1270,2025-02-15,Chennai,Books,Male,27,Premium,3,1999,15,5097.45,UPI,Delivered
100311,CUST1233,2025-12-19,Kolkata,Electronics,Female,51,Regular,5,1599,20,6396.0,Net Banking,Returned
100312,CUST1081,2026-08-10,Mumbai,Electronics,Male,25,Regular,2,1999,10,3598.2,Credit Card,Shipped
100313,CUST1434,2025-08-05,Guntur,Beauty,Male,27,Premium,2,499,0,998.0,Debit Card,Cancelled
100314,CUST1407,2025-03-10,Kolkata,Sports,Female,51,Regular,1,1599,20,1279.2,UPI,Returned
100315,CUST1581,2025-04-26,Ahmedabad,Clothing,Male,54,New,4,499,5,1896.2,Debit Card,Cancelled
100316,CUST1498,2026-02-25,Ahmedabad,Mobiles,Male,29,Regular,3,1599,25,3597.75,Cash on Delivery,Shipped
100317,CUST1340,2026-09-16,Chennai,Electronics,Female,35,Regular,4,199,15,676.6,UPI,Cancelled
100318,CUST1101,2025-11-07,Chennai,Home & Kitchen,Female,46,Regular,3,999,15,2547.45,Debit Card,Returned
100319,CUST1217,2026-09-12,Mumbai,Mobiles,Female,21,Premium,1,799,15,679.15,Credit Card,Delivered
100320,CUST1537,2025-11-15,Ahmedabad,Electronics,Male,30,New,5,1599,5,7595.25,UPI,Shipped
100321,CUST1204,2025-02-03,Bengaluru,Sports,Female,50,Regular,4,199,10,716.4,UPI,Delivered
100322,CUST1457,2025-09-05,Vijayawada,Mobiles,Female,40,New,3,1999,20,4797.6,Debit Card,Delivered
100323,CUST1167,2025-10-19,Ahmedabad,Groceries,Male,32,Premium,1,1599,0,1599.0,Credit Card,Cancelled
100324,CUST1010,2026-02-24,Delhi,Home & Kitchen,Male,18,New,5,199,25,746.25,Debit Card,Cancelled
100325,CUST1471,2025-10-09,Bengaluru,Groceries,Female,37,Premium,4,1599,10,5756.4,Net Banking,Returned
100326,CUST1384,2026-08-22,Kolkata,Books,Female,24,Regular,1,199,20,159.2,UPI,Cancelled
100327,CUST1306,2025-10-11,Chennai,Home & Kitchen,Male,21,Premium,3,999,10,2697.3,Cash on Delivery,Cancelled
100328,CUST1303,2025-05-24,Bengaluru,Beauty,Female,42,Premium,1,5999,15,5099.15,UPI,Shipped
100329,CUST1488,2025-12-18,Pune,Books,Male,53,New,2,5999,20,9598.4,Debit Card,Delivered
100330,CUST1573,2026-04-28,Vijayawada,Sports,Male,32,Regular,2,999,25,1498.5,Credit Card,Cancelled
100331,CUST1600,2026-03-07,Bengaluru,Mobiles,Male,48,New,3,1299,10,3507.3,Net Banking,Delivered
100332,CUST1391,2026-04-29,Kolkata,Books,Female,21,New,2,2499,0,4998.0,Credit Card,Shipped
100333,CUST1147,2025-12-17,Pune,Home & Kitchen,Male,49,Regular,4,3999,15,13596.6,Credit Card,Cancelled
100334,CUST1215,2025-03-01,Vijayawada,Home & Kitchen,Female,23,New,1,1999,10,1799.1,Net Banking,Returned
100335,CUST1393,2026-03-16,Hyderabad,Electronics,Male,41,New,4,1599,15,5436.6,Debit Card,Shipped
100336,CUST1255,2025-01-19,Chennai,Sports,Female,26,New,1,5999,25,4499.25,Cash on Delivery,Cancelled
100337,CUST1298,2025-06-21,Delhi,Sports,Female,26,Regular,1,199,10,179.1,Cash on Delivery,Cancelled
100338,CUST1234,2025-07-12,Chennai,Home & Kitchen,Male,19,Premium,2,1599,0,3198.0,Net Banking,Shipped
100339,CUST1385,2025-05-07,Bengaluru,Electronics,Male,24,Premium,3,5999,0,17997.0,UPI,Delivered
100340,CUST1127,2025-04-29,Kolkata,Books,Female,27,New,4,1999,15,6796.6,UPI,Cancelled
100341,CUST1277,2026-03-07,Ahmedabad,Home & Kitchen,Female,24,Premium,1,5999,20,4799.2,Net Banking,Delivered
100342,CUST1204,2025-10-17,Ahmedabad,Groceries,Female,51,New,1,299,15,254.15,Debit Card,Returned
100343,CUST1509,2025-10-30,Chennai,Mobiles,Female,33,New,2,199,20,318.4,UPI,Delivered
100344,CUST1153,2025-04-24,Guntur,Clothing,Male,34,Premium,5,5999,15,25495.75,Credit Card,Returned
100345,CUST1103,2025-10-31,Vijayawada,Electronics,Female,41,Premium,3,1999,0,5997.0,Debit Card,Returned
100346,CUST1142,2025-04-29,Vijayawada,Sports,Female,46,Premium,1,199,0,199.0,Debit Card,Delivered
100347,CUST1411,2026-01-17,Mumbai,Mobiles,Female,42,Premium,3,499,0,1497.0,Cash on Delivery,Returned
100348,CUST1061,2025-06-20,Vijayawada,Clothing,Female,55,Regular,1,499,25,374.25,Net Banking,Returned
100349,CUST1030,2025-07-05,Vijayawada,Mobiles,Female,25,Regular,5,1599,10,7195.5,Cash on Delivery,Delivered
100350,CUST1013,2025-03-06,Kolkata,Groceries,Female,51,Premium,3,5999,10,16197.3,Net Banking,Delivered
100351,CUST1395,2026-03-20,Vijayawada,Electronics,Male,28,Premium,2,1999,10,3598.2,Cash on Delivery,Returned
100352,CUST1247,2025-06-19,Pune,Books,Male,50,New,1,1999,10,1799.1,Net Banking,Returned
100353,CUST1455,2026-02-17,Ahmedabad,Mobiles,Male,49,Regular,2,299,15,508.3,Debit Card,Delivered
100354,CUST1423,2026-05-25,Hyderabad,Electronics,Male,37,Premium,1,299,15,254.15,Net Banking,Shipped
100355,CUST1229,2026-04-13,Delhi,Sports,Female,41,Premium,3,1299,0,3897.0,Cash on Delivery,Delivered
100356,CUST1364,2025-04-10,Bengaluru,Sports,Male,20,New,2,199,10,358.2,Cash on Delivery,Shipped
100357,CUST1201,2026-02-24,Chennai,Clothing,Female,31,Regular,1,999,20,799.2,Credit Card,Cancelled
100358,CUST1127,2025-04-21,Delhi,Mobiles,Male,49,New,4,199,25,597.0,Net Banking,Delivered
100359,CUST1521,2026-07-21,Vijayawada,Home & Kitchen,Male,24,Regular,4,3999,15,13596.6,Net Banking,Cancelled
100360,CUST1255,2026-06-01,Bengaluru,Beauty,Female,36,Regular,4,1599,20,5116.8,Credit Card,Shipped
100361,CUST1561,2026-02-27,Pune,Groceries,Male,31,Premium,5,2499,10,11245.5,Debit Card,Cancelled
100362,CUST1331,2025-05-16,Guntur,Sports,Female,55,Premium,2,2499,20,3998.4,Cash on Delivery,Cancelled
100363,CUST1026,2026-03-09,Mumbai,Home & Kitchen,Male,21,New,1,2499,0,2499.0,Debit Card,Shipped
100364,CUST1303,2025-10-21,Chennai,Electronics,Female,46,New,3,499,0,1497.0,Net Banking,Shipped
100365,CUST1295,2026-07-29,Hyderabad,Beauty,Female,44,Premium,4,799,20,2556.8,Debit Card,Delivered
100366,CUST1454,2025-01-14,Chennai,Sports,Male,30,Regular,3,799,20,1917.6,Cash on Delivery,Shipped
100367,CUST1527,2025-03-18,Guntur,Beauty,Male,45,Regular,2,499,25,748.5,Net Banking,Cancelled
100368,CUST1006,2025-05-14,Pune,Mobiles,Male,20,New,2,3999,10,7198.2,Debit Card,Delivered
100369,CUST1564,2026-09-23,Pune,Clothing,Female,51,New,3,1999,20,4797.6,Credit Card,Delivered
100370,CUST1550,2026-06-02,Mumbai,Clothing,Female,32,New,2,1599,20,2558.4,Debit Card,Cancelled
100371,CUST1544,2026-01-05,Delhi,Electronics,Male,40,Regular,3,799,20,1917.6,Credit Card,Shipped
100372,CUST1396,2025-02-10,Bengaluru,Books,Male,51,Regular,3,1599,0,4797.0,Net Banking,Returned
100373,CUST1198,2026-05-14,Pune,Clothing,Male,28,Premium,1,999,25,749.25,Net Banking,Delivered
100374,CUST1219,2025-03-09,Mumbai,Clothing,Male,52,Premium,2,5999,25,8998.5,Cash on Delivery,Delivered
100375,CUST1340,2025-06-07,Hyderabad,Clothing,Male,21,New,1,1999,25,1499.25,Debit Card,Delivered
100376,CUST1398,2026-08-12,Delhi,Beauty,Female,38,New,2,999,15,1698.3,Cash on Delivery,Delivered
100377,CUST1065,2026-07-02,Ahmedabad,Electronics,Male,40,Premium,1,5999,25,4499.25,UPI,Cancelled
100378,CUST1449,2025-11-05,Mumbai,Beauty,Male,48,New,5,299,10,1345.5,Net Banking,Shipped
100379,CUST1148,2025-05-20,Bengaluru,Sports,Male,53,Premium,4,2499,10,8996.4,Credit Card,Delivered
100380,CUST1404,2025-02-12,Kolkata,Clothing,Female,31,Premium,1,3999,20,3199.2,Debit Card,Shipped
100381,CUST1189,2026-02-27,Chennai,Books,Male,25,New,5,499,5,2370.25,Net Banking,Delivered
100382,CUST1075,2026-07-17,Bengaluru,Clothing,Female,24,New,4,5999,20,19196.8,Net Banking,Returned
100383,CUST1241,2025-12-05,Guntur,Books,Male,30,Regular,3,499,25,1122.75,Cash on Delivery,Returned
100384,CUST1599,2025-12-03,Vijayawada,Sports,Female,45,New,5,5999,10,26995.5,UPI,Cancelled
100385,CUST1284,2025-09-10,Pune,Home & Kitchen,Female,48,Regular,2,5999,15,10198.3,Cash on Delivery,Cancelled
100386,CUST1180,2025-11-09,Ahmedabad,Clothing,Female,26,Premium,4,2499,0,9996.0,Credit Card,Cancelled
100387,CUST1032,2025-03-20,Ahmedabad,Beauty,Male,20,Premium,1,199,20,159.2,Debit Card,Returned
100388,CUST1298,2025-06-02,Vijayawada,Mobiles,Male,43,Regular,3,1599,5,4557.15,Net Banking,Delivered
100389,CUST1527,2025-09-02,Vijayawada,Mobiles,Male,29,Premium,5,5999,5,28495.25,Net Banking,Shipped
100390,CUST1500,2026-05-11,Chennai,Clothing,Female,41,New,3,199,5,567.15,UPI,Shipped
100391,CUST1466,2026-06-15,Hyderabad,Electronics,Female,24,Premium,3,1599,15,4077.45,Net Banking,Cancelled
100392,CUST1179,2025-09-27,Mumbai,Beauty,Female,55,Premium,5,2499,20,9996.0,UPI,Cancelled
100393,CUST1362,2026-01-21,Pune,Mobiles,Female,18,Premium,2,2499,15,4248.3,Credit Card,Returned
100394,CUST1288,2025-06-19,Chennai,Home & Kitchen,Male,28,Regular,2,299,20,478.4,Net Banking,Delivered
100395,CUST1117,2025-08-24,Delhi,Mobiles,Female,31,Premium,4,1299,25,3897.0,Credit Card,Returned
100396,CUST1588,2025-01-23,Ahmedabad,Home & Kitchen,Male,50,New,2,199,5,378.1,Net Banking,Shipped
100397,CUST1530,2025-02-27,Mumbai,Electronics,Female,23,New,2,999,5,1898.1,Cash on Delivery,Returned
100398,CUST1147,2026-05-09,Ahmedabad,Home & Kitchen,Female,28,Premium,2,799,15,1358.3,Debit Card,Returned
100399,CUST1388,2026-09-03,Mumbai,Home & Kitchen,Male,19,New,5,299,5,1420.25,Net Banking,Returned
100400,CUST1488,2025-06-03,Ahmedabad,Electronics,Male,23,Regular,5,299,5,1420.25,Credit Card,Delivered
100401,CUST1045,2026-03-18,Kolkata,Beauty,Male,48,Regular,5,1599,10,7195.5,Debit Card,Delivered
100402,CUST1239,2026-03-12,Guntur,Books,Female,34,New,2,999,15,1698.3,UPI,Delivered
100403,CUST1008,2026-08-15,Mumbai,Groceries,Female,44,Regular,5,299,20,1196.0,UPI,Shipped
100404,CUST1549,2026-03-13,Mumbai,Sports,Female,43,New,5,999,10,4495.5,Cash on Delivery,Returned
100405,CUST1496,2025-07-03,Bengaluru,Books,Female,43,Premium,3,2499,20,5997.6,Credit Card,Delivered
100406,CUST1220,2025-08-24,Kolkata,Beauty,Female,53,Premium,4,499,0,1996.0,UPI,Shipped
100407,CUST1483,2026-02-03,Ahmedabad,Beauty,Male,22,Regular,1,299,5,284.05,Credit Card,Cancelled
100408,CUST1394,2025-03-23,Mumbai,Books,Male,29,Premium,5,199,25,746.25,Cash on Delivery,Returned
100409,CUST1293,2025-01-11,Chennai,Electronics,Male,28,Premium,2,5999,20,9598.4,UPI,Cancelled
100410,CUST1283,2025-09-02,Mumbai,Sports,Female,43,Premium,1,499,0,499.0,Credit Card,Delivered
100411,CUST1573,2025-03-12,Ahmedabad,Sports,Female,35,New,1,2499,10,2249.1,Net Banking,Shipped
100412,CUST1268,2026-04-11,Vijayawada,Beauty,Male,53,New,4,3999,0,15996.0,Net Banking,Cancelled
100413,CUST1551,2025-12-15,Ahmedabad,Books,Female,42,Premium,1,2499,10,2249.1,Cash on Delivery,Shipped
100414,CUST1029,2025-12-14,Delhi,Clothing,Female,22,Regular,4,5999,15,20396.6,Credit Card,Shipped
100415,CUST1549,2025-11-20,Hyderabad,Books,Male,36,New,4,1299,20,4156.8,Cash on Delivery,Cancelled
100416,CUST1322,2025-03-19,Pune,Groceries,Female,29,Premium,5,499,15,2120.75,Credit Card,Returned
100417,CUST1212,2025-07-24,Chennai,Groceries,Male,40,New,2,799,10,1438.2,UPI,Delivered
100418,CUST1555,2025-03-22,Hyderabad,Mobiles,Female,38,Regular,4,3999,0,15996.0,Net Banking,Cancelled
100419,CUST1408,2026-05-18,Chennai,Home & Kitchen,Male,51,Regular,2,2499,10,4498.2,Cash on Delivery,Delivered
100420,CUST1179,2026-05-30,Delhi,Clothing,Female,38,Premium,3,1599,25,3597.75,UPI,Delivered
100421,CUST1334,2025-08-04,Pune,Books,Male,53,Regular,4,3999,0,15996.0,Credit Card,Cancelled
100422,CUST1189,2026-04-28,Delhi,Beauty,Male,44,Premium,5,1299,10,5845.5,Debit Card,Cancelled
100423,CUST1586,2026-02-15,Vijayawada,Groceries,Male,35,New,3,1999,5,5697.15,Net Banking,Returned
100424,CUST1154,2026-01-26,Delhi,Electronics,Male,44,Regular,2,499,25,748.5,Credit Card,Cancelled
100425,CUST1582,2026-05-14,Hyderabad,Beauty,Male,28,New,3,999,20,2397.6,Credit Card,Cancelled
100426,CUST1343,2026-05-03,Bengaluru,Sports,Female,53,Premium,1,1999,25,1499.25,Debit Card,Cancelled
100427,CUST1204,2025-01-21,Ahmedabad,Home & Kitchen,Female,40,Regular,4,299,10,1076.4,Net Banking,Returned
100428,CUST1294,2026-04-03,Delhi,Home & Kitchen,Male,39,Regular,1,1599,20,1279.2,Net Banking,Returned
100429,CUST1234,2025-03-15,Pune,Sports,Female,35,Premium,1,499,10,449.1,Cash on Delivery,Cancelled
100430,CUST1462,2026-04-01,Mumbai,Home & Kitchen,Male,19,New,3,3999,20,9597.6,Credit Card,Cancelled
100431,CUST1106,2025-03-23,Guntur,Clothing,Female,53,New,2,499,15,848.3,UPI,Returned
100432,CUST1160,2026-06-21,Guntur,Beauty,Female,32,New,1,299,10,269.1,Debit Card,Returned
100433,CUST1030,2025-05-10,Hyderabad,Sports,Female,48,Regular,2,2499,5,4748.1,Net Banking,Cancelled
100434,CUST1553,2026-07-16,Vijayawada,Mobiles,Female,51,Premium,4,499,25,1497.0,Net Banking,Cancelled
100435,CUST1092,2025-12-22,Delhi,Books,Female,44,Regular,4,2499,5,9496.2,Credit Card,Cancelled
100436,CUST1353,2025-01-11,Bengaluru,Mobiles,Male,49,Regular,1,2499,5,2374.05,Debit Card,Delivered
100437,CUST1008,2026-03-17,Kolkata,Sports,Male,44,Premium,3,3999,5,11397.15,Cash on Delivery,Returned
100438,CUST1388,2025-09-13,Chennai,Books,Male,45,Premium,2,5999,15,10198.3,Credit Card,Cancelled
100439,CUST1193,2025-10-19,Guntur,Home & Kitchen,Male,36,New,5,999,15,4245.75,Cash on Delivery,Returned
100440,CUST1329,2025-10-06,Hyderabad,Home & Kitchen,Male,52,New,5,1999,5,9495.25,Credit Card,Delivered
100441,CUST1449,2025-10-16,Hyderabad,Groceries,Male,27,New,3,499,25,1122.75,Cash on Delivery,Shipped
100442,CUST1381,2025-12-17,Delhi,Electronics,Female,23,New,4,999,15,3396.6,UPI,Cancelled
100443,CUST1186,2026-02-06,Chennai,Books,Female,18,New,1,2499,15,2124.15,Credit Card,Returned
100444,CUST1472,2026-03-30,Guntur,Groceries,Female,42,Premium,2,199,5,378.1,Debit Card,Cancelled
100445,CUST1126,2025-06-12,Bengaluru,Mobiles,Female,30,Regular,1,2499,20,1999.2,UPI,Shipped
100446,CUST1333,2025-04-26,Hyderabad,Home & Kitchen,Female,55,New,2,5999,15,10198.3,Cash on Delivery,Shipped
100447,CUST1487,2025-01-10,Ahmedabad,Home & Kitchen,Female,23,New,1,3999,25,2999.25,Credit Card,Returned
100448,CUST1062,2025-04-04,Hyderabad,Sports,Male,52,New,5,1299,25,4871.25,Credit Card,Returned
100449,CUST1356,2025-08-27,Delhi,Groceries,Male,42,Regular,3,2499,25,5622.75,Credit Card,Cancelled
100450,CUST1302,2025-02-10,Kolkata,Mobiles,Male,54,New,4,1999,20,6396.8,Net Banking,Cancelled
100451,CUST1568,2025-11-28,Vijayawada,Clothing,Male,46,Regular,4,999,20,3196.8,Debit Card,Cancelled
100452,CUST1389,2026-04-10,Vijayawada,Electronics,Female,33,Regular,1,5999,20,4799.2,UPI,Returned
100453,CUST1565,2025-07-14,Vijayawada,Books,Female,44,Premium,5,5999,15,25495.75,Debit Card,Delivered
100454,CUST1045,2025-04-09,Vijayawada,Home & Kitchen,Male,30,New,5,5999,0,29995.0,Cash on Delivery,Shipped
100455,CUST1398,2025-04-12,Delhi,Books,Male,41,New,1,3999,25,2999.25,Net Banking,Delivered
100456,CUST1082,2025-01-14,Delhi,Electronics,Female,53,Premium,2,5999,15,10198.3,Cash on Delivery,Cancelled
100457,CUST1042,2025-03-01,Guntur,Books,Male,31,Premium,5,999,20,3996.0,UPI,Delivered
100458,CUST1198,2025-08-25,Kolkata,Groceries,Male,53,Premium,5,1599,5,7595.25,Net Banking,Returned
100459,CUST1470,2025-04-19,Mumbai,Clothing,Male,29,Premium,5,1299,25,4871.25,Cash on Delivery,Cancelled
100460,CUST1361,2025-06-11,Pune,Sports,Female,44,Premium,5,3999,15,16995.75,Cash on Delivery,Cancelled
100461,CUST1220,2026-09-16,Mumbai,Books,Female,46,Regular,2,3999,20,6398.4,Cash on Delivery,Delivered
100462,CUST1531,2025-02-05,Vijayawada,Books,Male,37,New,3,3999,0,11997.0,Credit Card,Cancelled
100463,CUST1570,2025-01-23,Ahmedabad,Home & Kitchen,Male,20,Regular,3,2499,20,5997.6,Debit Card,Shipped
100464,CUST1256,2025-05-22,Chennai,Books,Female,23,Premium,3,1299,20,3117.6,Cash on Delivery,Shipped
100465,CUST1500,2025-03-21,Ahmedabad,Clothing,Female,20,Premium,3,1999,5,5697.15,Net Banking,Returned
100466,CUST1445,2025-03-22,Mumbai,Clothing,Male,18,Premium,1,1299,10,1169.1,Cash on Delivery,Delivered
100467,CUST1553,2025-11-09,Ahmedabad,Home & Kitchen,Female,50,Premium,5,199,10,895.5,Credit Card,Shipped
100468,CUST1590,2025-02-21,Kolkata,Clothing,Male,45,Regular,4,1999,20,6396.8,Cash on Delivery,Shipped
100469,CUST1586,2025-05-16,Hyderabad,Beauty,Female,23,Regular,3,299,15,762.45,Net Banking,Returned
100470,CUST1203,2025-05-14,Delhi,Beauty,Male,53,Premium,2,1999,20,3198.4,Net Banking,Shipped
100471,CUST1332,2025-09-06,Ahmedabad,Clothing,Male,44,Regular,1,999,15,849.15,Debit Card,Cancelled
100472,CUST1025,2025-07-15,Bengaluru,Home & Kitchen,Female,46,Premium,3,1299,20,3117.6,Credit Card,Returned
100473,CUST1383,2025-02-15,Vijayawada,Clothing,Male,21,New,2,799,25,1198.5,Net Banking,Shipped
100474,CUST1114,2025-10-22,Bengaluru,Mobiles,Female,19,Regular,1,1299,25,974.25,Credit Card,Shipped
100475,CUST1562,2025-07-28,Delhi,Home & Kitchen,Male,42,Premium,5,2499,10,11245.5,Net Banking,Delivered
100476,CUST1206,2025-09-19,Ahmedabad,Books,Male,47,Premium,2,199,10,358.2,UPI,Delivered
100477,CUST1369,2026-02-02,Guntur,Electronics,Female,42,New,3,5999,25,13497.75,Cash on Delivery,Delivered
100478,CUST1091,2025-11-20,Vijayawada,Groceries,Female,53,Premium,4,3999,20,12796.8,UPI,Delivered
100479,CUST1502,2025-09-11,Mumbai,Home & Kitchen,Male,40,Premium,5,999,10,4495.5,Debit Card,Cancelled
100480,CUST1064,2025-11-06,Bengaluru,Beauty,Male,53,Regular,2,2499,10,4498.2,Credit Card,Shipped
100481,CUST1090,2025-12-16,Mumbai,Groceries,Female,33,Premium,4,5999,5,22796.2,Credit Card,Returned
100482,CUST1556,2025-11-16,Vijayawada,Groceries,Male,55,Premium,5,1299,15,5520.75,Credit Card,Shipped
100483,CUST1149,2025-11-13,Ahmedabad,Home & Kitchen,Female,22,Premium,5,499,15,2120.75,Net Banking,Delivered
100484,CUST1031,2025-07-08,Pune,Beauty,Female,37,Regular,3,499,25,1122.75,Debit Card,Shipped
100485,CUST1027,2025-07-12,Ahmedabad,Books,Male,32,New,1,499,5,474.05,UPI,Cancelled
100486,CUST1481,2025-03-23,Pune,Home & Kitchen,Female,49,Regular,4,499,20,1596.8,Credit Card,Shipped
100487,CUST1016,2025-07-17,Bengaluru,Beauty,Male,30,New,2,199,15,338.3,UPI,Shipped
100488,CUST1333,2026-03-26,Delhi,Groceries,Female,43,New,5,1999,25,7496.25,Net Banking,Returned
100489,CUST1586,2025-11-17,Ahmedabad,Electronics,Male,46,Regular,4,3999,25,11997.0,UPI,Shipped
100490,CUST1041,2026-06-16,Kolkata,Beauty,Male,30,Regular,5,1599,25,5996.25,Cash on Delivery,Returned
100491,CUST1433,2025-11-08,Bengaluru,Electronics,Male,47,Premium,3,1999,5,5697.15,Cash on Delivery,Delivered
100492,CUST1560,2026-05-28,Vijayawada,Beauty,Female,38,Regular,1,499,20,399.2,UPI,Shipped
100493,CUST1093,2026-04-10,Bengaluru,Sports,Male,25,New,5,799,15,3395.75,UPI,Returned
100494,CUST1394,2026-01-07,Kolkata,Home & Kitchen,Female,53,Regular,1,2499,25,1874.25,UPI,Shipped
100495,CUST1167,2025-12-10,Vijayawada,Home & Kitchen,Male,44,Regular,5,5999,5,28495.25,Debit Card,Returned
100496,CUST1208,2025-10-23,Hyderabad,Books,Male,47,Regular,2,299,5,568.1,Cash on Delivery,Delivered
100497,CUST1488,2026-09-15,Delhi,Beauty,Female,23,Premium,4,799,5,3036.2,Net Banking,Delivered
100498,CUST1571,2025-09-08,Chennai,Electronics,Male,27,New,5,999,20,3996.0,Debit Card,Delivered
100499,CUST1306,2025-05-29,Pune,Clothing,Male,24,Regular,1,5999,20,4799.2,Credit Card,Shipped
100500,CUST1587,2025-10-19,Kolkata,Home & Kitchen,Female,55,Regular,5,5999,25,22496.25,UPI,Delivered
100501,CUST1070,2025-11-03,Mumbai,Clothing,Female,48,New,3,1299,15,3312.45,UPI,Cancelled
100502,CUST1215,2025-12-04,Chennai,Electronics,Male,54,Premium,5,1599,20,6396.0,Net Banking,Delivered
100503,CUST1325,2026-05-11,Bengaluru,Sports,Male,54,Regular,5,999,15,4245.75,Net Banking,Returned
100504,CUST1298,2026-05-20,Chennai,Electronics,Male,19,Regular,2,3999,5,7598.1,UPI,Shipped
100505,CUST1342,2026-09-23,Pune,Groceries,Male,30,Premium,4,1599,0,6396.0,Debit Card,Cancelled
100506,CUST1564,2025-03-11,Pune,Electronics,Male,39,Regular,3,999,20,2397.6,Cash on Delivery,Delivered
100507,CUST1491,2025-06-29,Delhi,Electronics,Male,48,New,2,1299,10,2338.2,Cash on Delivery,Cancelled
100508,CUST1307,2026-04-19,Ahmedabad,Sports,Male,31,Premium,4,199,20,636.8,Debit Card,Cancelled
100509,CUST1348,2025-03-09,Mumbai,Home & Kitchen,Female,29,Premium,2,999,0,1998.0,UPI,Cancelled
100510,CUST1089,2025-11-19,Delhi,Groceries,Female,46,Regular,1,999,15,849.15,Credit Card,Cancelled
100511,CUST1207,2025-06-29,Guntur,Mobiles,Male,48,Premium,1,1299,0,1299.0,Credit Card,Shipped
100512,CUST1336,2025-12-15,Vijayawada,Clothing,Male,31,Premium,4,2499,10,8996.4,UPI,Returned
100513,CUST1319,2026-02-01,Hyderabad,Clothing,Female,47,New,5,299,0,1495.0,UPI,Cancelled
100514,CUST1215,2025-01-24,Pune,Groceries,Male,36,Regular,5,999,25,3746.25,Net Banking,Cancelled
100515,CUST1162,2026-03-28,Bengaluru,Clothing,Male,53,Premium,1,999,5,949.05,UPI,Shipped
100516,CUST1278,2026-07-10,Vijayawada,Books,Male,28,New,3,2499,10,6747.3,Debit Card,Cancelled
100517,CUST1030,2026-07-08,Delhi,Electronics,Male,42,New,4,199,5,756.2,UPI,Returned
100518,CUST1457,2026-02-06,Ahmedabad,Sports,Female,39,New,2,3999,20,6398.4,Net Banking,Delivered
100519,CUST1480,2026-04-22,Guntur,Mobiles,Female,47,Regular,5,499,0,2495.0,Credit Card,Shipped
100520,CUST1402,2025-05-28,Vijayawada,Sports,Female,47,Regular,5,999,10,4495.5,UPI,Delivered
100521,CUST1473,2026-05-02,Vijayawada,Books,Female,54,New,1,1299,15,1104.15,Net Banking,Delivered
100522,CUST1073,2026-02-20,Bengaluru,Mobiles,Female,55,Regular,1,1299,20,1039.2,Credit Card,Shipped
100523,CUST1068,2026-07-16,Pune,Groceries,Female,45,Premium,2,1999,15,3398.3,Debit Card,Shipped
100524,CUST1118,2025-06-27,Ahmedabad,Mobiles,Female,53,New,1,3999,15,3399.15,Cash on Delivery,Shipped
100525,CUST1112,2025-11-12,Ahmedabad,Beauty,Female,49,Premium,4,299,20,956.8,UPI,Delivered
100526,CUST1001,2025-08-11,Vijayawada,Home & Kitchen,Female,52,Regular,2,3999,25,5998.5,Cash on Delivery,Returned
100527,CUST1307,2025-07-20,Ahmedabad,Books,Female,40,New,2,5999,10,10798.2,Net Banking,Delivered
100528,CUST1302,2026-09-19,Hyderabad,Sports,Male,18,Premium,5,1599,5,7595.25,Net Banking,Cancelled
100529,CUST1443,2025-04-23,Ahmedabad,Beauty,Female,42,Regular,3,199,5,567.15,Cash on Delivery,Returned
100530,CUST1487,2026-07-13,Vijayawada,Groceries,Female,41,Regular,2,5999,5,11398.1,Credit Card,Cancelled
100531,CUST1017,2025-05-09,Vijayawada,Mobiles,Female,26,New,2,199,0,398.0,Credit Card,Returned
100532,CUST1185,2026-04-12,Delhi,Beauty,Female,42,Regular,5,1599,20,6396.0,Credit Card,Shipped
100533,CUST1511,2026-03-11,Chennai,Books,Female,52,Premium,5,199,20,796.0,Debit Card,Delivered
100534,CUST1378,2025-02-08,Guntur,Mobiles,Male,27,Premium,5,1999,25,7496.25,Net Banking,Cancelled
100535,CUST1091,2026-04-22,Chennai,Mobiles,Male,52,Premium,5,299,20,1196.0,Debit Card,Delivered
100536,CUST1465,2025-12-18,Kolkata,Mobiles,Female,44,Regular,5,199,15,845.75,Debit Card,Cancelled
100537,CUST1312,2025-06-21,Ahmedabad,Books,Male,48,Premium,1,3999,25,2999.25,Credit Card,Delivered
100538,CUST1497,2025-10-26,Guntur,Home & Kitchen,Male,35,Regular,5,199,10,895.5,Credit Card,Cancelled
100539,CUST1115,2025-10-09,Ahmedabad,Home & Kitchen,Male,46,Regular,3,199,25,447.75,Credit Card,Cancelled
100540,CUST1034,2025-08-30,Pune,Clothing,Male,27,Regular,4,499,20,1596.8,Cash on Delivery,Returned
100541,CUST1216,2025-09-01,Ahmedabad,Sports,Male,34,New,4,5999,5,22796.2,UPI,Shipped
100542,CUST1488,2026-04-21,Kolkata,Groceries,Female,42,Regular,4,1999,10,7196.4,Debit Card,Shipped
100543,CUST1460,2026-06-28,Mumbai,Sports,Male,24,Premium,4,199,10,716.4,Debit Card,Returned
100544,CUST1274,2026-09-18,Guntur,Books,Female,47,Premium,3,1299,10,3507.3,Credit Card,Shipped
100545,CUST1185,2026-06-17,Pune,Electronics,Male,22,New,3,5999,25,13497.75,Cash on Delivery,Delivered
100546,CUST1360,2026-06-22,Chennai,Books,Female,30,New,1,5999,15,5099.15,UPI,Delivered
100547,CUST1125,2025-02-28,Guntur,Clothing,Male,42,Premium,5,5999,5,28495.25,Net Banking,Shipped
100548,CUST1479,2025-04-24,Guntur,Mobiles,Female,45,Premium,2,999,10,1798.2,Debit Card,Cancelled
100549,CUST1392,2025-06-15,Mumbai,Sports,Male,34,Regular,1,999,0,999.0,Credit Card,Returned
100550,CUST1403,2025-03-13,Vijayawada,Mobiles,Male,27,Premium,4,799,20,2556.8,Cash on Delivery,Shipped
100551,CUST1266,2026-09-21,Guntur,Electronics,Male,22,Premium,1,1999,25,1499.25,Debit Card,Returned
100552,CUST1001,2025-01-20,Hyderabad,Beauty,Female,27,Premium,4,499,25,1497.0,Debit Card,Returned
100553,CUST1503,2026-08-12,Delhi,Beauty,Female,22,Premium,1,2499,25,1874.25,Credit Card,Delivered
100554,CUST1549,2026-01-29,Pune,Sports,Female,43,New,4,299,20,956.8,UPI,Cancelled
100555,CUST1297,2026-07-02,Chennai,Home & Kitchen,Male,42,Premium,3,299,15,762.45,Credit Card,Cancelled
100556,CUST1368,2026-02-04,Delhi,Clothing,Female,30,New,1,5999,25,4499.25,UPI,Shipped
100557,CUST1399,2025-01-26,Guntur,Books,Female,52,Regular,5,799,15,3395.75,UPI,Delivered
100558,CUST1044,2025-12-14,Mumbai,Clothing,Male,51,Regular,1,1299,25,974.25,Net Banking,Shipped
100559,CUST1145,2026-08-17,Delhi,Electronics,Female,20,New,2,299,0,598.0,Credit Card,Delivered
100560,CUST1468,2025-06-26,Ahmedabad,Home & Kitchen,Male,24,New,1,999,0,999.0,Cash on Delivery,Shipped
100561,CUST1412,2025-03-06,Pune,Clothing,Male,38,New,2,1599,10,2878.2,UPI,Shipped
100562,CUST1145,2025-12-10,Mumbai,Home & Kitchen,Female,53,New,1,299,10,269.1,Cash on Delivery,Shipped
100563,CUST1386,2026-08-19,Vijayawada,Electronics,Female,23,New,1,499,0,499.0,UPI,Shipped
100564,CUST1488,2025-04-02,Vijayawada,Groceries,Male,35,Premium,5,999,15,4245.75,Cash on Delivery,Returned
100565,CUST1039,2025-09-02,Ahmedabad,Home & Kitchen,Female,23,Premium,2,3999,25,5998.5,Debit Card,Cancelled
100566,CUST1197,2026-03-05,Guntur,Clothing,Female,52,Premium,1,2499,5,2374.05,Credit Card,Returned
100567,CUST1116,2025-08-02,Vijayawada,Mobiles,Female,29,New,3,199,5,567.15,UPI,Delivered
100568,CUST1258,2026-01-08,Pune,Mobiles,Male,24,Premium,3,799,15,2037.45,UPI,Shipped
100569,CUST1119,2025-06-11,Guntur,Groceries,Female,55,Premium,1,1999,20,1599.2,Debit Card,Returned
100570,CUST1334,2025-07-23,Chennai,Clothing,Male,44,New,3,799,0,2397.0,Cash on Delivery,Shipped
100571,CUST1056,2025-03-17,Mumbai,Home & Kitchen,Male,47,New,4,3999,15,13596.6,Cash on Delivery,Cancelled
100572,CUST1368,2025-05-20,Bengaluru,Groceries,Female,26,New,4,799,25,2397.0,Net Banking,Delivered
100573,CUST1470,2025-10-15,Mumbai,Home & Kitchen,Female,32,Regular,2,299,15,508.3,Net Banking,Shipped
100574,CUST1236,2026-09-19,Guntur,Beauty,Female,31,Premium,2,3999,20,6398.4,Cash on Delivery,Returned
100575,CUST1253,2025-10-13,Chennai,Sports,Female,55,New,1,1599,25,1199.25,Net Banking,Shipped
100576,CUST1042,2026-08-11,Delhi,Electronics,Female,51,Regular,1,1599,0,1599.0,Cash on Delivery,Delivered
100577,CUST1572,2026-04-09,Hyderabad,Beauty,Male,26,Regular,4,799,0,3196.0,Debit Card,Shipped
100578,CUST1313,2025-04-03,Vijayawada,Mobiles,Male,47,Regular,1,1999,25,1499.25,Credit Card,Returned
100579,CUST1002,2025-07-09,Guntur,Beauty,Female,51,New,3,5999,15,15297.45,Debit Card,Returned
100580,CUST1213,2025-10-04,Guntur,Sports,Male,50,Premium,5,2499,20,9996.0,Debit Card,Delivered
100581,CUST1042,2025-04-24,Pune,Sports,Male,53,Premium,4,1299,15,4416.6,UPI,Shipped
100582,CUST1117,2025-05-22,Delhi,Groceries,Male,38,Regular,3,799,20,1917.6,Debit Card,Returned
100583,CUST1354,2025-10-11,Delhi,Mobiles,Male,48,Premium,1,299,10,269.1,Net Banking,Cancelled
100584,CUST1068,2026-04-08,Chennai,Mobiles,Male,23,Regular,5,1299,25,4871.25,Credit Card,Cancelled
100585,CUST1115,2025-03-20,Vijayawada,Mobiles,Male,31,Premium,1,499,10,449.1,UPI,Cancelled
100586,CUST1356,2026-03-03,Mumbai,Mobiles,Male,36,New,5,499,15,2120.75,UPI,Delivered
100587,CUST1422,2025-08-26,Ahmedabad,Sports,Female,49,Premium,5,5999,10,26995.5,Net Banking,Returned
100588,CUST1314,2026-04-14,Vijayawada,Books,Male,48,Regular,3,3999,5,11397.15,Debit Card,Delivered
100589,CUST1171,2025-06-01,Ahmedabad,Home & Kitchen,Female,29,New,3,999,15,2547.45,Credit Card,Shipped
100590,CUST1589,2025-09-01,Vijayawada,Mobiles,Female,41,New,1,199,10,179.1,Credit Card,Delivered
100591,CUST1460,2025-11-21,Kolkata,Home & Kitchen,Female,25,New,3,499,10,1347.3,Cash on Delivery,Returned
100592,CUST1005,2025-05-29,Kolkata,Sports,Female,48,Regular,4,1299,5,4936.2,Net Banking,Shipped
100593,CUST1116,2026-08-02,Delhi,Electronics,Male,53,New,4,1299,25,3897.0,Debit Card,Delivered
100594,CUST1366,2026-02-16,Guntur,Sports,Male,30,Premium,5,799,15,3395.75,Net Banking,Shipped
100595,CUST1552,2025-10-12,Delhi,Clothing,Female,30,Regular,2,199,0,398.0,Debit Card,Delivered
100596,CUST1438,2026-01-05,Pune,Beauty,Female,18,Regular,4,499,25,1497.0,Debit Card,Cancelled
100597,CUST1221,2025-11-12,Delhi,Beauty,Female,36,New,4,2499,0,9996.0,Cash on Delivery,Returned
100598,CUST1148,2025-05-23,Chennai,Books,Female,51,Regular,5,3999,0,19995.0,UPI,Returned
100599,CUST1280,2025-04-01,Mumbai,Home & Kitchen,Female,54,New,1,1599,25,1199.25,Credit Card,Shipped
100600,CUST1044,2026-01-26,Bengaluru,Books,Female,53,Premium,3,2499,15,6372.45,Cash on Delivery,Shipped
100601,CUST1308,2025-01-28,Delhi,Clothing,Female,44,New,1,499,10,449.1,Cash on Delivery,Shipped
100602,CUST1069,2025-01-30,Ahmedabad,Sports,Female,54,Regular,1,999,15,849.15,Debit Card,Returned
100603,CUST1590,2025-05-03,Hyderabad,Books,Male,55,New,3,2499,25,5622.75,Credit Card,Cancelled
100604,CUST1055,2026-04-18,Bengaluru,Sports,Female,40,New,2,1299,5,2468.1,Debit Card,Cancelled
100605,CUST1188,2026-06-27,Guntur,Home & Kitchen,Female,38,Premium,1,2499,5,2374.05,Debit Card,Cancelled
100606,CUST1361,2026-01-07,Vijayawada,Electronics,Male,51,Regular,1,2499,20,1999.2,Debit Card,Returned
100607,CUST1224,2026-02-26,Vijayawada,Groceries,Male,53,Premium,3,499,0,1497.0,Net Banking,Delivered
100608,CUST1135,2026-03-04,Hyderabad,Mobiles,Female,37,Premium,4,299,0,1196.0,Debit Card,Shipped
100609,CUST1177,2026-03-29,Bengaluru,Electronics,Male,32,New,5,2499,10,11245.5,Credit Card,Shipped
100610,CUST1081,2025-11-11,Mumbai,Clothing,Male,19,Regular,2,799,5,1518.1,Cash on Delivery,Delivered
100611,CUST1526,2025-07-21,Ahmedabad,Electronics,Female,25,Regular,1,199,25,149.25,UPI,Delivered
100612,CUST1211,2025-11-05,Ahmedabad,Groceries,Male,40,New,1,299,0,299.0,UPI,Shipped
100613,CUST1165,2025-10-12,Kolkata,Groceries,Male,24,Premium,5,1299,10,5845.5,UPI,Shipped
100614,CUST1005,2025-07-16,Guntur,Groceries,Female,41,Premium,3,499,20,1197.6,Net Banking,Shipped
100615,CUST1389,2026-03-27,Mumbai,Groceries,Male,44,New,1,499,10,449.1,Debit Card,Delivered
100616,CUST1508,2026-04-23,Pune,Books,Male,23,Regular,1,2499,5,2374.05,Cash on Delivery,Delivered
100617,CUST1320,2026-01-30,Delhi,Groceries,Female,36,Regular,3,1999,20,4797.6,Credit Card,Delivered
100618,CUST1504,2026-05-03,Guntur,Beauty,Female,51,Premium,3,499,0,1497.0,UPI,Delivered
100619,CUST1105,2025-05-27,Vijayawada,Clothing,Female,30,Regular,4,1599,25,4797.0,Credit Card,Returned
100620,CUST1512,2025-05-06,Bengaluru,Books,Female,40,Regular,2,1599,25,2398.5,Net Banking,Returned
100621,CUST1466,2026-05-12,Guntur,Clothing,Female,49,Regular,5,999,5,4745.25,Credit Card,Shipped
100622,CUST1511,2025-01-31,Hyderabad,Home & Kitchen,Female,38,New,1,199,0,199.0,Debit Card,Delivered
100623,CUST1207,2025-03-20,Bengaluru,Mobiles,Female,50,Regular,5,1999,15,8495.75,Net Banking,Cancelled
100624,CUST1441,2026-07-08,Guntur,Beauty,Female,38,Regular,5,199,0,995.0,Cash on Delivery,Returned
100625,CUST1311,2025-02-06,Vijayawada,Mobiles,Female,26,Regular,1,499,20,399.2,Cash on Delivery,Returned
100626,CUST1568,2025-04-23,Kolkata,Mobiles,Female,53,New,5,5999,15,25495.75,Net Banking,Delivered
100627,CUST1387,2026-02-05,Ahmedabad,Sports,Female,38,New,3,1999,20,4797.6,UPI,Delivered
100628,CUST1598,2025-05-12,Hyderabad,Sports,Female,24,Regular,3,1299,25,2922.75,Debit Card,Cancelled
100629,CUST1251,2026-02-26,Chennai,Groceries,Female,55,New,3,199,25,447.75,UPI,Cancelled
100630,CUST1552,2025-04-28,Pune,Electronics,Female,45,Premium,3,499,0,1497.0,Net Banking,Returned
100631,CUST1023,2025-10-01,Pune,Beauty,Female,38,Premium,1,1999,20,1599.2,UPI,Returned
100632,CUST1515,2025-04-13,Pune,Home & Kitchen,Female,41,Regular,2,1299,15,2208.3,Credit Card,Returned
100633,CUST1272,2025-03-19,Hyderabad,Books,Female,32,Premium,5,799,10,3595.5,UPI,Delivered
100634,CUST1581,2026-08-30,Kolkata,Mobiles,Female,31,Regular,3,999,0,2997.0,UPI,Cancelled
100635,CUST1553,2026-06-01,Pune,Groceries,Female,43,Regular,3,1599,25,3597.75,Net Banking,Returned
100636,CUST1529,2026-07-15,Vijayawada,Mobiles,Male,47,Regular,2,199,25,298.5,Net Banking,Returned
100637,CUST1374,2026-08-03,Delhi,Home & Kitchen,Male,27,Premium,1,2499,5,2374.05,Debit Card,Returned
100638,CUST1209,2026-02-25,Mumbai,Books,Female,28,Regular,3,299,25,672.75,Net Banking,Shipped
100639,CUST1197,2026-02-20,Hyderabad,Groceries,Female,47,Regular,2,299,5,568.1,Net Banking,Returned
100640,CUST1280,2026-03-09,Vijayawada,Electronics,Female,35,Premium,1,799,5,759.05,Net Banking,Shipped
100641,CUST1086,2025-02-13,Pune,Books,Male,44,Regular,4,199,0,796.0,UPI,Returned
100642,CUST1513,2025-05-24,Guntur,Books,Female,23,New,2,299,20,478.4,Net Banking,Delivered
100643,CUST1400,2025-11-17,Chennai,Beauty,Male,27,New,3,3999,25,8997.75,Credit Card,Shipped
100644,CUST1058,2025-10-09,Delhi,Sports,Male,38,Premium,4,1599,10,5756.4,Cash on Delivery,Returned
100645,CUST1487,2025-09-10,Pune,Books,Male,20,Premium,3,499,10,1347.3,UPI,Shipped
100646,CUST1372,2025-09-17,Guntur,Groceries,Female,42,New,5,1599,10,7195.5,Cash on Delivery,Cancelled
100647,CUST1216,2025-11-05,Vijayawada,Mobiles,Female,44,New,1,799,10,719.1,Debit Card,Delivered
100648,CUST1433,2026-05-19,Guntur,Home & Kitchen,Female,50,New,4,1599,10,5756.4,Debit Card,Returned
100649,CUST1029,2026-09-09,Hyderabad,Home & Kitchen,Female,26,New,5,1299,15,5520.75,Cash on Delivery,Shipped
100650,CUST1114,2025-11-09,Vijayawada,Groceries,Male,44,Regular,3,3999,0,11997.0,Cash on Delivery,Returned
100651,CUST1336,2025-05-17,Bengaluru,Groceries,Male,44,Regular,3,499,25,1122.75,Credit Card,Returned
100652,CUST1024,2026-01-22,Kolkata,Groceries,Male,47,New,5,799,0,3995.0,Debit Card,Shipped
100653,CUST1267,2025-02-20,Vijayawada,Clothing,Female,28,Premium,4,3999,15,13596.6,UPI,Delivered
100654,CUST1507,2026-06-23,Guntur,Groceries,Male,30,Regular,4,1999,25,5997.0,Debit Card,Returned
100655,CUST1221,2026-01-27,Bengaluru,Groceries,Female,29,Regular,2,1599,5,3038.1,Credit Card,Delivered
100656,CUST1462,2025-10-25,Chennai,Sports,Female,23,New,3,799,20,1917.6,Cash on Delivery,Shipped
100657,CUST1393,2025-11-28,Mumbai,Books,Male,24,Premium,4,5999,5,22796.2,UPI,Delivered
100658,CUST1047,2025-12-07,Hyderabad,Books,Female,37,Regular,2,1999,10,3598.2,Debit Card,Shipped
100659,CUST1267,2026-07-27,Vijayawada,Mobiles,Female,47,New,1,3999,5,3799.05,UPI,Cancelled
100660,CUST1120,2026-06-28,Pune,Electronics,Male,49,Regular,4,499,10,1796.4,Debit Card,Returned
100661,CUST1530,2025-10-17,Pune,Beauty,Male,38,Premium,3,3999,10,10797.3,Cash on Delivery,Shipped
100662,CUST1153,2026-07-24,Hyderabad,Groceries,Male,20,Regular,4,199,5,756.2,Debit Card,Shipped
100663,CUST1042,2026-04-24,Delhi,Sports,Female,47,Regular,4,299,15,1016.6,UPI,Shipped
100664,CUST1291,2025-05-07,Vijayawada,Home & Kitchen,Female,54,Premium,3,299,5,852.15,Net Banking,Shipped
100665,CUST1185,2026-08-21,Mumbai,Clothing,Male,49,Premium,1,2499,20,1999.2,UPI,Cancelled
100666,CUST1125,2025-01-27,Mumbai,Sports,Male,38,New,3,5999,25,13497.75,UPI,Delivered
100667,CUST1276,2026-04-17,Ahmedabad,Electronics,Female,20,Premium,4,1999,25,5997.0,Net Banking,Returned
100668,CUST1050,2025-11-29,Bengaluru,Sports,Male,22,Premium,5,499,5,2370.25,Net Banking,Returned
100669,CUST1246,2025-04-05,Mumbai,Clothing,Male,31,New,4,999,5,3796.2,Cash on Delivery,Returned
100670,CUST1503,2025-10-19,Mumbai,Books,Male,40,Premium,2,299,10,538.2,UPI,Cancelled
100671,CUST1398,2026-06-09,Delhi,Books,Female,23,Regular,2,1999,15,3398.3,Debit Card,Shipped
100672,CUST1526,2026-03-21,Pune,Mobiles,Male,27,Regular,4,299,0,1196.0,Net Banking,Delivered
100673,CUST1490,2025-10-25,Bengaluru,Home & Kitchen,Male,37,New,4,1599,0,6396.0,Net Banking,Returned
100674,CUST1079,2025-10-30,Hyderabad,Clothing,Female,44,New,5,199,20,796.0,Cash on Delivery,Cancelled
100675,CUST1516,2025-12-30,Hyderabad,Clothing,Female,29,New,3,3999,0,11997.0,Cash on Delivery,Delivered
100676,CUST1466,2025-03-27,Delhi,Books,Female,29,New,4,999,10,3596.4,Credit Card,Delivered
100677,CUST1445,2026-09-11,Kolkata,Electronics,Male,43,New,3,5999,0,17997.0,UPI,Shipped
100678,CUST1499,2026-05-04,Bengaluru,Sports,Female,37,New,4,1599,25,4797.0,Credit Card,Shipped
100679,CUST1193,2025-01-15,Hyderabad,Groceries,Female,27,Premium,2,299,0,598.0,Credit Card,Returned
100680,CUST1475,2026-07-06,Vijayawada,Mobiles,Female,19,New,2,299,10,538.2,Credit Card,Shipped
100681,CUST1461,2026-04-01,Ahmedabad,Groceries,Male,36,Premium,4,1999,0,7996.0,Cash on Delivery,Delivered
100682,CUST1443,2025-12-08,Mumbai,Mobiles,Female,20,Regular,1,299,25,224.25,Cash on Delivery,Returned
100683,CUST1500,2026-06-10,Chennai,Electronics,Male,45,Premium,5,3999,25,14996.25,Debit Card,Delivered
100684,CUST1507,2025-10-02,Ahmedabad,Sports,Female,45,New,4,1999,0,7996.0,Credit Card,Cancelled
100685,CUST1238,2025-07-16,Kolkata,Groceries,Female,47,New,4,1299,15,4416.6,Debit Card,Returned
100686,CUST1213,2026-03-03,Bengaluru,Clothing,Female,26,New,3,1999,5,5697.15,Credit Card,Shipped
100687,CUST1506,2026-09-13,Bengaluru,Groceries,Male,53,New,4,299,15,1016.6,UPI,Cancelled
100688,CUST1179,2025-09-25,Kolkata,Electronics,Male,39,Regular,3,5999,5,17097.15,UPI,Shipped
100689,CUST1265,2025-05-04,Pune,Sports,Male,53,Regular,5,799,15,3395.75,Credit Card,Delivered
100690,CUST1109,2025-02-21,Ahmedabad,Clothing,Male,50,New,4,1999,0,7996.0,Credit Card,Delivered
100691,CUST1300,2025-07-30,Delhi,Mobiles,Male,27,Premium,3,499,25,1122.75,Debit Card,Cancelled
100692,CUST1426,2025-05-22,Hyderabad,Groceries,Female,39,Regular,1,799,15,679.15,Net Banking,Shipped
100693,CUST1425,2025-03-29,Pune,Groceries,Male,51,Regular,3,1299,25,2922.75,Credit Card,Shipped
100694,CUST1529,2026-03-16,Pune,Electronics,Female,27,New,4,1599,15,5436.6,Net Banking,Delivered
100695,CUST1169,2025-03-28,Mumbai,Electronics,Female,20,Premium,3,1299,15,3312.45,Credit Card,Delivered
100696,CUST1567,2026-06-17,Bengaluru,Sports,Female,18,Regular,3,1599,15,4077.45,Net Banking,Shipped
100697,CUST1558,2026-02-18,Ahmedabad,Mobiles,Female,43,New,4,5999,5,22796.2,Debit Card,Delivered
100698,CUST1130,2025-02-07,Kolkata,Books,Male,23,Premium,5,1299,15,5520.75,Net Banking,Cancelled
100699,CUST1024,2026-06-18,Hyderabad,Books,Male,37,Premium,3,5999,5,17097.15,Cash on Delivery,Delivered
100700,CUST1520,2025-03-03,Pune,Clothing,Male,25,Regular,3,999,25,2247.75,Debit Card,Delivered
100701,CUST1596,2026-04-10,Ahmedabad,Groceries,Female,37,Regular,3,799,25,1797.75,Net Banking,Shipped
100702,CUST1336,2026-01-22,Kolkata,Groceries,Female,47,New,5,799,0,3995.0,Credit Card,Returned
100703,CUST1436,2026-02-26,Vijayawada,Mobiles,Male,46,New,1,299,0,299.0,Debit Card,Returned
100704,CUST1271,2026-08-26,Ahmedabad,Mobiles,Female,46,Premium,5,2499,15,10620.75,Cash on Delivery,Returned
100705,CUST1497,2025-06-16,Delhi,Home & Kitchen,Male,31,Regular,2,2499,5,4748.1,Cash on Delivery,Delivered
100706,CUST1419,2025-06-10,Guntur,Clothing,Female,54,Regular,5,1299,0,6495.0,UPI,Shipped
100707,CUST1311,2025-05-01,Bengaluru,Mobiles,Male,27,New,3,999,10,2697.3,Net Banking,Returned
100708,CUST1188,2025-02-19,Delhi,Electronics,Male,53,Regular,3,999,5,2847.15,UPI,Delivered
100709,CUST1580,2026-03-04,Delhi,Sports,Female,48,Premium,4,3999,10,14396.4,Net Banking,Shipped
100710,CUST1461,2025-05-22,Delhi,Home & Kitchen,Female,23,Premium,5,5999,15,25495.75,Net Banking,Returned
100711,CUST1554,2026-02-01,Hyderabad,Mobiles,Female,23,New,2,1599,10,2878.2,UPI,Cancelled
100712,CUST1088,2026-07-29,Chennai,Electronics,Male,48,Premium,1,5999,20,4799.2,UPI,Delivered
100713,CUST1211,2026-06-29,Chennai,Mobiles,Male,52,Premium,2,199,10,358.2,Debit Card,Returned
100714,CUST1349,2026-08-27,Mumbai,Home & Kitchen,Female,19,Premium,1,1999,0,1999.0,Debit Card,Returned
100715,CUST1555,2025-09-21,Vijayawada,Books,Male,29,Regular,1,299,0,299.0,UPI,Shipped
100716,CUST1061,2025-11-11,Ahmedabad,Sports,Male,19,Premium,4,5999,5,22796.2,UPI,Cancelled
100717,CUST1423,2026-02-04,Pune,Books,Female,25,New,1,1299,5,1234.05,Credit Card,Shipped
100718,CUST1521,2026-09-04,Kolkata,Beauty,Male,35,New,5,799,15,3395.75,Debit Card,Returned
100719,CUST1030,2026-07-21,Mumbai,Groceries,Male,35,Premium,4,299,15,1016.6,Net Banking,Delivered
100720,CUST1312,2025-09-10,Ahmedabad,Beauty,Female,23,Premium,5,5999,5,28495.25,Net Banking,Shipped
100721,CUST1252,2025-05-26,Kolkata,Beauty,Female,20,New,3,2499,5,7122.15,Cash on Delivery,Cancelled
100722,CUST1280,2025-06-21,Ahmedabad,Books,Female,40,Premium,1,199,15,169.15,Credit Card,Cancelled
100723,CUST1072,2025-02-16,Bengaluru,Clothing,Female,25,New,2,2499,20,3998.4,Net Banking,Cancelled
100724,CUST1326,2026-03-19,Pune,Books,Female,35,New,2,3999,20,6398.4,Debit Card,Cancelled
100725,CUST1017,2025-08-04,Vijayawada,Electronics,Female,18,New,4,3999,10,14396.4,Credit Card,Returned
100726,CUST1084,2026-07-24,Guntur,Electronics,Female,25,Regular,4,1599,20,5116.8,Cash on Delivery,Cancelled
100727,CUST1474,2026-02-01,Pune,Groceries,Female,18,New,2,199,0,398.0,UPI,Cancelled
100728,CUST1311,2026-01-02,Chennai,Groceries,Female,41,New,2,299,20,478.4,Debit Card,Returned
100729,CUST1406,2026-09-13,Guntur,Books,Female,28,Premium,2,199,5,378.1,Credit Card,Shipped
100730,CUST1067,2025-03-08,Vijayawada,Books,Male,51,Premium,5,499,25,1871.25,Debit Card,Shipped
100731,CUST1574,2025-01-24,Delhi,Electronics,Female,21,Regular,5,3999,10,17995.5,Cash on Delivery,Returned
100732,CUST1478,2025-10-08,Delhi,Sports,Male,32,New,1,5999,20,4799.2,Debit Card,Returned
100733,CUST1402,2026-06-30,Chennai,Sports,Male,54,New,4,1299,0,5196.0,Credit Card,Returned
100734,CUST1338,2025-03-18,Bengaluru,Clothing,Male,19,Regular,2,799,5,1518.1,Cash on Delivery,Delivered
100735,CUST1111,2026-08-30,Delhi,Groceries,Female,21,Regular,3,999,5,2847.15,Net Banking,Shipped
100736,CUST1098,2025-03-16,Delhi,Clothing,Male,21,New,5,3999,15,16995.75,Cash on Delivery,Cancelled
100737,CUST1057,2025-03-08,Bengaluru,Beauty,Male,24,Premium,2,199,15,338.3,UPI,Delivered
100738,CUST1421,2025-10-29,Chennai,Electronics,Female,42,Regular,4,1599,0,6396.0,Cash on Delivery,Delivered
100739,CUST1337,2025-12-14,Ahmedabad,Groceries,Male,24,New,1,1999,20,1599.2,Net Banking,Delivered
100740,CUST1522,2026-08-31,Bengaluru,Sports,Female,48,Premium,2,3999,5,7598.1,Net Banking,Returned
100741,CUST1062,2025-07-10,Vijayawada,Books,Female,50,Premium,2,499,0,998.0,Debit Card,Cancelled
100742,CUST1481,2026-08-21,Bengaluru,Sports,Female,41,New,5,499,5,2370.25,Net Banking,Shipped
100743,CUST1056,2025-02-28,Mumbai,Sports,Male,30,Premium,2,2499,20,3998.4,Credit Card,Delivered
100744,CUST1479,2025-12-16,Ahmedabad,Sports,Female,37,Regular,2,5999,15,10198.3,Debit Card,Shipped
100745,CUST1225,2025-04-18,Hyderabad,Groceries,Male,47,Premium,4,199,15,676.6,Credit Card,Shipped
100746,CUST1410,2026-05-08,Vijayawada,Electronics,Female,18,New,3,1599,5,4557.15,Debit Card,Delivered
100747,CUST1451,2026-07-23,Chennai,Sports,Male,19,New,1,499,10,449.1,Credit Card,Cancelled
100748,CUST1179,2025-06-28,Pune,Groceries,Male,30,New,2,999,25,1498.5,Credit Card,Cancelled
100749,CUST1389,2025-04-14,Guntur,Sports,Male,37,Regular,1,5999,5,5699.05,Credit Card,Cancelled
100750,CUST1445,2026-01-17,Guntur,Clothing,Male,26,New,2,2499,20,3998.4,Credit Card,Returned
100751,CUST1251,2026-01-19,Hyderabad,Groceries,Female,27,Regular,3,3999,15,10197.45,Credit Card,Delivered
100752,CUST1501,2025-10-14,Chennai,Clothing,Female,22,New,2,2499,20,3998.4,Net Banking,Returned
100753,CUST1476,2026-06-06,Vijayawada,Sports,Female,51,Premium,3,1999,20,4797.6,Cash on Delivery,Returned
100754,CUST1598,2026-05-01,Hyderabad,Groceries,Male,30,Regular,3,3999,15,10197.45,Credit Card,Returned
100755,CUST1586,2025-08-12,Vijayawada,Sports,Female,53,New,3,1599,15,4077.45,Credit Card,Delivered
100756,CUST1236,2025-10-30,Ahmedabad,Electronics,Female,50,Premium,4,2499,10,8996.4,Debit Card,Returned
100757,CUST1377,2026-04-07,Delhi,Sports,Female,42,New,4,1599,15,5436.6,Credit Card,Returned
100758,CUST1368,2025-08-28,Guntur,Books,Male,35,New,3,5999,0,17997.0,UPI,Delivered
100759,CUST1206,2025-03-15,Pune,Groceries,Female,34,Regular,3,199,20,477.6,Debit Card,Shipped
100760,CUST1009,2026-09-11,Bengaluru,Books,Female,43,Regular,2,2499,10,4498.2,Net Banking,Delivered
100761,CUST1234,2026-04-29,Chennai,Groceries,Female,32,Premium,5,499,15,2120.75,Net Banking,Returned
100762,CUST1193,2026-04-18,Mumbai,Beauty,Male,46,Regular,3,299,10,807.3,Net Banking,Delivered
100763,CUST1313,2026-01-19,Hyderabad,Mobiles,Female,39,New,2,3999,5,7598.1,Cash on Delivery,Returned
100764,CUST1024,2026-02-18,Ahmedabad,Electronics,Male,27,Regular,5,999,10,4495.5,Net Banking,Returned
100765,CUST1548,2026-01-26,Mumbai,Groceries,Female,24,Regular,2,1599,0,3198.0,Net Banking,Returned
100766,CUST1567,2025-11-08,Vijayawada,Electronics,Female,19,New,1,499,0,499.0,Credit Card,Delivered
100767,CUST1299,2026-01-31,Kolkata,Clothing,Female,21,Regular,3,799,5,2277.15,Net Banking,Delivered
100768,CUST1161,2025-06-25,Guntur,Home & Kitchen,Female,48,Premium,3,1599,15,4077.45,UPI,Returned
100769,CUST1443,2025-07-31,Delhi,Home & Kitchen,Female,55,New,2,799,10,1438.2,Net Banking,Returned
100770,CUST1457,2025-10-10,Guntur,Beauty,Male,51,Regular,2,199,5,378.1,Net Banking,Returned
100771,CUST1094,2026-04-17,Bengaluru,Mobiles,Female,37,Regular,4,3999,0,15996.0,Net Banking,Shipped
100772,CUST1443,2026-03-02,Delhi,Beauty,Male,54,New,2,499,20,798.4,Cash on Delivery,Delivered
100773,CUST1551,2025-09-03,Bengaluru,Clothing,Male,49,Regular,2,999,25,1498.5,Net Banking,Delivered
100774,CUST1334,2026-01-13,Mumbai,Mobiles,Male,34,New,1,299,20,239.2,Net Banking,Delivered
100775,CUST1473,2026-04-19,Mumbai,Sports,Female,30,Regular,1,299,25,224.25,UPI,Delivered
100776,CUST1476,2025-09-14,Delhi,Mobiles,Male,23,Premium,1,499,10,449.1,Credit Card,Returned
100777,CUST1175,2025-05-24,Hyderabad,Clothing,Male,36,New,4,999,5,3796.2,Net Banking,Returned
100778,CUST1280,2025-06-22,Vijayawada,Mobiles,Female,29,New,1,5999,0,5999.0,UPI,Shipped
100779,CUST1106,2026-03-29,Mumbai,Books,Female,21,Premium,1,5999,20,4799.2,UPI,Delivered
100780,CUST1245,2026-01-22,Chennai,Clothing,Male,44,New,2,799,10,1438.2,UPI,Cancelled
100781,CUST1172,2025-07-16,Vijayawada,Electronics,Female,50,New,1,799,0,799.0,Debit Card,Cancelled
100782,CUST1555,2026-07-30,Mumbai,Beauty,Male,32,New,2,3999,5,7598.1,UPI,Cancelled
100783,CUST1324,2025-11-28,Hyderabad,Beauty,Male,47,New,2,199,15,338.3,UPI,Cancelled
100784,CUST1421,2026-01-13,Bengaluru,Mobiles,Male,52,Premium,1,299,5,284.05,Credit Card,Cancelled
100785,CUST1398,2025-04-08,Vijayawada,Sports,Male,38,Premium,5,1299,25,4871.25,Cash on Delivery,Delivered
100786,CUST1460,2025-12-10,Mumbai,Groceries,Male,32,New,1,3999,20,3199.2,Net Banking,Delivered
100787,CUST1082,2025-11-13,Hyderabad,Home & Kitchen,Female,49,Regular,2,1599,5,3038.1,Credit Card,Shipped
100788,CUST1244,2026-01-20,Ahmedabad,Mobiles,Female,26,Regular,2,5999,0,11998.0,Debit Card,Delivered
100789,CUST1025,2026-06-18,Chennai,Sports,Female,33,New,4,5999,10,21596.4,Net Banking,Delivered
100790,CUST1534,2025-09-12,Pune,Home & Kitchen,Female,18,New,2,3999,15,6798.3,Cash on Delivery,Delivered
100791,CUST1210,2025-07-17,Vijayawada,Clothing,Male,55,Premium,1,5999,5,5699.05,Credit Card,Shipped
100792,CUST1479,2026-06-04,Bengaluru,Home & Kitchen,Male,33,Regular,1,1599,25,1199.25,Credit Card,Shipped
100793,CUST1207,2025-11-07,Bengaluru,Mobiles,Male,41,Regular,3,3999,15,10197.45,Cash on Delivery,Shipped
100794,CUST1444,2026-04-28,Vijayawada,Mobiles,Male,42,Regular,4,1599,20,5116.8,UPI,Cancelled
100795,CUST1180,2026-09-02,Bengaluru,Beauty,Female,37,Regular,5,499,20,1996.0,Debit Card,Returned
100796,CUST1342,2026-07-30,Vijayawada,Mobiles,Male,27,New,5,1999,0,9995.0,UPI,Delivered
100797,CUST1426,2026-05-28,Mumbai,Sports,Female,49,Regular,3,1999,15,5097.45,Net Banking,Delivered
100798,CUST1580,2026-02-23,Vijayawada,Groceries,Female,34,Premium,1,299,15,254.15,Debit Card,Returned
100799,CUST1435,2026-01-13,Chennai,Groceries,Female,20,Regular,1,5999,15,5099.15,UPI,Shipped
100800,CUST1151,2025-09-25,Bengaluru,Groceries,Male,18,New,5,1999,25,7496.25,UPI,Returned
100801,CUST1194,2026-02-12,Mumbai,Home & Kitchen,Female,34,Premium,5,299,20,1196.0,Debit Card,Returned
100802,CUST1092,2026-08-24,Guntur,Sports,Male,35,Premium,3,1599,25,3597.75,Credit Card,Returned
100803,CUST1002,2025-11-12,Guntur,Clothing,Female,51,Regular,1,499,15,424.15,Debit Card,Returned
100804,CUST1138,2025-06-24,Chennai,Mobiles,Male,50,New,2,1299,5,2468.1,Cash on Delivery,Shipped
100805,CUST1188,2025-07-10,Chennai,Books,Female,46,Premium,2,199,25,298.5,Net Banking,Delivered
100806,CUST1387,2025-06-20,Guntur,Books,Male,39,New,1,999,0,999.0,Net Banking,Shipped
100807,CUST1010,2026-05-05,Hyderabad,Books,Male,55,New,4,5999,0,23996.0,UPI,Shipped
100808,CUST1533,2026-06-19,Bengaluru,Mobiles,Female,39,Premium,1,1599,20,1279.2,Cash on Delivery,Cancelled
100809,CUST1370,2026-01-15,Mumbai,Beauty,Male,40,Regular,3,1299,5,3702.15,UPI,Delivered
100810,CUST1126,2026-04-13,Kolkata,Books,Male,41,Regular,4,499,0,1996.0,Net Banking,Returned
100811,CUST1004,2026-06-12,Pune,Electronics,Female,20,Premium,4,5999,5,22796.2,Debit Card,Returned
100812,CUST1084,2025-08-28,Pune,Beauty,Female,24,Premium,5,1999,15,8495.75,Cash on Delivery,Cancelled
100813,CUST1586,2026-09-14,Kolkata,Electronics,Male,49,New,2,499,20,798.4,Debit Card,Returned
100814,CUST1554,2025-06-22,Chennai,Groceries,Male,28,Premium,4,299,15,1016.6,UPI,Delivered
100815,CUST1393,2026-03-22,Bengaluru,Groceries,Female,48,Premium,1,499,10,449.1,UPI,Shipped
100816,CUST1341,2026-07-02,Chennai,Clothing,Female,42,Premium,4,299,25,897.0,Cash on Delivery,Returned
100817,CUST1298,2025-08-27,Guntur,Clothing,Male,39,Premium,2,999,0,1998.0,Net Banking,Shipped
100818,CUST1321,2025-04-29,Mumbai,Electronics,Female,21,Premium,5,1299,5,6170.25,Net Banking,Shipped
100819,CUST1130,2026-02-02,Kolkata,Groceries,Male,43,New,4,1299,10,4676.4,Net Banking,Returned
100820,CUST1512,2025-11-20,Delhi,Home & Kitchen,Female,27,Premium,2,999,5,1898.1,UPI,Cancelled
100821,CUST1588,2025-11-13,Delhi,Groceries,Female,36,Premium,5,299,10,1345.5,Cash on Delivery,Delivered
100822,CUST1231,2025-12-08,Hyderabad,Home & Kitchen,Female,43,Regular,2,799,25,1198.5,Credit Card,Delivered
100823,CUST1485,2026-07-16,Pune,Beauty,Female,22,Premium,4,1299,15,4416.6,Debit Card,Cancelled
100824,CUST1135,2025-07-19,Pune,Electronics,Female,47,Premium,5,1599,0,7995.0,Credit Card,Shipped
100825,CUST1215,2026-03-29,Chennai,Groceries,Male,41,Premium,4,999,5,3796.2,Net Banking,Delivered
100826,CUST1173,2025-06-01,Hyderabad,Clothing,Female,48,New,4,1599,25,4797.0,UPI,Delivered
100827,CUST1153,2026-06-12,Mumbai,Groceries,Male,25,New,3,3999,15,10197.45,Cash on Delivery,Returned
100828,CUST1385,2025-11-06,Guntur,Mobiles,Female,35,Premium,5,499,25,1871.25,Cash on Delivery,Cancelled
100829,CUST1125,2025-01-12,Delhi,Groceries,Male,55,Premium,1,299,0,299.0,Net Banking,Returned
100830,CUST1394,2025-10-08,Delhi,Beauty,Female,54,New,1,3999,5,3799.05,UPI,Cancelled
100831,CUST1021,2025-03-07,Mumbai,Mobiles,Male,51,Premium,5,499,15,2120.75,Net Banking,Delivered
100832,CUST1185,2025-08-01,Hyderabad,Mobiles,Female,25,New,1,499,20,399.2,Credit Card,Shipped
100833,CUST1036,2025-06-15,Guntur,Clothing,Female,41,Premium,1,2499,10,2249.1,Credit Card,Returned
100834,CUST1532,2025-01-01,Bengaluru,Mobiles,Male,54,Regular,2,999,0,1998.0,Debit Card,Cancelled
100835,CUST1102,2026-09-13,Hyderabad,Groceries,Male,30,New,5,2499,5,11870.25,Debit Card,Shipped
100836,CUST1368,2025-05-18,Bengaluru,Home & Kitchen,Female,22,Premium,5,2499,5,11870.25,Debit Card,Cancelled
100837,CUST1086,2026-01-26,Bengaluru,Beauty,Male,52,New,2,1599,15,2718.3,UPI,Cancelled
100838,CUST1524,2025-07-17,Ahmedabad,Home & Kitchen,Female,27,Regular,3,3999,25,8997.75,Cash on Delivery,Returned
100839,CUST1277,2025-01-27,Guntur,Clothing,Female,22,Regular,5,799,0,3995.0,UPI,Cancelled
100840,CUST1281,2025-12-08,Hyderabad,Clothing,Female,32,Regular,3,499,5,1422.15,UPI,Delivered
100841,CUST1502,2025-06-29,Guntur,Sports,Female,53,Regular,5,999,20,3996.0,Net Banking,Delivered
100842,CUST1186,2025-02-19,Pune,Beauty,Female,55,New,2,1299,15,2208.3,Debit Card,Delivered
100843,CUST1147,2026-06-10,Mumbai,Books,Male,41,Premium,2,5999,5,11398.1,Credit Card,Returned
100844,CUST1480,2026-04-14,Kolkata,Books,Female,45,Premium,2,1999,10,3598.2,Credit Card,Cancelled
100845,CUST1093,2025-03-31,Guntur,Clothing,Male,23,New,3,1599,10,4317.3,Net Banking,Delivered
100846,CUST1011,2025-03-28,Mumbai,Home & Kitchen,Female,49,Premium,3,2499,15,6372.45,Net Banking,Delivered
100847,CUST1008,2026-02-20,Mumbai,Sports,Male,51,Premium,1,3999,5,3799.05,Net Banking,Delivered
100848,CUST1537,2026-09-14,Chennai,Home & Kitchen,Male,41,New,4,499,25,1497.0,Net Banking,Cancelled
100849,CUST1175,2025-02-22,Pune,Clothing,Female,33,Premium,4,1999,15,6796.6,UPI,Cancelled
100850,CUST1219,2025-11-03,Hyderabad,Beauty,Male,37,Premium,4,999,10,3596.4,Net Banking,Delivered
100851,CUST1365,2026-04-20,Hyderabad,Mobiles,Female,37,Regular,5,1999,0,9995.0,UPI,Delivered
100852,CUST1010,2025-12-25,Guntur,Beauty,Female,30,New,2,1599,10,2878.2,Net Banking,Shipped
100853,CUST1160,2026-02-25,Bengaluru,Groceries,Female,43,Regular,1,1999,0,1999.0,Debit Card,Cancelled
100854,CUST1112,2026-03-15,Delhi,Mobiles,Male,26,Regular,2,2499,10,4498.2,Cash on Delivery,Delivered
100855,CUST1292,2026-01-03,Hyderabad,Home & Kitchen,Female,44,Premium,2,299,5,568.1,Debit Card,Delivered
100856,CUST1273,2025-06-14,Guntur,Beauty,Female,53,Regular,2,1999,25,2998.5,Credit Card,Cancelled
100857,CUST1113,2026-02-14,Guntur,Electronics,Male,27,Regular,5,1599,5,7595.25,Net Banking,Delivered
100858,CUST1440,2025-08-31,Ahmedabad,Electronics,Female,48,Regular,1,5999,10,5399.1,Debit Card,Returned
100859,CUST1157,2025-03-26,Kolkata,Home & Kitchen,Male,35,New,4,799,20,2556.8,Debit Card,Shipped
100860,CUST1106,2026-03-16,Kolkata,Home & Kitchen,Male,55,Premium,2,1999,25,2998.5,Credit Card,Shipped
100861,CUST1281,2025-05-04,Chennai,Home & Kitchen,Female,19,Premium,2,1599,0,3198.0,Credit Card,Delivered
100862,CUST1314,2025-02-22,Chennai,Groceries,Female,45,Regular,4,1599,20,5116.8,UPI,Returned
100863,CUST1373,2025-02-22,Bengaluru,Sports,Female,33,Regular,3,299,10,807.3,UPI,Shipped
100864,CUST1330,2025-02-11,Chennai,Books,Female,35,Premium,1,199,25,149.25,UPI,Returned
100865,CUST1343,2025-07-09,Bengaluru,Clothing,Male,18,Premium,3,1999,10,5397.3,Net Banking,Shipped
100866,CUST1542,2025-12-06,Ahmedabad,Sports,Male,35,New,3,1299,25,2922.75,Net Banking,Returned
100867,CUST1124,2025-03-31,Hyderabad,Groceries,Male,46,New,1,499,25,374.25,UPI,Cancelled
100868,CUST1158,2025-11-05,Hyderabad,Home & Kitchen,Male,44,Premium,4,799,20,2556.8,Debit Card,Cancelled
100869,CUST1121,2026-01-10,Mumbai,Clothing,Female,44,Premium,4,5999,25,17997.0,Net Banking,Delivered
100870,CUST1133,2025-06-20,Bengaluru,Electronics,Male,30,Premium,5,999,25,3746.25,Cash on Delivery,Returned
100871,CUST1449,2026-06-30,Kolkata,Beauty,Female,43,Premium,5,299,5,1420.25,Debit Card,Shipped
100872,CUST1224,2025-07-08,Ahmedabad,Electronics,Female,50,Premium,1,499,20,399.2,Net Banking,Cancelled
100873,CUST1275,2025-11-07,Kolkata,Clothing,Male,32,New,2,999,25,1498.5,Net Banking,Shipped
100874,CUST1285,2025-10-26,Vijayawada,Books,Male,33,New,1,5999,5,5699.05,Net Banking,Delivered
100875,CUST1378,2025-01-02,Pune,Clothing,Female,26,Regular,3,5999,20,14397.6,Net Banking,Cancelled
100876,CUST1365,2025-11-29,Chennai,Books,Male,34,New,1,5999,0,5999.0,Net Banking,Delivered
100877,CUST1565,2026-01-27,Chennai,Mobiles,Male,38,Regular,3,5999,25,13497.75,Credit Card,Returned
100878,CUST1445,2025-06-09,Pune,Home & Kitchen,Female,23,Regular,4,799,25,2397.0,Credit Card,Returned
100879,CUST1503,2025-07-09,Vijayawada,Books,Male,37,New,2,799,20,1278.4,Credit Card,Returned
100880,CUST1074,2026-09-15,Mumbai,Groceries,Female,43,New,2,299,5,568.1,Net Banking,Shipped
100881,CUST1394,2025-01-13,Hyderabad,Clothing,Male,20,New,5,299,15,1270.75,Credit Card,Delivered
100882,CUST1014,2025-10-02,Hyderabad,Clothing,Female,23,New,2,5999,20,9598.4,Credit Card,Returned
100883,CUST1340,2026-07-31,Delhi,Home & Kitchen,Male,21,Premium,4,499,10,1796.4,Debit Card,Delivered
100884,CUST1304,2025-01-22,Guntur,Beauty,Male,18,New,1,299,20,239.2,UPI,Shipped
100885,CUST1294,2026-03-14,Chennai,Beauty,Male,49,New,4,499,10,1796.4,UPI,Shipped
100886,CUST1342,2025-04-15,Guntur,Sports,Male,20,Premium,3,1299,0,3897.0,Credit Card,Shipped
100887,CUST1186,2026-03-15,Mumbai,Home & Kitchen,Female,36,Regular,5,1299,20,5196.0,UPI,Cancelled
100888,CUST1079,2026-05-27,Hyderabad,Home & Kitchen,Male,38,New,3,999,25,2247.75,Cash on Delivery,Returned
100889,CUST1438,2026-05-05,Bengaluru,Home & Kitchen,Male,38,New,1,299,20,239.2,Credit Card,Returned
100890,CUST1493,2025-12-28,Mumbai,Sports,Male,33,Regular,3,1999,15,5097.45,Cash on Delivery,Returned
100891,CUST1550,2026-07-06,Chennai,Beauty,Male,55,Premium,5,1999,20,7996.0,Cash on Delivery,Shipped
100892,CUST1209,2025-03-31,Hyderabad,Sports,Female,26,New,2,1299,0,2598.0,UPI,Cancelled
100893,CUST1148,2026-01-05,Kolkata,Beauty,Male,31,New,2,999,15,1698.3,UPI,Shipped
100894,CUST1027,2025-05-01,Mumbai,Sports,Male,24,Premium,2,1599,25,2398.5,Net Banking,Delivered
100895,CUST1151,2026-05-04,Pune,Home & Kitchen,Male,33,New,5,499,0,2495.0,UPI,Returned
100896,CUST1144,2025-06-03,Kolkata,Books,Female,44,Premium,2,1999,25,2998.5,Debit Card,Returned
100897,CUST1062,2025-01-14,Hyderabad,Home & Kitchen,Male,18,Regular,3,299,5,852.15,Cash on Delivery,Returned
100898,CUST1314,2026-07-22,Chennai,Beauty,Male,35,New,3,3999,20,9597.6,Net Banking,Returned
100899,CUST1058,2025-05-09,Chennai,Beauty,Male,53,Premium,2,1599,20,2558.4,UPI,Returned
100900,CUST1415,2026-05-04,Mumbai,Home & Kitchen,Male,41,Premium,3,5999,25,13497.75,Cash on Delivery,Shipped
100901,CUST1372,2025-10-04,Ahmedabad,Sports,Male,33,Regular,1,299,0,299.0,Credit Card,Delivered
100902,CUST1317,2025-03-08,Chennai,Groceries,Male,33,Regular,2,3999,0,7998.0,UPI,Delivered
100903,CUST1323,2026-08-01,Guntur,Books,Male,40,Regular,4,199,0,796.0,Cash on Delivery,Shipped
100904,CUST1100,2025-11-19,Pune,Beauty,Male,50,New,4,1299,5,4936.2,UPI,Returned
100905,CUST1166,2026-05-04,Vijayawada,Mobiles,Male,23,Premium,5,199,10,895.5,Credit Card,Shipped
100906,CUST1536,2025-05-25,Pune,Mobiles,Male,39,Regular,2,2499,20,3998.4,Debit Card,Returned
100907,CUST1077,2025-02-10,Vijayawada,Mobiles,Male,18,New,4,799,5,3036.2,Debit Card,Delivered
100908,CUST1174,2026-05-26,Bengaluru,Home & Kitchen,Male,35,Premium,1,1999,10,1799.1,Debit Card,Cancelled
100909,CUST1472,2025-04-02,Bengaluru,Mobiles,Female,46,Premium,1,499,25,374.25,Credit Card,Delivered
100910,CUST1294,2026-08-06,Mumbai,Beauty,Male,46,Regular,4,199,10,716.4,Net Banking,Cancelled
100911,CUST1519,2026-01-18,Delhi,Books,Male,21,Premium,1,5999,15,5099.15,Credit Card,Delivered
100912,CUST1163,2025-06-08,Ahmedabad,Beauty,Male,32,Regular,1,999,15,849.15,Cash on Delivery,Delivered
100913,CUST1548,2025-12-24,Delhi,Clothing,Male,29,Premium,4,1999,25,5997.0,UPI,Returned
100914,CUST1067,2026-03-20,Pune,Sports,Female,31,Premium,2,1599,10,2878.2,Cash on Delivery,Delivered
100915,CUST1160,2025-10-13,Delhi,Home & Kitchen,Male,38,Premium,4,199,20,636.8,UPI,Returned
100916,CUST1219,2025-03-05,Hyderabad,Groceries,Male,45,Regular,3,1599,15,4077.45,Debit Card,Shipped
100917,CUST1415,2025-03-27,Guntur,Books,Female,44,Premium,2,299,10,538.2,Credit Card,Cancelled
100918,CUST1351,2025-07-08,Bengaluru,Home & Kitchen,Male,40,Regular,1,299,15,254.15,Cash on Delivery,Returned
100919,CUST1585,2026-07-03,Mumbai,Electronics,Male,22,Premium,2,1599,10,2878.2,Net Banking,Shipped
100920,CUST1470,2025-11-28,Vijayawada,Mobiles,Female,25,Premium,3,199,5,567.15,Cash on Delivery,Cancelled
100921,CUST1461,2026-06-18,Ahmedabad,Clothing,Male,31,Premium,1,1999,5,1899.05,Credit Card,Returned
100922,CUST1222,2026-07-14,Pune,Groceries,Male,54,New,2,3999,15,6798.3,Debit Card,Cancelled
100923,CUST1128,2025-01-17,Delhi,Mobiles,Female,44,Regular,3,999,20,2397.6,Debit Card,Returned
100924,CUST1470,2026-06-20,Mumbai,Sports,Male,53,Premium,3,299,5,852.15,Credit Card,Returned
100925,CUST1448,2026-01-26,Bengaluru,Clothing,Male,24,New,3,5999,25,13497.75,UPI,Returned
100926,CUST1103,2025-04-17,Delhi,Electronics,Female,44,New,4,3999,20,12796.8,Credit Card,Returned
100927,CUST1481,2026-07-19,Guntur,Sports,Female,44,Premium,4,299,5,1136.2,Cash on Delivery,Delivered
100928,CUST1275,2026-01-19,Bengaluru,Books,Female,33,New,2,2499,10,4498.2,Cash on Delivery,Delivered
100929,CUST1532,2025-01-16,Ahmedabad,Sports,Female,28,Premium,1,499,10,449.1,Cash on Delivery,Shipped
100930,CUST1403,2026-07-24,Hyderabad,Beauty,Male,42,Premium,4,799,20,2556.8,Credit Card,Returned
100931,CUST1237,2025-11-22,Guntur,Home & Kitchen,Male,54,Regular,5,499,15,2120.75,Debit Card,Shipped
100932,CUST1027,2025-11-27,Mumbai,Electronics,Male,19,Premium,2,299,0,598.0,Net Banking,Delivered
100933,CUST1134,2026-08-09,Delhi,Sports,Male,33,Premium,4,199,25,597.0,Credit Card,Cancelled
100934,CUST1388,2025-07-18,Bengaluru,Electronics,Female,23,New,5,799,25,2996.25,UPI,Delivered
100935,CUST1110,2025-04-24,Vijayawada,Books,Female,29,New,4,3999,0,15996.0,UPI,Returned
100936,CUST1503,2026-01-06,Hyderabad,Beauty,Male,49,Premium,2,1599,0,3198.0,UPI,Shipped
100937,CUST1462,2026-03-06,Vijayawada,Home & Kitchen,Female,18,New,4,1299,25,3897.0,Net Banking,Delivered
100938,CUST1560,2025-05-01,Hyderabad,Home & Kitchen,Female,25,New,3,1299,15,3312.45,Net Banking,Delivered
100939,CUST1157,2026-07-03,Chennai,Sports,Male,31,New,1,2499,20,1999.2,Debit Card,Shipped
100940,CUST1281,2025-08-14,Delhi,Groceries,Male,40,Premium,1,499,10,449.1,Net Banking,Cancelled
100941,CUST1410,2026-04-24,Chennai,Books,Male,30,Premium,4,1599,20,5116.8,Debit Card,Returned
100942,CUST1170,2025-04-16,Chennai,Mobiles,Female,46,Regular,5,3999,10,17995.5,Net Banking,Cancelled
100943,CUST1393,2025-11-23,Mumbai,Groceries,Female,41,Premium,5,299,20,1196.0,UPI,Returned
100944,CUST1420,2025-06-21,Bengaluru,Sports,Female,19,New,1,2499,10,2249.1,Credit Card,Cancelled
100945,CUST1075,2026-03-16,Chennai,Sports,Female,27,Regular,2,1299,5,2468.1,UPI,Delivered
100946,CUST1477,2025-11-23,Ahmedabad,Sports,Male,53,New,1,1299,5,1234.05,Cash on Delivery,Cancelled
100947,CUST1106,2026-09-09,Kolkata,Books,Male,54,Premium,2,2499,5,4748.1,Cash on Delivery,Returned
100948,CUST1051,2025-11-22,Delhi,Mobiles,Male,35,Regular,3,799,5,2277.15,UPI,Delivered
100949,CUST1393,2026-04-09,Chennai,Electronics,Female,19,Premium,2,3999,10,7198.2,Net Banking,Delivered
100950,CUST1038,2026-04-18,Kolkata,Electronics,Female,19,New,3,499,15,1272.45,Cash on Delivery,Delivered
100951,CUST1355,2026-03-02,Mumbai,Clothing,Female,49,Premium,3,999,10,2697.3,UPI,Returned
100952,CUST1125,2025-11-02,Pune,Clothing,Male,32,New,4,1999,25,5997.0,UPI,Shipped
100953,CUST1175,2025-04-18,Guntur,Groceries,Female,52,New,3,1599,5,4557.15,UPI,Cancelled
100954,CUST1077,2025-02-14,Bengaluru,Sports,Female,35,Premium,1,199,10,179.1,Credit Card,Shipped
100955,CUST1327,2026-08-21,Vijayawada,Beauty,Female,25,Premium,4,299,5,1136.2,Net Banking,Shipped
100956,CUST1288,2026-08-15,Pune,Mobiles,Male,23,Regular,4,5999,15,20396.6,Debit Card,Delivered
100957,CUST1211,2025-12-28,Guntur,Clothing,Female,21,New,5,799,25,2996.25,UPI,Shipped
100958,CUST1108,2026-04-25,Pune,Groceries,Female,37,Premium,4,799,15,2716.6,Cash on Delivery,Shipped
100959,CUST1373,2026-06-01,Mumbai,Mobiles,Male,43,New,1,499,5,474.05,UPI,Cancelled
100960,CUST1592,2026-03-10,Guntur,Home & Kitchen,Female,24,Premium,2,5999,10,10798.2,UPI,Shipped
100961,CUST1030,2025-01-17,Delhi,Mobiles,Female,34,New,4,499,10,1796.4,Net Banking,Delivered
100962,CUST1407,2025-12-29,Kolkata,Beauty,Female,21,Regular,4,799,5,3036.2,Debit Card,Cancelled
100963,CUST1433,2025-04-11,Chennai,Books,Male,43,New,1,5999,15,5099.15,Net Banking,Cancelled
100964,CUST1444,2026-06-27,Guntur,Electronics,Male,25,New,5,1999,20,7996.0,UPI,Delivered
100965,CUST1068,2025-02-06,Kolkata,Clothing,Female,32,Premium,5,999,5,4745.25,Cash on Delivery,Returned
100966,CUST1275,2026-02-07,Delhi,Groceries,Male,31,Regular,1,799,25,599.25,Debit Card,Cancelled
100967,CUST1489,2025-01-04,Bengaluru,Groceries,Male,38,Premium,1,499,20,399.2,UPI,Shipped
100968,CUST1014,2025-07-11,Delhi,Beauty,Female,19,New,3,1999,5,5697.15,Debit Card,Delivered
100969,CUST1486,2025-06-24,Ahmedabad,Electronics,Female,33,Regular,1,3999,10,3599.1,UPI,Delivered
100970,CUST1234,2025-01-18,Kolkata,Home & Kitchen,Male,24,New,5,5999,10,26995.5,Debit Card,Cancelled
100971,CUST1264,2026-04-09,Delhi,Books,Female,47,New,4,1299,20,4156.8,Debit Card,Cancelled
100972,CUST1496,2025-12-08,Guntur,Books,Male,27,Regular,5,5999,20,23996.0,Credit Card,Shipped
100973,CUST1592,2026-01-01,Mumbai,Sports,Male,23,New,4,199,5,756.2,Cash on Delivery,Delivered
100974,CUST1180,2025-10-08,Bengaluru,Sports,Female,43,Premium,5,1999,20,7996.0,Cash on Delivery,Cancelled
100975,CUST1533,2025-11-13,Pune,Clothing,Female,47,Premium,2,199,20,318.4,Debit Card,Cancelled
100976,CUST1151,2025-04-23,Delhi,Home & Kitchen,Female,53,Premium,1,1999,25,1499.25,Credit Card,Cancelled
100977,CUST1016,2026-05-14,Delhi,Electronics,Male,36,Premium,3,299,10,807.3,UPI,Delivered
100978,CUST1361,2026-05-16,Hyderabad,Electronics,Female,26,Regular,3,199,15,507.45,Debit Card,Shipped
100979,CUST1202,2025-03-30,Mumbai,Clothing,Female,32,New,3,499,25,1122.75,Cash on Delivery,Cancelled
100980,CUST1101,2025-09-12,Bengaluru,Books,Female,29,Premium,4,1599,15,5436.6,Cash on Delivery,Cancelled
100981,CUST1257,2026-08-16,Vijayawada,Beauty,Male,37,Regular,2,5999,5,11398.1,UPI,Cancelled
100982,CUST1385,2026-08-04,Mumbai,Clothing,Male,51,Regular,4,2499,5,9496.2,Debit Card,Cancelled
100983,CUST1431,2026-04-25,Mumbai,Mobiles,Male,53,New,3,1599,15,4077.45,Cash on Delivery,Delivered
100984,CUST1595,2025-05-24,Kolkata,Sports,Male,52,Premium,5,999,5,4745.25,Debit Card,Delivered
100985,CUST1007,2026-02-07,Delhi,Mobiles,Male,23,New,2,1599,25,2398.5,Debit Card,Delivered
100986,CUST1580,2025-12-08,Delhi,Sports,Male,25,Premium,5,299,10,1345.5,Net Banking,Delivered
100987,CUST1508,2025-07-29,Vijayawada,Groceries,Male,37,Premium,5,499,20,1996.0,Debit Card,Delivered
100988,CUST1069,2026-05-12,Hyderabad,Home & Kitchen,Male,51,New,5,799,0,3995.0,Credit Card,Shipped
100989,CUST1455,2025-04-17,Mumbai,Electronics,Male,37,Regular,4,199,20,636.8,Cash on Delivery,Shipped
100990,CUST1450,2025-08-29,Ahmedabad,Clothing,Female,27,Premium,5,999,20,3996.0,UPI,Shipped
100991,CUST1560,2025-05-26,Chennai,Mobiles,Female,36,Regular,2,499,20,798.4,UPI,Returned
100992,CUST1110,2026-01-12,Delhi,Beauty,Female,27,New,3,1599,15,4077.45,Debit Card,Returned
100993,CUST1595,2025-05-04,Bengaluru,Electronics,Female,20,Regular,5,1599,0,7995.0,Credit Card,Returned
100994,CUST1367,2026-04-15,Kolkata,Groceries,Female,51,Regular,3,199,5,567.15,Net Banking,Delivered
100995,CUST1577,2025-06-28,Pune,Mobiles,Male,35,Premium,2,1299,25,1948.5,Debit Card,Returned
100996,CUST1185,2025-03-11,Ahmedabad,Books,Male,38,Premium,4,1599,15,5436.6,Net Banking,Cancelled
100997,CUST1047,2026-08-22,Hyderabad,Home & Kitchen,Male,24,Premium,5,1599,0,7995.0,UPI,Returned
100998,CUST1243,2026-05-03,Guntur,Home & Kitchen,Female,44,New,3,799,25,1797.75,UPI,Cancelled
100999,CUST1384,2025-04-28,Ahmedabad,Electronics,Male,38,New,1,299,15,254.15,Cash on Delivery,Returned
101000,CUST1201,2025-05-17,Bengaluru,Mobiles,Female,36,New,5,2499,5,11870.25,Credit Card,Shipped
101001,CUST1597,2026-03-21,Hyderabad,Clothing,Male,20,New,5,799,0,3995.0,UPI,Cancelled
101002,CUST1349,2026-02-22,Vijayawada,Mobiles,Male,31,Premium,5,2499,0,12495.0,Cash on Delivery,Cancelled
101003,CUST1069,2026-01-01,Delhi,Beauty,Female,22,Premium,5,2499,5,11870.25,UPI,Shipped
101004,CUST1511,2026-06-14,Chennai,Electronics,Female,19,New,3,299,0,897.0,Debit Card,Cancelled
101005,CUST1295,2026-02-04,Guntur,Groceries,Female,43,Premium,3,299,5,852.15,UPI,Delivered
101006,CUST1031,2026-08-20,Hyderabad,Sports,Female,34,New,4,999,25,2997.0,Debit Card,Delivered
101007,CUST1338,2025-05-23,Hyderabad,Groceries,Female,22,Premium,2,2499,25,3748.5,Net Banking,Delivered
101008,CUST1083,2025-12-21,Kolkata,Mobiles,Male,35,Premium,1,1599,20,1279.2,UPI,Delivered
101009,CUST1359,2025-02-06,Mumbai,Mobiles,Female,32,New,4,2499,5,9496.2,UPI,Delivered
101010,CUST1019,2025-07-20,Kolkata,Mobiles,Male,42,Regular,5,3999,15,16995.75,Credit Card,Returned
101011,CUST1449,2026-03-14,Guntur,Sports,Female,30,Regular,5,499,0,2495.0,Cash on Delivery,Delivered
101012,CUST1011,2025-09-01,Chennai,Beauty,Male,18,Premium,2,299,20,478.4,Credit Card,Delivered
101013,CUST1185,2025-03-20,Bengaluru,Electronics,Female,40,Premium,1,499,15,424.15,Credit Card,Cancelled
101014,CUST1126,2025-05-13,Guntur,Clothing,Female,52,New,5,1599,15,6795.75,Cash on Delivery,Cancelled
101015,CUST1565,2025-08-14,Bengaluru,Groceries,Female,38,Premium,4,999,10,3596.4,Net Banking,Delivered
101016,CUST1498,2025-02-25,Bengaluru,Clothing,Male,26,Premium,3,1599,25,3597.75,Credit Card,Cancelled
101017,CUST1146,2026-07-21,Hyderabad,Groceries,Female,47,New,2,299,10,538.2,UPI,Returned
101018,CUST1394,2025-02-04,Bengaluru,Clothing,Male,35,Premium,3,999,20,2397.6,Cash on Delivery,Returned
101019,CUST1046,2025-01-20,Chennai,Groceries,Female,29,Premium,4,1599,15,5436.6,Cash on Delivery,Delivered
101020,CUST1027,2025-11-09,Ahmedabad,Sports,Female,55,New,1,2499,10,2249.1,UPI,Cancelled
101021,CUST1567,2026-03-21,Mumbai,Books,Female,45,Premium,4,199,0,796.0,Net Banking,Cancelled
101022,CUST1244,2025-06-16,Vijayawada,Electronics,Female,35,New,4,1999,25,5997.0,Credit Card,Cancelled
101023,CUST1281,2025-12-12,Pune,Books,Female,18,New,5,1599,0,7995.0,Debit Card,Cancelled
101024,CUST1018,2025-09-28,Delhi,Electronics,Female,20,Regular,2,1999,15,3398.3,Cash on Delivery,Shipped
101025,CUST1284,2026-02-23,Ahmedabad,Sports,Male,46,New,1,3999,0,3999.0,Debit Card,Cancelled
101026,CUST1179,2025-09-23,Vijayawada,Electronics,Male,25,Premium,4,499,5,1896.2,UPI,Shipped
101027,CUST1043,2026-06-03,Kolkata,Groceries,Male,34,Regular,4,3999,10,14396.4,UPI,Cancelled
101028,CUST1359,2026-07-08,Guntur,Clothing,Female,25,Premium,1,3999,5,3799.05,UPI,Shipped
101029,CUST1426,2025-07-28,Guntur,Beauty,Female,27,New,3,3999,10,10797.3,Debit Card,Cancelled
101030,CUST1482,2025-12-10,Bengaluru,Electronics,Male,41,New,4,5999,10,21596.4,Debit Card,Shipped
101031,CUST1217,2026-08-29,Pune,Sports,Male,42,Premium,1,299,20,239.2,UPI,Shipped
101032,CUST1579,2026-01-26,Kolkata,Beauty,Male,51,New,1,299,5,284.05,Net Banking,Returned
101033,CUST1276,2026-06-22,Chennai,Books,Male,39,New,5,1999,10,8995.5,Debit Card,Shipped
101034,CUST1247,2026-04-12,Delhi,Beauty,Female,23,Regular,3,299,25,672.75,Net Banking,Delivered
101035,CUST1460,2026-01-06,Mumbai,Groceries,Male,52,New,4,3999,5,15196.2,Cash on Delivery,Shipped
101036,CUST1322,2026-09-13,Guntur,Clothing,Female,44,Premium,3,999,10,2697.3,Credit Card,Returned
101037,CUST1171,2025-07-22,Guntur,Beauty,Female,53,Premium,2,1999,0,3998.0,Cash on Delivery,Delivered
101038,CUST1171,2025-05-10,Guntur,Home & Kitchen,Female,45,Regular,1,1599,0,1599.0,Credit Card,Returned
101039,CUST1345,2026-07-25,Pune,Clothing,Male,22,Premium,2,999,0,1998.0,Debit Card,Returned
101040,CUST1489,2026-02-23,Vijayawada,Home & Kitchen,Male,27,New,4,1599,10,5756.4,Net Banking,Cancelled
101041,CUST1181,2026-04-10,Kolkata,Books,Male,32,Regular,4,1299,15,4416.6,Cash on Delivery,Cancelled
101042,CUST1594,2025-02-19,Kolkata,Beauty,Female,38,Regular,5,2499,20,9996.0,Debit Card,Shipped
101043,CUST1532,2025-05-27,Bengaluru,Sports,Male,40,Regular,1,799,15,679.15,Credit Card,Delivered
101044,CUST1230,2025-10-22,Vijayawada,Books,Female,24,New,3,1999,15,5097.45,Debit Card,Shipped
101045,CUST1173,2025-04-09,Hyderabad,Electronics,Male,18,Regular,2,2499,20,3998.4,UPI,Cancelled
101046,CUST1456,2025-07-28,Kolkata,Home & Kitchen,Female,36,New,3,3999,15,10197.45,UPI,Returned
101047,CUST1141,2026-03-19,Bengaluru,Clothing,Female,23,Premium,4,999,0,3996.0,Credit Card,Delivered
101048,CUST1283,2025-12-01,Delhi,Clothing,Female,20,Regular,2,2499,10,4498.2,UPI,Cancelled
101049,CUST1037,2025-07-14,Hyderabad,Groceries,Male,55,Regular,5,5999,25,22496.25,Credit Card,Shipped
101050,CUST1192,2025-09-29,Delhi,Books,Male,30,Premium,4,499,15,1696.6,UPI,Shipped
101051,CUST1572,2025-01-04,Ahmedabad,Groceries,Male,20,Regular,4,299,15,1016.6,Debit Card,Returned
101052,CUST1496,2026-08-21,Kolkata,Home & Kitchen,Female,32,Regular,2,5999,10,10798.2,Cash on Delivery,Returned
101053,CUST1493,2026-02-06,Bengaluru,Clothing,Male,25,Regular,5,1299,20,5196.0,Cash on Delivery,Returned
101054,CUST1119,2025-11-30,Vijayawada,Mobiles,Female,25,Regular,2,5999,15,10198.3,Cash on Delivery,Shipped
101055,CUST1241,2026-05-11,Hyderabad,Books,Female,50,New,4,3999,15,13596.6,Cash on Delivery,Delivered
101056,CUST1326,2026-07-30,Mumbai,Beauty,Female,45,Regular,3,999,25,2247.75,Debit Card,Delivered
101057,CUST1047,2025-10-02,Bengaluru,Mobiles,Female,32,Premium,4,799,10,2876.4,Credit Card,Shipped
101058,CUST1133,2025-04-23,Ahmedabad,Electronics,Male,42,New,5,3999,10,17995.5,Debit Card,Cancelled
101059,CUST1532,2026-07-21,Chennai,Sports,Male,28,Premium,1,5999,0,5999.0,Cash on Delivery,Shipped
101060,CUST1424,2025-10-25,Chennai,Groceries,Male,20,New,2,1299,10,2338.2,Net Banking,Delivered
101061,CUST1161,2026-05-29,Bengaluru,Books,Male,32,Premium,4,1999,0,7996.0,Credit Card,Delivered
101062,CUST1411,2025-10-06,Vijayawada,Books,Male,22,New,1,1599,25,1199.25,Net Banking,Returned
101063,CUST1156,2025-01-21,Guntur,Beauty,Male,37,Regular,1,2499,20,1999.2,Cash on Delivery,Delivered
101064,CUST1103,2025-11-06,Bengaluru,Mobiles,Female,36,Regular,3,1999,5,5697.15,UPI,Shipped
101065,CUST1292,2026-02-21,Kolkata,Groceries,Female,19,Regular,5,999,15,4245.75,Cash on Delivery,Cancelled
101066,CUST1592,2026-07-14,Hyderabad,Beauty,Male,46,Regular,1,1999,5,1899.05,Cash on Delivery,Delivered
101067,CUST1086,2025-11-15,Guntur,Home & Kitchen,Male,49,Premium,3,499,25,1122.75,Credit Card,Delivered
101068,CUST1536,2025-05-25,Ahmedabad,Groceries,Male,49,Regular,4,3999,15,13596.6,Cash on Delivery,Cancelled
101069,CUST1579,2025-12-12,Ahmedabad,Beauty,Male,35,Premium,2,199,10,358.2,Credit Card,Returned
101070,CUST1242,2026-07-13,Pune,Mobiles,Female,50,Premium,4,1299,25,3897.0,UPI,Delivered
101071,CUST1014,2026-03-12,Vijayawada,Clothing,Male,30,Regular,1,1599,5,1519.05,UPI,Delivered
101072,CUST1538,2026-03-11,Delhi,Home & Kitchen,Female,43,New,4,499,25,1497.0,Debit Card,Delivered
101073,CUST1536,2026-03-22,Pune,Sports,Male,27,Regular,3,5999,10,16197.3,Net Banking,Shipped
101074,CUST1258,2026-09-21,Delhi,Mobiles,Male,39,Premium,3,2499,20,5997.6,Credit Card,Shipped
101075,CUST1427,2026-06-21,Vijayawada,Home & Kitchen,Female,22,New,4,199,10,716.4,Debit Card,Shipped
101076,CUST1339,2025-07-24,Guntur,Electronics,Female,28,New,1,2499,15,2124.15,Debit Card,Shipped
101077,CUST1292,2025-12-20,Mumbai,Books,Female,43,Regular,1,799,10,719.1,Net Banking,Shipped
101078,CUST1222,2025-03-21,Bengaluru,Home & Kitchen,Female,54,New,5,499,0,2495.0,Credit Card,Returned
101079,CUST1284,2025-12-05,Ahmedabad,Mobiles,Male,28,New,5,3999,20,15996.0,Credit Card,Shipped
101080,CUST1169,2025-04-04,Delhi,Electronics,Female,22,New,5,499,5,2370.25,Credit Card,Returned
101081,CUST1513,2026-03-12,Guntur,Groceries,Female,42,Regular,4,1299,10,4676.4,Cash on Delivery,Cancelled
101082,CUST1081,2025-11-16,Ahmedabad,Groceries,Male,35,Premium,5,1299,20,5196.0,Credit Card,Returned
101083,CUST1257,2026-07-28,Guntur,Beauty,Female,29,New,4,1999,25,5997.0,Debit Card,Returned
101084,CUST1574,2025-12-21,Chennai,Beauty,Female,29,Premium,4,799,20,2556.8,UPI,Shipped
101085,CUST1006,2026-03-29,Ahmedabad,Books,Female,24,Regular,3,2499,5,7122.15,Debit Card,Delivered
101086,CUST1282,2026-09-14,Delhi,Beauty,Male,34,Regular,3,199,25,447.75,UPI,Delivered
101087,CUST1503,2026-04-28,Vijayawada,Mobiles,Male,20,Regular,5,5999,15,25495.75,UPI,Shipped
101088,CUST1123,2025-07-01,Hyderabad,Mobiles,Male,38,New,2,299,15,508.3,Net Banking,Cancelled
101089,CUST1325,2025-07-18,Vijayawada,Sports,Male,43,Regular,5,199,10,895.5,UPI,Delivered
101090,CUST1274,2025-07-17,Guntur,Home & Kitchen,Female,20,Regular,5,499,25,1871.25,Net Banking,Shipped
101091,CUST1004,2026-06-02,Bengaluru,Books,Female,25,Regular,4,499,25,1497.0,Cash on Delivery,Delivered
101092,CUST1093,2026-08-03,Vijayawada,Clothing,Male,38,Premium,4,299,0,1196.0,UPI,Shipped
101093,CUST1472,2025-01-11,Guntur,Groceries,Female,30,Premium,2,5999,10,10798.2,Credit Card,Cancelled
101094,CUST1286,2025-02-24,Vijayawada,Sports,Female,32,New,4,999,5,3796.2,Debit Card,Shipped
101095,CUST1451,2025-07-01,Bengaluru,Clothing,Female,40,Premium,3,999,25,2247.75,Debit Card,Cancelled
101096,CUST1175,2026-06-20,Hyderabad,Beauty,Male,52,Premium,4,5999,25,17997.0,Credit Card,Returned
101097,CUST1516,2025-12-22,Kolkata,Books,Male,50,New,3,799,10,2157.3,Debit Card,Shipped
101098,CUST1530,2026-04-24,Vijayawada,Mobiles,Male,47,Premium,3,199,0,597.0,Debit Card,Cancelled
101099,CUST1035,2026-08-01,Pune,Clothing,Female,18,New,4,5999,20,19196.8,Cash on Delivery,Returned
101100,CUST1192,2025-12-09,Pune,Books,Male,47,Premium,3,5999,0,17997.0,Credit Card,Delivered
101101,CUST1590,2026-03-26,Mumbai,Beauty,Female,33,Regular,5,1999,20,7996.0,Debit Card,Cancelled
101102,CUST1240,2026-05-10,Kolkata,Clothing,Female,45,Regular,4,999,0,3996.0,Net Banking,Returned
101103,CUST1171,2026-08-31,Bengaluru,Groceries,Male,26,Premium,1,499,20,399.2,Debit Card,Delivered
101104,CUST1470,2025-04-03,Mumbai,Home & Kitchen,Female,18,Premium,3,499,10,1347.3,Credit Card,Shipped
101105,CUST1190,2025-06-26,Chennai,Groceries,Female,23,Premium,3,999,0,2997.0,Credit Card,Shipped
101106,CUST1164,2026-07-23,Pune,Clothing,Female,53,Premium,3,199,15,507.45,Cash on Delivery,Shipped
101107,CUST1249,2026-04-29,Guntur,Beauty,Male,38,New,4,1999,25,5997.0,Cash on Delivery,Cancelled
101108,CUST1547,2025-10-17,Guntur,Sports,Female,55,New,4,3999,15,13596.6,Credit Card,Shipped
101109,CUST1514,2025-08-29,Hyderabad,Beauty,Male,32,New,3,1299,10,3507.3,Cash on Delivery,Shipped
101110,CUST1096,2025-02-15,Pune,Beauty,Male,45,New,2,999,15,1698.3,Debit Card,Cancelled
101111,CUST1432,2026-02-01,Vijayawada,Home & Kitchen,Female,51,New,4,199,10,716.4,Cash on Delivery,Delivered
101112,CUST1013,2025-12-21,Vijayawada,Sports,Male,54,Premium,1,5999,15,5099.15,Cash on Delivery,Returned
101113,CUST1412,2025-01-12,Mumbai,Electronics,Female,45,Regular,4,5999,25,17997.0,UPI,Returned
101114,CUST1344,2026-05-30,Kolkata,Sports,Male,29,Regular,3,1999,25,4497.75,Net Banking,Returned
101115,CUST1265,2025-03-23,Chennai,Mobiles,Female,21,Regular,2,199,10,358.2,Debit Card,Delivered
101116,CUST1052,2025-05-05,Ahmedabad,Sports,Female,45,Regular,4,1999,10,7196.4,Debit Card,Delivered
101117,CUST1366,2026-07-10,Mumbai,Electronics,Female,38,Regular,3,499,10,1347.3,UPI,Delivered
101118,CUST1406,2026-01-01,Chennai,Home & Kitchen,Male,52,New,1,2499,25,1874.25,Credit Card,Shipped
101119,CUST1470,2026-05-21,Ahmedabad,Groceries,Female,20,New,4,999,10,3596.4,Debit Card,Cancelled
101120,CUST1104,2025-02-09,Mumbai,Clothing,Female,37,Regular,2,3999,25,5998.5,Cash on Delivery,Delivered
101121,CUST1082,2025-07-08,Mumbai,Clothing,Male,54,Regular,3,5999,25,13497.75,Debit Card,Shipped
101122,CUST1221,2025-02-20,Mumbai,Books,Male,35,Premium,3,3999,15,10197.45,UPI,Returned
101123,CUST1417,2025-07-05,Chennai,Electronics,Female,26,Regular,3,999,0,2997.0,Debit Card,Returned
101124,CUST1231,2026-09-06,Hyderabad,Sports,Male,22,Premium,3,299,5,852.15,Debit Card,Returned
101125,CUST1337,2026-08-26,Kolkata,Beauty,Female,53,New,4,5999,20,19196.8,Debit Card,Cancelled
101126,CUST1474,2025-11-24,Delhi,Groceries,Male,42,Regular,3,1999,5,5697.15,Cash on Delivery,Delivered
101127,CUST1575,2026-08-09,Pune,Clothing,Male,51,Regular,1,5999,15,5099.15,Debit Card,Cancelled
101128,CUST1031,2025-11-19,Vijayawada,Home & Kitchen,Female,54,Regular,4,5999,15,20396.6,Cash on Delivery,Delivered
101129,CUST1385,2025-10-18,Kolkata,Home & Kitchen,Female,25,New,5,1999,5,9495.25,Cash on Delivery,Shipped
101130,CUST1183,2025-08-05,Vijayawada,Beauty,Female,40,New,1,3999,10,3599.1,Cash on Delivery,Cancelled
101131,CUST1326,2025-11-24,Kolkata,Beauty,Male,43,Regular,3,5999,0,17997.0,Cash on Delivery,Cancelled
101132,CUST1296,2026-04-06,Hyderabad,Sports,Female,29,Premium,2,499,15,848.3,UPI,Returned
101133,CUST1194,2026-08-18,Hyderabad,Groceries,Male,50,New,4,1599,15,5436.6,Net Banking,Returned
101134,CUST1171,2025-01-24,Ahmedabad,Mobiles,Male,41,New,3,3999,5,11397.15,Net Banking,Returned
101135,CUST1469,2026-07-20,Pune,Groceries,Male,48,Premium,5,799,5,3795.25,Credit Card,Cancelled
101136,CUST1212,2025-05-16,Ahmedabad,Mobiles,Female,33,Premium,3,299,0,897.0,Net Banking,Returned
101137,CUST1114,2025-09-05,Ahmedabad,Sports,Male,33,Regular,2,1999,20,3198.4,UPI,Delivered
101138,CUST1395,2025-02-03,Guntur,Beauty,Female,52,New,4,2499,15,8496.6,Net Banking,Delivered
101139,CUST1408,2026-03-26,Hyderabad,Sports,Female,50,Premium,4,199,10,716.4,Cash on Delivery,Returned
101140,CUST1594,2025-05-08,Guntur,Home & Kitchen,Female,44,Premium,1,499,10,449.1,Debit Card,Shipped
101141,CUST1100,2025-09-06,Pune,Clothing,Female,49,New,4,799,10,2876.4,Debit Card,Cancelled
101142,CUST1265,2025-10-30,Ahmedabad,Books,Male,26,New,4,1299,15,4416.6,Net Banking,Cancelled
101143,CUST1372,2025-01-27,Bengaluru,Books,Male,54,Premium,2,1299,20,2078.4,Debit Card,Returned
101144,CUST1132,2026-03-27,Vijayawada,Books,Female,34,Premium,3,499,25,1122.75,Credit Card,Delivered
101145,CUST1599,2025-08-05,Hyderabad,Books,Female,50,Premium,5,999,5,4745.25,Net Banking,Returned
101146,CUST1160,2026-05-04,Ahmedabad,Sports,Female,42,Regular,5,499,10,2245.5,Credit Card,Returned
101147,CUST1067,2025-06-29,Pune,Groceries,Female,31,New,4,1599,0,6396.0,Credit Card,Cancelled
101148,CUST1366,2026-09-16,Delhi,Mobiles,Male,51,New,1,5999,5,5699.05,Credit Card,Cancelled
101149,CUST1338,2025-02-03,Kolkata,Clothing,Female,53,Premium,4,5999,0,23996.0,Net Banking,Delivered
101150,CUST1254,2025-02-27,Chennai,Books,Male,33,New,4,3999,20,12796.8,Cash on Delivery,Shipped
101151,CUST1285,2025-02-11,Guntur,Groceries,Male,26,Premium,5,999,20,3996.0,Debit Card,Delivered
101152,CUST1596,2025-08-01,Delhi,Mobiles,Male,52,New,2,799,20,1278.4,Debit Card,Delivered
101153,CUST1086,2025-07-21,Delhi,Groceries,Male,52,Premium,4,299,15,1016.6,Credit Card,Returned
101154,CUST1441,2025-11-04,Guntur,Mobiles,Male,55,Premium,5,199,20,796.0,Net Banking,Returned
101155,CUST1278,2025-01-01,Delhi,Home & Kitchen,Female,50,Regular,3,1599,20,3837.6,Net Banking,Cancelled
101156,CUST1350,2025-11-03,Bengaluru,Books,Female,25,New,3,2499,5,7122.15,Cash on Delivery,Delivered
101157,CUST1168,2025-11-23,Vijayawada,Clothing,Female,37,New,5,1999,15,8495.75,Cash on Delivery,Cancelled
101158,CUST1238,2026-07-06,Chennai,Books,Female,38,Premium,2,799,0,1598.0,Cash on Delivery,Delivered
101159,CUST1159,2025-11-04,Pune,Home & Kitchen,Male,43,New,5,799,20,3196.0,Credit Card,Shipped
101160,CUST1427,2025-11-30,Bengaluru,Groceries,Female,48,Regular,5,1999,25,7496.25,Debit Card,Shipped
101161,CUST1323,2025-11-10,Delhi,Books,Female,54,Regular,3,1299,25,2922.75,Cash on Delivery,Delivered
101162,CUST1144,2026-02-18,Delhi,Books,Male,30,New,1,1599,10,1439.1,Debit Card,Cancelled
101163,CUST1392,2026-01-18,Pune,Groceries,Male,50,Regular,1,1299,15,1104.15,Debit Card,Delivered
101164,CUST1492,2025-03-18,Ahmedabad,Mobiles,Male,42,Premium,2,499,10,898.2,Cash on Delivery,Shipped
101165,CUST1061,2025-10-14,Guntur,Electronics,Female,35,Premium,5,3999,15,16995.75,Debit Card,Returned
101166,CUST1076,2025-10-19,Pune,Beauty,Male,27,Premium,1,1999,5,1899.05,Debit Card,Shipped
101167,CUST1336,2026-07-30,Ahmedabad,Books,Female,19,New,1,1999,5,1899.05,UPI,Cancelled
101168,CUST1329,2026-01-05,Delhi,Groceries,Female,41,Regular,4,799,5,3036.2,Credit Card,Cancelled
101169,CUST1123,2025-09-19,Mumbai,Beauty,Female,49,New,5,199,5,945.25,Net Banking,Delivered
101170,CUST1448,2026-06-09,Hyderabad,Sports,Female,36,Premium,3,199,20,477.6,Debit Card,Delivered
101171,CUST1116,2025-03-19,Kolkata,Home & Kitchen,Male,54,Regular,5,299,20,1196.0,Net Banking,Shipped
101172,CUST1463,2025-03-16,Vijayawada,Sports,Male,29,Premium,4,999,15,3396.6,Net Banking,Cancelled
101173,CUST1412,2026-04-10,Ahmedabad,Books,Male,42,New,5,1599,0,7995.0,UPI,Shipped
101174,CUST1229,2025-11-27,Ahmedabad,Sports,Female,30,Premium,4,499,10,1796.4,Debit Card,Shipped
101175,CUST1186,2025-07-13,Guntur,Electronics,Male,26,Premium,2,799,10,1438.2,Debit Card,Delivered
101176,CUST1214,2025-12-02,Chennai,Books,Male,45,Regular,3,799,25,1797.75,Credit Card,Shipped
101177,CUST1127,2025-12-30,Mumbai,Electronics,Female,31,Regular,1,499,15,424.15,UPI,Returned
101178,CUST1390,2026-03-26,Ahmedabad,Clothing,Male,29,Premium,4,799,5,3036.2,Net Banking,Delivered
101179,CUST1367,2025-06-16,Pune,Beauty,Male,31,New,2,299,15,508.3,Net Banking,Cancelled
101180,CUST1468,2026-05-05,Hyderabad,Electronics,Female,44,Regular,3,2499,0,7497.0,UPI,Cancelled
101181,CUST1308,2026-01-05,Chennai,Clothing,Female,48,New,3,299,15,762.45,Debit Card,Cancelled
101182,CUST1579,2025-02-16,Hyderabad,Home & Kitchen,Male,26,Premium,2,799,5,1518.1,Cash on Delivery,Delivered
101183,CUST1301,2025-03-04,Pune,Beauty,Male,44,New,5,799,25,2996.25,Credit Card,Shipped
101184,CUST1031,2025-07-05,Delhi,Groceries,Female,43,Premium,3,299,5,852.15,Debit Card,Cancelled
101185,CUST1030,2025-11-25,Delhi,Electronics,Male,44,New,1,199,10,179.1,Net Banking,Returned
101186,CUST1103,2026-09-05,Hyderabad,Sports,Male,23,Regular,5,499,5,2370.25,UPI,Delivered
101187,CUST1451,2026-05-03,Vijayawada,Electronics,Female,48,Regular,4,1599,20,5116.8,Debit Card,Shipped
101188,CUST1099,2025-11-27,Delhi,Mobiles,Male,26,New,5,1299,20,5196.0,Net Banking,Shipped
101189,CUST1098,2025-05-27,Mumbai,Books,Male,33,New,2,5999,0,11998.0,Debit Card,Shipped
101190,CUST1533,2025-11-05,Kolkata,Books,Male,38,Regular,3,1999,25,4497.75,Debit Card,Shipped
101191,CUST1050,2026-08-17,Chennai,Home & Kitchen,Male,27,Premium,1,1599,25,1199.25,UPI,Shipped
101192,CUST1586,2025-06-15,Delhi,Mobiles,Female,30,Premium,4,1299,0,5196.0,Net Banking,Returned
101193,CUST1270,2026-04-08,Kolkata,Mobiles,Male,35,Premium,2,1999,20,3198.4,Net Banking,Cancelled
101194,CUST1500,2025-12-12,Kolkata,Mobiles,Male,39,Premium,2,999,10,1798.2,Debit Card,Delivered
101195,CUST1557,2026-01-10,Vijayawada,Clothing,Male,47,New,4,5999,0,23996.0,UPI,Cancelled
101196,CUST1447,2025-05-10,Kolkata,Clothing,Male,43,Premium,3,999,15,2547.45,Credit Card,Shipped
101197,CUST1363,2025-08-16,Kolkata,Home & Kitchen,Male,52,Regular,1,799,25,599.25,Net Banking,Shipped
101198,CUST1103,2026-06-28,Vijayawada,Groceries,Male,52,Premium,2,1299,5,2468.1,Cash on Delivery,Shipped
101199,CUST1400,2025-10-13,Kolkata,Beauty,Female,47,Regular,1,1599,10,1439.1,Credit Card,Cancelled
101200,CUST1570,2025-01-01,Bengaluru,Groceries,Male,21,Regular,1,999,25,749.25,Credit Card,Shipped
101201,CUST1164,2026-05-08,Mumbai,Beauty,Male,33,Regular,2,799,15,1358.3,UPI,Shipped
101202,CUST1600,2025-10-10,Vijayawada,Groceries,Female,27,Premium,2,1599,0,3198.0,Debit Card,Cancelled
101203,CUST1537,2025-01-12,Guntur,Mobiles,Male,46,Regular,1,2499,10,2249.1,UPI,Returned
101204,CUST1042,2025-06-07,Mumbai,Books,Male,47,Regular,1,1299,10,1169.1,Net Banking,Shipped
101205,CUST1106,2026-05-14,Guntur,Sports,Male,49,Premium,3,799,20,1917.6,Cash on Delivery,Returned
101206,CUST1283,2025-02-28,Bengaluru,Sports,Female,34,Regular,1,999,25,749.25,UPI,Delivered
101207,CUST1507,2025-04-14,Chennai,Beauty,Female,24,Premium,4,799,20,2556.8,Cash on Delivery,Returned
101208,CUST1044,2026-09-14,Ahmedabad,Clothing,Male,54,New,5,5999,15,25495.75,UPI,Shipped
101209,CUST1432,2026-01-05,Mumbai,Electronics,Female,46,Regular,5,5999,25,22496.25,Net Banking,Delivered
101210,CUST1222,2026-02-13,Ahmedabad,Home & Kitchen,Male,39,New,4,5999,0,23996.0,Debit Card,Returned
101211,CUST1353,2025-01-30,Pune,Groceries,Female,46,New,4,999,10,3596.4,Debit Card,Returned
101212,CUST1561,2025-09-27,Pune,Beauty,Female,29,Regular,2,799,20,1278.4,UPI,Cancelled
101213,CUST1234,2025-12-27,Pune,Books,Male,23,Premium,5,2499,25,9371.25,Cash on Delivery,Cancelled
101214,CUST1272,2026-05-25,Delhi,Sports,Female,46,Regular,2,1599,5,3038.1,Credit Card,Shipped
101215,CUST1596,2025-11-27,Bengaluru,Books,Male,43,Premium,1,299,5,284.05,UPI,Shipped
101216,CUST1415,2025-04-06,Bengaluru,Home & Kitchen,Female,52,Regular,1,3999,25,2999.25,Cash on Delivery,Shipped
101217,CUST1584,2026-01-30,Guntur,Sports,Male,46,New,1,999,20,799.2,Credit Card,Shipped
101218,CUST1225,2025-10-08,Chennai,Groceries,Female,31,New,1,1999,5,1899.05,UPI,Cancelled
101219,CUST1450,2025-09-07,Mumbai,Groceries,Female,29,Premium,1,3999,15,3399.15,Net Banking,Returned
101220,CUST1373,2026-08-13,Bengaluru,Beauty,Female,41,New,4,999,25,2997.0,Debit Card,Cancelled
101221,CUST1253,2025-03-20,Kolkata,Home & Kitchen,Male,50,Premium,2,1299,25,1948.5,Cash on Delivery,Cancelled
101222,CUST1357,2025-04-18,Kolkata,Groceries,Female,35,Premium,5,799,25,2996.25,UPI,Returned
101223,CUST1067,2026-03-25,Vijayawada,Electronics,Female,53,Premium,4,3999,15,13596.6,UPI,Cancelled
101224,CUST1363,2026-05-04,Guntur,Books,Female,19,Premium,2,299,25,448.5,Net Banking,Returned
101225,CUST1463,2026-03-18,Bengaluru,Books,Female,32,Premium,2,1599,5,3038.1,Net Banking,Returned
101226,CUST1323,2025-05-28,Hyderabad,Electronics,Female,55,New,5,5999,20,23996.0,UPI,Delivered
101227,CUST1200,2026-06-27,Chennai,Home & Kitchen,Male,19,Premium,4,499,25,1497.0,Cash on Delivery,Delivered
101228,CUST1588,2025-12-06,Mumbai,Beauty,Female,48,New,1,299,15,254.15,Debit Card,Shipped
101229,CUST1441,2025-04-09,Bengaluru,Mobiles,Male,29,Regular,3,1299,5,3702.15,Cash on Delivery,Shipped
101230,CUST1084,2025-08-21,Pune,Mobiles,Male,51,Regular,3,5999,25,13497.75,UPI,Delivered
101231,CUST1098,2026-07-25,Vijayawada,Electronics,Male,18,Regular,1,5999,10,5399.1,Cash on Delivery,Cancelled
101232,CUST1072,2025-01-29,Vijayawada,Groceries,Female,29,Premium,5,3999,10,17995.5,Credit Card,Cancelled
101233,CUST1588,2025-04-10,Vijayawada,Mobiles,Male,50,New,2,3999,10,7198.2,Cash on Delivery,Delivered
101234,CUST1299,2025-02-09,Guntur,Sports,Male,55,Premium,5,299,10,1345.5,Credit Card,Delivered
101235,CUST1346,2026-05-25,Delhi,Beauty,Female,25,Premium,2,3999,5,7598.1,Net Banking,Delivered
101236,CUST1246,2025-12-13,Delhi,Groceries,Female,20,Regular,2,1299,5,2468.1,UPI,Returned
101237,CUST1329,2026-08-29,Kolkata,Beauty,Male,36,Regular,1,2499,0,2499.0,Credit Card,Returned
101238,CUST1414,2025-07-22,Mumbai,Beauty,Male,49,New,3,5999,15,15297.45,Cash on Delivery,Delivered
101239,CUST1399,2025-11-26,Bengaluru,Mobiles,Female,21,Premium,5,1999,20,7996.0,UPI,Shipped
101240,CUST1585,2025-04-02,Kolkata,Home & Kitchen,Female,21,Premium,3,3999,25,8997.75,UPI,Delivered
101241,CUST1551,2025-11-07,Hyderabad,Beauty,Male,50,Regular,4,799,10,2876.4,UPI,Shipped
101242,CUST1328,2025-04-12,Guntur,Groceries,Female,31,Premium,4,499,5,1896.2,Net Banking,Delivered
101243,CUST1120,2025-02-16,Bengaluru,Electronics,Male,39,New,4,799,25,2397.0,Cash on Delivery,Shipped
101244,CUST1146,2026-01-16,Ahmedabad,Groceries,Female,45,Premium,4,199,5,756.2,Net Banking,Cancelled
101245,CUST1011,2025-07-29,Mumbai,Beauty,Female,35,New,3,1599,25,3597.75,Cash on Delivery,Cancelled
101246,CUST1405,2026-09-07,Hyderabad,Mobiles,Male,32,New,1,5999,25,4499.25,UPI,Delivered
101247,CUST1550,2025-06-12,Pune,Home & Kitchen,Female,43,Regular,4,299,5,1136.2,Net Banking,Cancelled
101248,CUST1123,2025-10-19,Mumbai,Groceries,Male,53,Regular,5,999,0,4995.0,Credit Card,Shipped
101249,CUST1112,2026-06-15,Guntur,Groceries,Male,42,New,1,1999,15,1699.15,UPI,Delivered
101250,CUST1449,2025-09-05,Vijayawada,Mobiles,Male,50,New,4,3999,10,14396.4,Credit Card,Cancelled
101251,CUST1350,2025-02-14,Bengaluru,Home & Kitchen,Female,47,New,5,199,5,945.25,UPI,Returned
101252,CUST1066,2026-01-25,Chennai,Home & Kitchen,Male,39,Premium,2,999,20,1598.4,Cash on Delivery,Delivered
101253,CUST1542,2026-03-28,Bengaluru,Home & Kitchen,Male,53,Regular,1,799,20,639.2,UPI,Delivered
101254,CUST1018,2025-03-08,Ahmedabad,Home & Kitchen,Female,41,New,4,2499,20,7996.8,Credit Card,Delivered
101255,CUST1577,2025-08-28,Hyderabad,Beauty,Male,32,Premium,1,1599,0,1599.0,UPI,Delivered
101256,CUST1396,2025-01-21,Bengaluru,Beauty,Female,33,Premium,4,3999,25,11997.0,Cash on Delivery,Cancelled
101257,CUST1466,2025-12-20,Kolkata,Sports,Male,27,Regular,4,1999,5,7596.2,Credit Card,Returned
101258,CUST1022,2025-09-21,Mumbai,Books,Male,20,Regular,2,1299,25,1948.5,Cash on Delivery,Shipped
101259,CUST1214,2026-02-16,Mumbai,Beauty,Female,47,Premium,2,5999,10,10798.2,Cash on Delivery,Returned
101260,CUST1334,2026-02-02,Mumbai,Home & Kitchen,Male,33,New,4,1299,10,4676.4,Credit Card,Shipped
101261,CUST1384,2026-01-08,Bengaluru,Groceries,Female,27,Regular,4,2499,15,8496.6,UPI,Returned
101262,CUST1205,2025-11-04,Chennai,Sports,Male,42,Premium,5,1599,0,7995.0,Cash on Delivery,Shipped
101263,CUST1582,2026-03-30,Vijayawada,Books,Male,43,Premium,1,799,15,679.15,Credit Card,Shipped
101264,CUST1134,2026-02-26,Delhi,Sports,Male,24,New,3,1999,5,5697.15,UPI,Delivered
101265,CUST1321,2025-01-09,Pune,Groceries,Male,31,Regular,1,1299,0,1299.0,UPI,Cancelled
101266,CUST1347,2025-11-20,Vijayawada,Books,Female,24,Premium,5,1999,15,8495.75,Credit Card,Shipped
101267,CUST1420,2025-06-17,Vijayawada,Mobiles,Female,33,New,4,299,20,956.8,Credit Card,Returned
101268,CUST1485,2025-04-10,Mumbai,Mobiles,Male,19,Premium,1,499,15,424.15,Debit Card,Returned
101269,CUST1021,2026-08-22,Delhi,Sports,Female,23,Regular,5,499,15,2120.75,UPI,Shipped
101270,CUST1404,2025-05-19,Vijayawada,Clothing,Male,38,Regular,5,999,25,3746.25,UPI,Cancelled
101271,CUST1428,2026-09-10,Vijayawada,Sports,Female,30,Premium,4,199,20,636.8,Debit Card,Delivered
101272,CUST1245,2026-05-17,Bengaluru,Books,Female,45,Regular,3,499,0,1497.0,UPI,Cancelled
101273,CUST1033,2026-04-15,Vijayawada,Electronics,Male,37,Regular,1,1299,20,1039.2,Credit Card,Returned
101274,CUST1277,2026-01-25,Mumbai,Sports,Female,50,Regular,4,199,25,597.0,Cash on Delivery,Cancelled
101275,CUST1198,2025-05-16,Delhi,Books,Female,23,Regular,3,999,20,2397.6,UPI,Cancelled
101276,CUST1110,2026-06-06,Chennai,Clothing,Male,41,New,1,199,5,189.05,Credit Card,Shipped
101277,CUST1014,2025-03-31,Pune,Clothing,Male,55,Premium,1,199,25,149.25,Cash on Delivery,Cancelled
101278,CUST1143,2025-04-19,Chennai,Clothing,Male,23,Premium,5,299,0,1495.0,UPI,Delivered
101279,CUST1082,2026-03-20,Mumbai,Sports,Male,48,New,2,799,0,1598.0,Cash on Delivery,Shipped
101280,CUST1063,2026-04-26,Delhi,Home & Kitchen,Male,23,New,3,5999,20,14397.6,Credit Card,Cancelled
101281,CUST1127,2025-05-28,Guntur,Groceries,Male,38,New,5,3999,5,18995.25,Credit Card,Returned
101282,CUST1519,2026-08-30,Bengaluru,Groceries,Female,34,Regular,3,3999,15,10197.45,Credit Card,Delivered
101283,CUST1064,2025-09-15,Guntur,Mobiles,Female,21,Premium,3,499,0,1497.0,Cash on Delivery,Delivered
101284,CUST1327,2026-04-02,Ahmedabad,Sports,Male,54,Regular,1,5999,0,5999.0,Debit Card,Returned
101285,CUST1308,2026-01-02,Delhi,Sports,Male,32,Premium,4,1299,15,4416.6,Credit Card,Delivered
101286,CUST1333,2025-12-28,Mumbai,Mobiles,Female,46,New,4,1999,15,6796.6,Credit Card,Returned
101287,CUST1391,2026-03-06,Vijayawada,Beauty,Female,18,Regular,1,499,10,449.1,Credit Card,Shipped
101288,CUST1017,2026-08-31,Mumbai,Mobiles,Male,35,Regular,2,799,0,1598.0,Credit Card,Delivered
101289,CUST1563,2026-05-25,Bengaluru,Groceries,Male,49,Premium,4,499,10,1796.4,Cash on Delivery,Returned
101290,CUST1062,2026-03-22,Pune,Clothing,Male,38,Premium,2,1999,25,2998.5,Cash on Delivery,Cancelled
101291,CUST1222,2025-05-25,Mumbai,Mobiles,Male,37,Premium,2,2499,15,4248.3,Credit Card,Cancelled
101292,CUST1125,2025-11-15,Ahmedabad,Home & Kitchen,Female,39,Premium,5,1599,20,6396.0,Debit Card,Shipped
101293,CUST1019,2026-01-14,Delhi,Sports,Female,33,New,5,1999,0,9995.0,Debit Card,Shipped
101294,CUST1349,2025-11-17,Ahmedabad,Sports,Male,26,Regular,4,999,20,3196.8,Net Banking,Shipped
101295,CUST1501,2026-08-31,Ahmedabad,Mobiles,Male,38,Premium,5,799,5,3795.25,UPI,Returned
101296,CUST1542,2025-06-01,Delhi,Mobiles,Female,22,Regular,5,1299,0,6495.0,Cash on Delivery,Shipped
101297,CUST1486,2025-10-10,Chennai,Groceries,Male,38,Regular,2,1299,0,2598.0,Net Banking,Returned
101298,CUST1497,2026-07-30,Pune,Groceries,Male,25,Regular,2,999,10,1798.2,UPI,Shipped
101299,CUST1386,2026-06-21,Mumbai,Electronics,Female,34,New,5,999,5,4745.25,Credit Card,Cancelled
101300,CUST1432,2025-01-26,Guntur,Sports,Female,27,Regular,1,5999,25,4499.25,Cash on Delivery,Shipped
101301,CUST1281,2026-09-01,Delhi,Books,Male,47,Regular,4,1299,0,5196.0,Credit Card,Shipped
101302,CUST1335,2025-11-27,Kolkata,Mobiles,Female,27,Regular,1,299,0,299.0,Cash on Delivery,Delivered
101303,CUST1335,2026-03-21,Ahmedabad,Electronics,Female,38,Premium,3,1599,5,4557.15,Net Banking,Delivered
101304,CUST1066,2026-06-08,Guntur,Home & Kitchen,Male,24,Premium,1,499,15,424.15,Credit Card,Shipped
101305,CUST1084,2025-04-05,Mumbai,Sports,Male,49,Regular,3,1299,10,3507.3,Net Banking,Delivered
101306,CUST1159,2026-06-22,Kolkata,Clothing,Male,46,New,4,5999,15,20396.6,UPI,Cancelled
101307,CUST1572,2025-08-21,Hyderabad,Electronics,Male,48,New,2,199,25,298.5,UPI,Shipped
101308,CUST1328,2025-08-27,Pune,Beauty,Female,19,Premium,2,499,20,798.4,Debit Card,Returned
101309,CUST1042,2025-01-25,Chennai,Electronics,Male,32,Premium,4,2499,0,9996.0,Cash on Delivery,Delivered
101310,CUST1522,2025-12-24,Vijayawada,Beauty,Male,27,Premium,1,3999,10,3599.1,UPI,Cancelled
101311,CUST1398,2025-09-30,Vijayawada,Groceries,Female,39,New,5,1299,20,5196.0,Debit Card,Cancelled
101312,CUST1463,2026-02-07,Hyderabad,Mobiles,Female,31,New,1,5999,10,5399.1,UPI,Delivered
101313,CUST1584,2026-02-01,Bengaluru,Groceries,Female,41,Regular,1,799,5,759.05,UPI,Shipped
101314,CUST1025,2026-08-04,Bengaluru,Electronics,Male,29,Regular,3,799,20,1917.6,Credit Card,Returned
101315,CUST1170,2026-02-02,Delhi,Mobiles,Female,33,New,3,1999,15,5097.45,Net Banking,Delivered
101316,CUST1012,2025-01-01,Bengaluru,Electronics,Female,46,Regular,1,3999,0,3999.0,Net Banking,Shipped
101317,CUST1196,2025-04-10,Mumbai,Sports,Male,35,Regular,1,1299,5,1234.05,UPI,Cancelled
101318,CUST1270,2025-02-05,Delhi,Groceries,Male,19,Regular,1,999,5,949.05,Credit Card,Delivered
101319,CUST1594,2025-04-26,Kolkata,Books,Female,19,Premium,1,799,15,679.15,Net Banking,Returned
101320,CUST1408,2025-03-06,Mumbai,Electronics,Male,49,Regular,2,799,0,1598.0,Cash on Delivery,Returned
101321,CUST1065,2025-06-29,Bengaluru,Books,Female,30,Regular,1,3999,0,3999.0,UPI,Cancelled
101322,CUST1046,2025-07-12,Ahmedabad,Beauty,Female,32,Premium,2,1999,0,3998.0,UPI,Cancelled
101323,CUST1468,2026-01-08,Delhi,Home & Kitchen,Female,41,Premium,1,3999,10,3599.1,Net Banking,Shipped
101324,CUST1595,2025-11-25,Mumbai,Sports,Female,40,Regular,3,1599,5,4557.15,Credit Card,Returned
101325,CUST1089,2026-07-10,Ahmedabad,Books,Male,39,Regular,4,1299,15,4416.6,Cash on Delivery,Returned
101326,CUST1519,2026-07-07,Vijayawada,Sports,Male,54,New,2,199,10,358.2,Credit Card,Returned
101327,CUST1558,2025-03-25,Hyderabad,Clothing,Male,34,Premium,4,299,20,956.8,Credit Card,Shipped
101328,CUST1383,2025-12-09,Kolkata,Beauty,Female,32,Premium,4,299,10,1076.4,Debit Card,Returned
101329,CUST1465,2025-04-19,Vijayawada,Groceries,Male,50,New,2,5999,25,8998.5,Cash on Delivery,Shipped
101330,CUST1311,2025-03-15,Chennai,Clothing,Male,19,New,3,799,15,2037.45,UPI,Cancelled
101331,CUST1074,2025-05-04,Guntur,Books,Female,25,Regular,2,499,25,748.5,Debit Card,Returned
101332,CUST1398,2025-01-11,Pune,Groceries,Female,45,Premium,5,999,10,4495.5,Net Banking,Returned
101333,CUST1504,2026-09-22,Hyderabad,Mobiles,Female,40,New,5,199,25,746.25,Debit Card,Returned
101334,CUST1360,2026-01-28,Delhi,Electronics,Female,20,Regular,5,299,15,1270.75,UPI,Returned
101335,CUST1252,2025-09-16,Guntur,Mobiles,Female,39,New,5,299,0,1495.0,Net Banking,Returned
101336,CUST1463,2025-02-05,Chennai,Beauty,Male,18,Premium,3,999,20,2397.6,Credit Card,Delivered
101337,CUST1186,2026-06-03,Delhi,Books,Female,52,Premium,4,299,20,956.8,UPI,Cancelled
101338,CUST1179,2026-08-23,Delhi,Books,Male,20,Regular,1,2499,15,2124.15,Net Banking,Cancelled
101339,CUST1079,2026-03-13,Chennai,Mobiles,Female,33,New,1,5999,5,5699.05,Cash on Delivery,Shipped
101340,CUST1229,2026-01-21,Pune,Mobiles,Male,46,Premium,1,999,5,949.05,UPI,Delivered
101341,CUST1577,2025-06-18,Hyderabad,Mobiles,Female,41,Premium,2,499,25,748.5,Cash on Delivery,Delivered
101342,CUST1109,2026-06-22,Mumbai,Mobiles,Male,35,Regular,3,5999,20,14397.6,Net Banking,Returned
101343,CUST1367,2025-03-10,Delhi,Beauty,Male,26,New,1,299,10,269.1,UPI,Shipped
101344,CUST1202,2025-03-30,Delhi,Sports,Female,48,New,5,499,25,1871.25,Credit Card,Returned
101345,CUST1208,2025-04-29,Vijayawada,Books,Male,43,New,5,199,5,945.25,Debit Card,Delivered
101346,CUST1273,2026-06-07,Ahmedabad,Electronics,Female,26,Regular,1,299,20,239.2,Credit Card,Returned
101347,CUST1490,2025-08-07,Delhi,Groceries,Male,29,Regular,2,5999,15,10198.3,Net Banking,Delivered
101348,CUST1070,2025-05-30,Delhi,Clothing,Male,33,Premium,2,2499,5,4748.1,Cash on Delivery,Cancelled
101349,CUST1443,2025-08-19,Hyderabad,Sports,Female,19,New,3,1599,0,4797.0,Debit Card,Returned
101350,CUST1131,2026-04-06,Delhi,Beauty,Male,33,Premium,5,799,25,2996.25,Net Banking,Cancelled
101351,CUST1032,2026-05-25,Mumbai,Clothing,Male,27,Premium,1,1599,20,1279.2,UPI,Cancelled
101352,CUST1350,2025-10-12,Bengaluru,Sports,Female,48,Premium,4,999,15,3396.6,Cash on Delivery,Returned
101353,CUST1588,2026-08-27,Vijayawada,Mobiles,Female,23,Premium,5,5999,20,23996.0,Cash on Delivery,Cancelled
101354,CUST1065,2026-06-30,Bengaluru,Books,Female,36,Premium,5,3999,25,14996.25,Net Banking,Shipped
101355,CUST1196,2025-11-17,Pune,Books,Male,39,Premium,3,799,20,1917.6,Cash on Delivery,Cancelled
101356,CUST1193,2025-09-28,Ahmedabad,Home & Kitchen,Female,30,Premium,5,1599,25,5996.25,Debit Card,Cancelled
101357,CUST1178,2025-07-29,Guntur,Books,Male,31,Premium,4,3999,20,12796.8,Debit Card,Shipped
101358,CUST1496,2026-05-24,Bengaluru,Mobiles,Female,27,Regular,3,799,15,2037.45,Net Banking,Delivered
101359,CUST1403,2025-09-16,Hyderabad,Clothing,Male,34,Regular,1,1599,20,1279.2,Cash on Delivery,Cancelled
101360,CUST1273,2026-06-08,Hyderabad,Beauty,Female,24,Regular,5,1599,5,7595.25,Cash on Delivery,Returned
101361,CUST1126,2025-11-17,Pune,Electronics,Male,22,Regular,1,499,5,474.05,UPI,Cancelled
101362,CUST1210,2025-05-11,Hyderabad,Electronics,Male,25,Regular,1,5999,15,5099.15,Net Banking,Cancelled
101363,CUST1226,2025-10-19,Ahmedabad,Books,Female,33,New,4,799,5,3036.2,UPI,Cancelled
101364,CUST1555,2025-08-14,Ahmedabad,Electronics,Male,23,Premium,2,1599,5,3038.1,Net Banking,Cancelled
101365,CUST1417,2026-05-13,Chennai,Groceries,Female,28,New,1,299,5,284.05,Credit Card,Cancelled
101366,CUST1316,2025-04-20,Mumbai,Beauty,Female,31,New,1,799,25,599.25,UPI,Delivered
101367,CUST1394,2026-02-23,Ahmedabad,Beauty,Male,52,Regular,4,1999,5,7596.2,Credit Card,Returned
101368,CUST1022,2026-03-24,Delhi,Beauty,Female,31,Regular,5,1299,10,5845.5,Credit Card,Delivered
101369,CUST1213,2026-09-08,Chennai,Sports,Female,43,Regular,4,499,15,1696.6,Credit Card,Cancelled
101370,CUST1025,2025-08-25,Ahmedabad,Groceries,Male,46,Premium,4,3999,15,13596.6,UPI,Returned
101371,CUST1021,2026-08-09,Delhi,Beauty,Female,45,New,3,1299,15,3312.45,Cash on Delivery,Cancelled
101372,CUST1267,2025-12-23,Delhi,Home & Kitchen,Male,32,Premium,2,999,10,1798.2,Net Banking,Shipped
101373,CUST1235,2025-02-07,Guntur,Home & Kitchen,Male,53,New,4,1299,0,5196.0,Debit Card,Delivered
101374,CUST1301,2026-06-22,Vijayawada,Beauty,Female,29,New,3,1999,5,5697.15,Cash on Delivery,Cancelled
101375,CUST1095,2025-06-20,Ahmedabad,Electronics,Male,36,Premium,5,299,5,1420.25,Cash on Delivery,Returned
101376,CUST1079,2025-06-21,Guntur,Clothing,Female,29,Premium,2,199,5,378.1,UPI,Returned
101377,CUST1547,2026-07-21,Vijayawada,Groceries,Male,38,New,3,499,5,1422.15,Debit Card,Delivered
101378,CUST1139,2026-05-28,Vijayawada,Electronics,Female,27,New,5,199,15,845.75,Credit Card,Cancelled
101379,CUST1466,2026-08-11,Vijayawada,Clothing,Male,28,Premium,3,1999,5,5697.15,Net Banking,Delivered
101380,CUST1295,2025-03-10,Delhi,Mobiles,Female,53,Premium,4,499,0,1996.0,Cash on Delivery,Returned
101381,CUST1415,2026-06-17,Bengaluru,Beauty,Male,50,Regular,3,3999,20,9597.6,Credit Card,Delivered
101382,CUST1306,2025-07-31,Guntur,Beauty,Female,42,Regular,1,3999,10,3599.1,Debit Card,Delivered
101383,CUST1221,2025-11-19,Mumbai,Home & Kitchen,Female,55,Premium,4,799,0,3196.0,Credit Card,Cancelled
101384,CUST1233,2026-02-10,Delhi,Books,Female,43,Regular,2,499,0,998.0,Cash on Delivery,Cancelled
101385,CUST1053,2025-07-29,Chennai,Home & Kitchen,Male,36,Regular,4,499,15,1696.6,UPI,Cancelled
101386,CUST1080,2026-04-22,Ahmedabad,Books,Female,50,Premium,4,5999,15,20396.6,Cash on Delivery,Delivered
101387,CUST1199,2026-05-06,Bengaluru,Home & Kitchen,Male,24,New,1,1299,10,1169.1,Net Banking,Cancelled
101388,CUST1534,2025-03-03,Pune,Electronics,Female,43,Regular,1,2499,5,2374.05,Net Banking,Returned
101389,CUST1377,2025-12-22,Hyderabad,Clothing,Female,49,Regular,5,1299,10,5845.5,Net Banking,Delivered
101390,CUST1158,2026-07-16,Mumbai,Sports,Female,35,New,5,2499,0,12495.0,Credit Card,Shipped
101391,CUST1404,2025-04-06,Chennai,Electronics,Male,37,New,5,1599,10,7195.5,Credit Card,Shipped
101392,CUST1156,2026-03-05,Mumbai,Books,Male,18,New,5,799,15,3395.75,Credit Card,Delivered
101393,CUST1480,2025-09-29,Vijayawada,Mobiles,Male,23,Premium,4,299,5,1136.2,Cash on Delivery,Cancelled
101394,CUST1572,2026-01-17,Kolkata,Sports,Female,51,New,4,999,20,3196.8,Net Banking,Cancelled
101395,CUST1445,2026-09-01,Delhi,Books,Female,50,Regular,2,799,0,1598.0,Cash on Delivery,Returned
101396,CUST1110,2025-02-22,Vijayawada,Groceries,Male,33,Regular,5,999,10,4495.5,Credit Card,Delivered
101397,CUST1410,2026-07-10,Mumbai,Sports,Female,23,New,5,1299,15,5520.75,Credit Card,Returned
101398,CUST1416,2025-03-09,Mumbai,Home & Kitchen,Female,48,New,3,199,15,507.45,Debit Card,Cancelled
101399,CUST1504,2025-05-02,Mumbai,Groceries,Female,45,New,3,799,15,2037.45,Debit Card,Shipped
101400,CUST1335,2026-09-18,Ahmedabad,Beauty,Male,24,New,2,1299,5,2468.1,UPI,Delivered
101401,CUST1095,2025-06-03,Vijayawada,Electronics,Male,48,New,5,1599,15,6795.75,UPI,Shipped
101402,CUST1366,2025-10-26,Ahmedabad,Clothing,Male,28,Regular,3,5999,25,13497.75,Debit Card,Delivered
101403,CUST1001,2025-02-09,Chennai,Home & Kitchen,Female,49,New,5,299,0,1495.0,Debit Card,Cancelled
101404,CUST1292,2026-09-23,Vijayawada,Clothing,Female,34,New,5,299,20,1196.0,Net Banking,Delivered
101405,CUST1291,2026-05-24,Hyderabad,Beauty,Female,28,Premium,5,799,25,2996.25,Cash on Delivery,Returned
101406,CUST1411,2026-01-03,Mumbai,Groceries,Female,38,New,5,999,10,4495.5,Credit Card,Returned
101407,CUST1061,2025-06-02,Ahmedabad,Clothing,Male,24,Regular,2,199,0,398.0,Credit Card,Shipped
101408,CUST1328,2025-03-17,Ahmedabad,Groceries,Female,45,Regular,3,1299,25,2922.75,UPI,Cancelled
101409,CUST1373,2025-08-03,Vijayawada,Beauty,Male,40,New,4,5999,0,23996.0,UPI,Delivered
101410,CUST1475,2025-09-16,Mumbai,Sports,Female,26,Regular,4,499,15,1696.6,Cash on Delivery,Cancelled
101411,CUST1257,2026-08-04,Mumbai,Clothing,Female,39,New,2,199,5,378.1,UPI,Shipped
101412,CUST1285,2025-09-03,Chennai,Home & Kitchen,Female,20,New,5,3999,15,16995.75,Debit Card,Cancelled
101413,CUST1108,2026-09-22,Delhi,Groceries,Male,27,Regular,3,1299,0,3897.0,Net Banking,Cancelled
101414,CUST1202,2026-06-28,Mumbai,Electronics,Female,55,Premium,4,2499,20,7996.8,Debit Card,Returned
101415,CUST1418,2025-02-15,Ahmedabad,Clothing,Female,44,Regular,3,1299,0,3897.0,Net Banking,Shipped
101416,CUST1272,2025-11-19,Bengaluru,Electronics,Male,55,Regular,5,799,15,3395.75,Cash on Delivery,Cancelled
101417,CUST1228,2025-01-05,Delhi,Groceries,Female,18,Regular,5,799,0,3995.0,UPI,Delivered
101418,CUST1017,2025-10-08,Kolkata,Books,Male,49,Premium,5,2499,15,10620.75,Credit Card,Cancelled
101419,CUST1337,2025-04-29,Vijayawada,Groceries,Male,45,New,2,1599,20,2558.4,Debit Card,Shipped
101420,CUST1265,2026-05-07,Vijayawada,Books,Female,44,New,1,299,5,284.05,Cash on Delivery,Shipped
101421,CUST1317,2025-06-17,Kolkata,Clothing,Male,27,New,3,299,10,807.3,UPI,Shipped
101422,CUST1463,2025-03-09,Pune,Clothing,Female,50,New,3,499,0,1497.0,Cash on Delivery,Cancelled
101423,CUST1181,2025-03-27,Mumbai,Groceries,Female,19,Premium,3,299,10,807.3,UPI,Delivered
101424,CUST1535,2025-06-16,Kolkata,Groceries,Female,40,New,2,1299,5,2468.1,Debit Card,Returned
101425,CUST1218,2026-03-19,Vijayawada,Groceries,Female,55,Premium,1,2499,15,2124.15,UPI,Shipped
101426,CUST1330,2026-05-22,Pune,Groceries,Male,20,Regular,5,1999,15,8495.75,Credit Card,Delivered
101427,CUST1382,2026-08-08,Pune,Beauty,Male,38,Regular,3,199,25,447.75,UPI,Shipped
101428,CUST1120,2025-04-09,Ahmedabad,Home & Kitchen,Female,49,Premium,5,2499,20,9996.0,Net Banking,Cancelled
101429,CUST1325,2025-05-03,Chennai,Books,Female,36,New,5,199,25,746.25,UPI,Delivered
101430,CUST1157,2025-11-04,Bengaluru,Sports,Female,22,Premium,2,999,15,1698.3,Debit Card,Delivered
101431,CUST1024,2026-05-26,Hyderabad,Books,Female,29,Premium,3,999,15,2547.45,UPI,Shipped
101432,CUST1372,2026-06-22,Guntur,Clothing,Female,39,Regular,5,3999,0,19995.0,UPI,Shipped
101433,CUST1238,2026-08-14,Hyderabad,Books,Female,53,Premium,2,3999,0,7998.0,UPI,Cancelled
101434,CUST1042,2026-07-20,Bengaluru,Beauty,Male,39,Regular,3,299,15,762.45,UPI,Shipped
101435,CUST1110,2025-03-12,Delhi,Electronics,Female,41,Regular,1,3999,0,3999.0,Net Banking,Delivered
101436,CUST1254,2025-09-28,Guntur,Sports,Male,29,Premium,2,3999,20,6398.4,Net Banking,Delivered
101437,CUST1130,2025-01-18,Vijayawada,Groceries,Female,18,Premium,4,799,25,2397.0,Net Banking,Cancelled
101438,CUST1244,2026-08-14,Hyderabad,Beauty,Male,42,New,2,1999,20,3198.4,Net Banking,Cancelled
101439,CUST1422,2025-12-19,Ahmedabad,Books,Female,33,Premium,2,1599,20,2558.4,UPI,Returned
101440,CUST1118,2025-09-19,Mumbai,Groceries,Female,26,Premium,5,1999,0,9995.0,Credit Card,Delivered
101441,CUST1256,2025-09-12,Hyderabad,Clothing,Female,26,New,2,199,5,378.1,Debit Card,Delivered
101442,CUST1114,2026-08-12,Hyderabad,Beauty,Male,39,New,1,5999,5,5699.05,Cash on Delivery,Shipped
101443,CUST1421,2025-05-31,Mumbai,Books,Female,30,Premium,1,1299,10,1169.1,Credit Card,Shipped
101444,CUST1249,2026-02-03,Delhi,Mobiles,Female,45,New,3,799,25,1797.75,Debit Card,Delivered
101445,CUST1062,2026-03-20,Delhi,Books,Male,44,New,4,499,0,1996.0,Debit Card,Shipped
101446,CUST1015,2025-10-18,Delhi,Clothing,Female,40,Regular,3,499,15,1272.45,Credit Card,Returned
101447,CUST1277,2025-07-25,Vijayawada,Mobiles,Male,46,New,3,1999,15,5097.45,UPI,Shipped
101448,CUST1522,2026-05-13,Vijayawada,Clothing,Female,41,Premium,4,799,20,2556.8,Debit Card,Delivered
101449,CUST1414,2025-10-06,Hyderabad,Clothing,Male,33,Regular,5,999,25,3746.25,Debit Card,Shipped
101450,CUST1188,2026-07-24,Delhi,Electronics,Male,19,Regular,5,3999,20,15996.0,Net Banking,Returned
101451,CUST1199,2026-08-05,Vijayawada,Clothing,Female,45,Regular,3,199,15,507.45,Debit Card,Shipped
101452,CUST1366,2026-02-16,Guntur,Beauty,Female,30,New,5,3999,20,15996.0,Debit Card,Delivered
101453,CUST1546,2025-12-11,Pune,Mobiles,Male,45,Premium,3,1999,5,5697.15,UPI,Delivered
101454,CUST1421,2025-04-16,Hyderabad,Groceries,Female,44,Premium,5,499,5,2370.25,UPI,Delivered
101455,CUST1220,2026-07-16,Chennai,Sports,Male,20,Regular,4,499,5,1896.2,UPI,Returned
101456,CUST1461,2025-05-04,Chennai,Clothing,Female,33,Premium,3,5999,20,14397.6,UPI,Delivered
101457,CUST1247,2025-09-14,Hyderabad,Mobiles,Female,52,New,5,2499,25,9371.25,UPI,Returned
101458,CUST1091,2025-08-10,Kolkata,Groceries,Female,18,Regular,4,1299,0,5196.0,Debit Card,Cancelled
101459,CUST1100,2026-04-09,Ahmedabad,Electronics,Female,30,New,5,499,0,2495.0,Credit Card,Shipped
101460,CUST1203,2025-02-16,Vijayawada,Books,Female,21,Premium,2,799,5,1518.1,Cash on Delivery,Shipped
101461,CUST1210,2025-05-18,Pune,Books,Female,27,Premium,1,299,25,224.25,UPI,Shipped
101462,CUST1384,2026-05-01,Hyderabad,Home & Kitchen,Female,24,New,4,199,5,756.2,Credit Card,Shipped
101463,CUST1446,2025-03-16,Chennai,Home & Kitchen,Female,51,Premium,2,1599,0,3198.0,Net Banking,Cancelled
101464,CUST1581,2026-04-09,Chennai,Mobiles,Female,29,Premium,2,3999,20,6398.4,Cash on Delivery,Cancelled
101465,CUST1021,2025-11-20,Chennai,Beauty,Female,42,Premium,3,3999,5,11397.15,Cash on Delivery,Delivered
101466,CUST1236,2026-08-19,Kolkata,Clothing,Female,43,Premium,1,499,0,499.0,Net Banking,Shipped
101467,CUST1238,2025-02-24,Vijayawada,Groceries,Male,50,Premium,5,499,20,1996.0,Net Banking,Delivered
101468,CUST1348,2025-09-05,Kolkata,Clothing,Female,34,Regular,5,2499,0,12495.0,Net Banking,Shipped
101469,CUST1211,2025-07-02,Vijayawada,Groceries,Male,51,New,1,1599,15,1359.15,Net Banking,Returned
101470,CUST1083,2025-03-15,Pune,Mobiles,Male,35,Regular,4,5999,20,19196.8,UPI,Delivered
101471,CUST1025,2025-01-12,Hyderabad,Clothing,Female,28,Premium,1,5999,25,4499.25,Net Banking,Delivered
101472,CUST1450,2025-03-26,Kolkata,Sports,Male,19,Premium,2,1999,0,3998.0,Credit Card,Cancelled
101473,CUST1517,2025-11-17,Bengaluru,Books,Female,28,New,4,5999,0,23996.0,Net Banking,Shipped
101474,CUST1295,2026-09-07,Delhi,Clothing,Male,29,Regular,5,2499,15,10620.75,Net Banking,Delivered
101475,CUST1520,2025-11-18,Mumbai,Mobiles,Male,20,Premium,4,1999,0,7996.0,UPI,Delivered
101476,CUST1350,2025-09-25,Guntur,Sports,Female,51,New,2,1599,10,2878.2,Cash on Delivery,Returned
101477,CUST1153,2026-07-31,Bengaluru,Groceries,Female,41,Premium,1,799,15,679.15,UPI,Cancelled
101478,CUST1043,2025-11-14,Kolkata,Electronics,Female,21,Regular,2,3999,15,6798.3,Credit Card,Shipped
101479,CUST1472,2026-02-25,Ahmedabad,Sports,Male,51,New,5,3999,20,15996.0,Credit Card,Delivered
101480,CUST1402,2025-03-04,Bengaluru,Clothing,Male,34,Premium,3,199,0,597.0,Debit Card,Shipped
101481,CUST1529,2026-07-15,Chennai,Beauty,Male,51,Premium,4,1999,5,7596.2,UPI,Returned
101482,CUST1068,2025-10-02,Vijayawada,Beauty,Female,28,Premium,2,499,25,748.5,Net Banking,Cancelled
101483,CUST1249,2026-02-22,Mumbai,Home & Kitchen,Female,51,Regular,3,499,0,1497.0,Credit Card,Delivered
101484,CUST1042,2025-11-14,Mumbai,Books,Female,28,Regular,3,299,15,762.45,Debit Card,Cancelled
101485,CUST1378,2025-02-13,Pune,Home & Kitchen,Female,30,Premium,2,1599,5,3038.1,UPI,Delivered
101486,CUST1287,2026-04-27,Bengaluru,Electronics,Male,24,Regular,4,999,15,3396.6,Credit Card,Shipped
101487,CUST1064,2025-10-10,Pune,Electronics,Female,21,Regular,3,499,15,1272.45,Credit Card,Shipped
101488,CUST1539,2025-08-10,Bengaluru,Sports,Male,43,Premium,2,1299,5,2468.1,Credit Card,Shipped
101489,CUST1466,2025-04-15,Kolkata,Mobiles,Male,52,New,1,299,25,224.25,Net Banking,Shipped
101490,CUST1203,2025-09-04,Delhi,Groceries,Male,43,Premium,5,299,25,1121.25,Debit Card,Shipped
101491,CUST1079,2025-02-10,Guntur,Mobiles,Female,42,New,4,199,25,597.0,Cash on Delivery,Returned
101492,CUST1190,2026-07-20,Chennai,Electronics,Male,55,New,5,199,0,995.0,Debit Card,Returned
101493,CUST1537,2025-04-25,Hyderabad,Groceries,Female,39,Regular,5,499,20,1996.0,Cash on Delivery,Cancelled
101494,CUST1426,2025-10-18,Hyderabad,Groceries,Female,41,Premium,5,299,25,1121.25,Debit Card,Shipped
101495,CUST1073,2025-03-01,Guntur,Books,Male,52,Regular,1,999,20,799.2,Credit Card,Shipped
101496,CUST1028,2026-02-11,Ahmedabad,Home & Kitchen,Female,30,New,5,1999,10,8995.5,Credit Card,Shipped
101497,CUST1076,2026-09-14,Chennai,Mobiles,Female,39,Regular,5,2499,5,11870.25,Cash on Delivery,Delivered
101498,CUST1302,2025-04-05,Vijayawada,Beauty,Male,41,Premium,3,199,25,447.75,UPI,Cancelled
101499,CUST1446,2025-09-01,Hyderabad,Clothing,Male,26,Regular,4,1599,15,5436.6,UPI,Delivered
101500,CUST1370,2025-07-17,Mumbai,Beauty,Male,19,Regular,1,2499,5,2374.05,Credit Card,Returned
101501,CUST1180,2025-03-16,Chennai,Books,Female,40,New,3,799,0,2397.0,Cash on Delivery,Shipped
101502,CUST1497,2026-03-23,Mumbai,Home & Kitchen,Male,51,Regular,5,299,15,1270.75,Debit Card,Delivered
101503,CUST1006,2025-04-29,Kolkata,Mobiles,Male,39,Regular,2,999,20,1598.4,Credit Card,Returned
101504,CUST1048,2026-07-18,Chennai,Groceries,Female,25,New,5,499,15,2120.75,UPI,Cancelled
101505,CUST1520,2026-04-08,Pune,Clothing,Female,36,Premium,1,3999,0,3999.0,Credit Card,Delivered
101506,CUST1413,2026-04-09,Ahmedabad,Beauty,Female,36,Premium,3,3999,5,11397.15,Net Banking,Returned
101507,CUST1549,2025-04-02,Pune,Beauty,Male,27,Regular,5,999,5,4745.25,Net Banking,Delivered
101508,CUST1584,2025-10-29,Ahmedabad,Groceries,Male,30,New,1,2499,10,2249.1,Credit Card,Shipped
101509,CUST1578,2025-10-29,Kolkata,Electronics,Female,19,Premium,2,1599,15,2718.3,Cash on Delivery,Shipped
101510,CUST1032,2026-02-12,Delhi,Home & Kitchen,Male,37,Premium,1,1999,15,1699.15,Credit Card,Shipped
101511,CUST1250,2025-11-30,Kolkata,Home & Kitchen,Male,36,New,5,1299,25,4871.25,Debit Card,Returned
101512,CUST1445,2025-05-01,Pune,Electronics,Male,43,Premium,2,3999,20,6398.4,Debit Card,Shipped
101513,CUST1392,2026-03-21,Ahmedabad,Beauty,Female,44,Premium,3,299,20,717.6,UPI,Shipped
101514,CUST1101,2025-01-16,Vijayawada,Groceries,Female,54,Regular,5,1999,15,8495.75,UPI,Cancelled
101515,CUST1153,2025-07-16,Chennai,Books,Female,20,New,3,1599,20,3837.6,Credit Card,Returned
101516,CUST1527,2025-08-18,Mumbai,Beauty,Female,22,New,1,199,25,149.25,UPI,Returned
101517,CUST1198,2026-05-31,Ahmedabad,Sports,Male,21,New,2,299,0,598.0,Cash on Delivery,Delivered
101518,CUST1075,2026-09-19,Pune,Electronics,Female,44,New,3,299,10,807.3,Net Banking,Shipped
101519,CUST1148,2026-08-20,Hyderabad,Sports,Male,35,Regular,4,5999,15,20396.6,UPI,Returned
101520,CUST1401,2026-03-28,Vijayawada,Electronics,Female,26,Premium,4,3999,10,14396.4,Cash on Delivery,Returned
101521,CUST1020,2025-05-14,Kolkata,Clothing,Female,48,Regular,5,499,10,2245.5,UPI,Shipped
101522,CUST1024,2026-08-02,Mumbai,Books,Male,30,New,5,299,10,1345.5,Credit Card,Returned
101523,CUST1367,2025-08-26,Vijayawada,Groceries,Female,43,New,1,499,10,449.1,Cash on Delivery,Delivered
101524,CUST1105,2026-04-21,Guntur,Home & Kitchen,Male,42,New,1,799,5,759.05,Credit Card,Returned
101525,CUST1136,2025-09-01,Delhi,Mobiles,Female,42,New,5,5999,10,26995.5,Credit Card,Shipped
101526,CUST1304,2026-04-04,Bengaluru,Books,Male,28,Premium,1,5999,20,4799.2,Debit Card,Delivered
101527,CUST1045,2025-05-25,Guntur,Beauty,Female,36,New,4,999,20,3196.8,Credit Card,Returned
101528,CUST1482,2025-07-29,Kolkata,Clothing,Male,47,Premium,3,299,15,762.45,Cash on Delivery,Shipped
101529,CUST1095,2025-07-11,Delhi,Home & Kitchen,Male,30,Regular,1,199,5,189.05,Net Banking,Returned
101530,CUST1504,2025-06-25,Ahmedabad,Mobiles,Male,45,New,5,2499,10,11245.5,Net Banking,Shipped
101531,CUST1327,2025-04-28,Mumbai,Electronics,Female,32,Premium,5,499,20,1996.0,Cash on Delivery,Delivered
101532,CUST1439,2026-05-20,Mumbai,Clothing,Female,48,Premium,5,2499,25,9371.25,UPI,Returned
101533,CUST1151,2026-05-24,Hyderabad,Sports,Male,42,Premium,2,1599,20,2558.4,Credit Card,Delivered
101534,CUST1358,2025-06-25,Pune,Home & Kitchen,Male,43,Premium,2,799,25,1198.5,Debit Card,Delivered
101535,CUST1272,2025-12-10,Mumbai,Home & Kitchen,Male,51,Premium,5,1999,0,9995.0,Credit Card,Delivered
101536,CUST1408,2026-08-08,Delhi,Electronics,Female,33,Regular,2,1299,20,2078.4,Net Banking,Cancelled
101537,CUST1039,2026-07-14,Pune,Electronics,Male,52,Regular,1,499,5,474.05,Net Banking,Cancelled
101538,CUST1306,2026-06-04,Ahmedabad,Sports,Male,23,Regular,3,5999,5,17097.15,Debit Card,Returned
101539,CUST1452,2026-07-13,Guntur,Sports,Male,33,Premium,5,1999,0,9995.0,Cash on Delivery,Returned
101540,CUST1192,2026-02-04,Hyderabad,Mobiles,Female,42,New,4,799,20,2556.8,Net Banking,Delivered
101541,CUST1505,2026-04-18,Mumbai,Home & Kitchen,Female,50,Regular,4,3999,20,12796.8,Credit Card,Shipped
101542,CUST1506,2025-11-24,Hyderabad,Sports,Male,43,Premium,5,3999,5,18995.25,Credit Card,Shipped
101543,CUST1370,2026-01-13,Mumbai,Beauty,Female,47,Premium,1,999,0,999.0,UPI,Delivered
101544,CUST1181,2025-05-08,Pune,Sports,Female,34,New,2,999,20,1598.4,Net Banking,Returned
101545,CUST1144,2026-04-17,Pune,Books,Male,33,Premium,5,1599,5,7595.25,Credit Card,Cancelled
101546,CUST1587,2026-02-05,Guntur,Sports,Female,28,Regular,2,799,20,1278.4,UPI,Cancelled
101547,CUST1495,2025-07-11,Vijayawada,Sports,Female,28,Premium,5,1299,25,4871.25,Credit Card,Returned
101548,CUST1543,2026-08-27,Ahmedabad,Sports,Male,32,Premium,2,799,10,1438.2,UPI,Returned
101549,CUST1502,2026-01-14,Kolkata,Books,Female,53,Regular,3,199,25,447.75,UPI,Cancelled
101550,CUST1008,2026-05-15,Chennai,Books,Male,50,Premium,3,999,5,2847.15,UPI,Delivered
101551,CUST1049,2026-05-08,Chennai,Sports,Male,35,New,5,1999,5,9495.25,UPI,Cancelled
101552,CUST1334,2025-08-04,Bengaluru,Mobiles,Male,38,Regular,4,999,0,3996.0,Credit Card,Delivered
101553,CUST1220,2025-08-10,Mumbai,Mobiles,Male,33,Regular,2,1299,20,2078.4,Cash on Delivery,Cancelled
101554,CUST1154,2025-02-16,Guntur,Books,Male,20,Regular,1,3999,10,3599.1,Credit Card,Returned
101555,CUST1537,2026-01-28,Delhi,Electronics,Male,48,New,5,2499,0,12495.0,Debit Card,Cancelled
101556,CUST1572,2025-05-13,Pune,Beauty,Male,26,Regular,2,2499,20,3998.4,Net Banking,Returned
101557,CUST1519,2026-03-03,Mumbai,Mobiles,Female,35,Regular,1,1299,20,1039.2,Credit Card,Shipped
101558,CUST1287,2026-05-20,Kolkata,Sports,Female,41,Regular,3,2499,10,6747.3,Net Banking,Cancelled
101559,CUST1122,2025-07-02,Guntur,Beauty,Female,19,New,5,499,10,2245.5,UPI,Delivered
101560,CUST1236,2025-02-13,Ahmedabad,Groceries,Male,33,New,2,999,10,1798.2,UPI,Cancelled
101561,CUST1332,2025-11-21,Pune,Mobiles,Male,51,New,1,799,0,799.0,Cash on Delivery,Shipped
101562,CUST1533,2025-04-13,Kolkata,Beauty,Female,55,Premium,3,999,10,2697.3,Cash on Delivery,Shipped
101563,CUST1452,2026-05-27,Bengaluru,Beauty,Male,18,New,2,1599,15,2718.3,Debit Card,Shipped
101564,CUST1539,2026-01-13,Chennai,Home & Kitchen,Male,26,New,3,799,0,2397.0,UPI,Shipped
101565,CUST1008,2025-07-24,Bengaluru,Clothing,Male,42,Premium,5,499,25,1871.25,UPI,Delivered
101566,CUST1502,2026-06-17,Vijayawada,Groceries,Female,40,New,2,1599,10,2878.2,Net Banking,Shipped
101567,CUST1090,2026-04-28,Delhi,Home & Kitchen,Male,40,Regular,4,2499,25,7497.0,Cash on Delivery,Cancelled
101568,CUST1273,2025-09-24,Delhi,Home & Kitchen,Female,27,Premium,3,2499,25,5622.75,UPI,Cancelled
101569,CUST1465,2025-05-26,Mumbai,Groceries,Male,43,New,5,299,20,1196.0,Net Banking,Shipped
101570,CUST1180,2026-03-27,Guntur,Mobiles,Male,30,Regular,1,5999,15,5099.15,Credit Card,Shipped
101571,CUST1159,2025-01-30,Ahmedabad,Groceries,Female,28,New,3,499,5,1422.15,Cash on Delivery,Cancelled
101572,CUST1242,2026-08-23,Kolkata,Home & Kitchen,Male,28,Regular,1,5999,10,5399.1,Debit Card,Shipped
101573,CUST1570,2026-08-15,Bengaluru,Books,Female,25,Regular,5,799,10,3595.5,Cash on Delivery,Returned
101574,CUST1254,2025-08-13,Hyderabad,Sports,Female,34,Premium,2,1599,10,2878.2,Cash on Delivery,Delivered
101575,CUST1450,2025-07-04,Hyderabad,Home & Kitchen,Male,46,New,4,3999,20,12796.8,Credit Card,Delivered
101576,CUST1480,2025-12-06,Kolkata,Mobiles,Male,31,Regular,2,5999,20,9598.4,Debit Card,Shipped
101577,CUST1134,2026-08-17,Vijayawada,Electronics,Male,26,Regular,5,2499,5,11870.25,Cash on Delivery,Delivered
101578,CUST1046,2026-07-16,Bengaluru,Mobiles,Female,51,Premium,2,499,0,998.0,Net Banking,Returned
101579,CUST1527,2025-12-24,Pune,Home & Kitchen,Male,52,Regular,2,1299,25,1948.5,UPI,Delivered
101580,CUST1242,2025-07-26,Mumbai,Clothing,Female,25,Regular,1,999,10,899.1,UPI,Cancelled
101581,CUST1024,2025-06-16,Vijayawada,Home & Kitchen,Female,19,New,2,3999,0,7998.0,Debit Card,Shipped
101582,CUST1524,2026-05-05,Chennai,Electronics,Male,18,Premium,3,5999,25,13497.75,Cash on Delivery,Returned
101583,CUST1512,2025-03-26,Guntur,Clothing,Male,43,New,2,5999,20,9598.4,Credit Card,Shipped
101584,CUST1472,2025-04-29,Mumbai,Mobiles,Male,21,New,2,499,0,998.0,Net Banking,Delivered
101585,CUST1108,2025-04-29,Vijayawada,Home & Kitchen,Male,25,Premium,1,1599,15,1359.15,UPI,Returned
101586,CUST1542,2025-05-20,Delhi,Groceries,Male,31,New,3,5999,25,13497.75,Debit Card,Shipped
101587,CUST1550,2026-03-18,Hyderabad,Home & Kitchen,Female,37,Premium,4,1299,5,4936.2,UPI,Shipped
101588,CUST1292,2025-10-16,Hyderabad,Beauty,Male,39,New,2,299,0,598.0,Net Banking,Cancelled
101589,CUST1385,2025-05-18,Vijayawada,Electronics,Male,41,Regular,2,3999,10,7198.2,Cash on Delivery,Delivered
101590,CUST1354,2025-01-02,Vijayawada,Mobiles,Male,24,New,2,5999,20,9598.4,Cash on Delivery,Delivered
101591,CUST1368,2025-05-26,Kolkata,Sports,Female,42,Regular,3,799,15,2037.45,Credit Card,Shipped
101592,CUST1160,2025-01-28,Hyderabad,Home & Kitchen,Female,21,Regular,3,299,25,672.75,UPI,Cancelled
101593,CUST1571,2026-09-21,Delhi,Books,Male,28,Premium,2,1999,5,3798.1,Net Banking,Delivered
101594,CUST1023,2026-03-30,Mumbai,Groceries,Male,26,Regular,1,1599,15,1359.15,Net Banking,Delivered
101595,CUST1008,2025-12-17,Chennai,Books,Male,33,New,3,999,5,2847.15,UPI,Delivered
101596,CUST1578,2026-09-23,Delhi,Sports,Female,37,Premium,3,1599,15,4077.45,UPI,Cancelled
101597,CUST1381,2026-03-30,Bengaluru,Beauty,Male,33,Regular,5,5999,10,26995.5,Cash on Delivery,Delivered
101598,CUST1003,2025-05-21,Guntur,Electronics,Male,25,Premium,3,1999,15,5097.45,UPI,Delivered
101599,CUST1236,2025-08-01,Guntur,Mobiles,Female,35,New,1,1599,20,1279.2,Cash on Delivery,Shipped
101600,CUST1014,2026-03-10,Kolkata,Clothing,Female,46,New,5,199,20,796.0,Credit Card,Delivered
101601,CUST1087,2025-04-21,Chennai,Electronics,Female,46,New,3,199,15,507.45,Credit Card,Delivered
101602,CUST1049,2026-04-19,Bengaluru,Sports,Female,49,Regular,2,1299,0,2598.0,Credit Card,Returned
101603,CUST1018,2025-06-29,Ahmedabad,Beauty,Male,40,Premium,1,799,0,799.0,Net Banking,Cancelled
101604,CUST1260,2026-04-03,Delhi,Electronics,Male,25,Premium,4,1599,20,5116.8,UPI,Cancelled
101605,CUST1161,2025-07-23,Delhi,Books,Female,43,Regular,2,3999,15,6798.3,Credit Card,Delivered
101606,CUST1247,2025-12-28,Vijayawada,Mobiles,Male,20,New,5,299,20,1196.0,Debit Card,Returned
101607,CUST1339,2026-03-01,Ahmedabad,Electronics,Male,25,New,4,299,10,1076.4,Cash on Delivery,Returned
101608,CUST1021,2026-04-24,Bengaluru,Groceries,Male,54,Premium,1,999,0,999.0,Debit Card,Delivered
101609,CUST1068,2025-11-19,Pune,Home & Kitchen,Male,34,Premium,2,5999,25,8998.5,Net Banking,Delivered
101610,CUST1509,2026-08-27,Mumbai,Mobiles,Male,22,New,3,5999,20,14397.6,Cash on Delivery,Returned
101611,CUST1570,2025-05-04,Bengaluru,Clothing,Female,42,New,4,1599,20,5116.8,Credit Card,Shipped
101612,CUST1492,2026-05-12,Ahmedabad,Books,Male,32,New,3,199,15,507.45,Debit Card,Returned
101613,CUST1297,2025-07-07,Ahmedabad,Clothing,Female,18,New,2,2499,25,3748.5,Debit Card,Shipped
101614,CUST1479,2026-03-18,Hyderabad,Mobiles,Male,24,New,2,199,5,378.1,Cash on Delivery,Delivered
101615,CUST1266,2025-06-12,Guntur,Clothing,Male,41,Premium,1,5999,25,4499.25,Net Banking,Returned
101616,CUST1023,2025-05-31,Kolkata,Books,Male,22,Premium,1,299,15,254.15,Cash on Delivery,Cancelled
101617,CUST1124,2025-11-08,Delhi,Sports,Male,54,Regular,5,499,5,2370.25,Net Banking,Cancelled
101618,CUST1064,2026-03-25,Hyderabad,Books,Male,44,Regular,1,2499,5,2374.05,Debit Card,Returned
101619,CUST1577,2025-04-06,Guntur,Books,Female,23,Premium,2,799,15,1358.3,UPI,Shipped
101620,CUST1277,2026-06-08,Vijayawada,Beauty,Male,47,Premium,4,5999,20,19196.8,Cash on Delivery,Returned
101621,CUST1364,2025-02-21,Chennai,Clothing,Female,23,Premium,3,199,20,477.6,Cash on Delivery,Delivered
101622,CUST1566,2025-12-30,Chennai,Home & Kitchen,Female,36,Premium,4,199,15,676.6,Net Banking,Shipped
101623,CUST1472,2025-12-08,Ahmedabad,Beauty,Male,36,Premium,4,1299,0,5196.0,UPI,Returned
101624,CUST1560,2025-10-17,Chennai,Books,Female,19,Regular,5,1599,15,6795.75,Cash on Delivery,Cancelled
101625,CUST1157,2025-06-05,Kolkata,Sports,Male,42,New,1,1999,0,1999.0,Credit Card,Cancelled
101626,CUST1282,2026-08-17,Kolkata,Home & Kitchen,Male,50,Premium,2,5999,15,10198.3,Credit Card,Cancelled
101627,CUST1514,2026-07-02,Chennai,Electronics,Female,26,Regular,4,2499,25,7497.0,Cash on Delivery,Returned
101628,CUST1590,2025-06-04,Guntur,Beauty,Male,22,New,5,1999,20,7996.0,Debit Card,Delivered
101629,CUST1255,2025-08-08,Pune,Home & Kitchen,Male,44,New,1,3999,25,2999.25,Credit Card,Shipped
101630,CUST1192,2026-05-02,Chennai,Electronics,Female,38,Premium,4,199,10,716.4,Net Banking,Delivered
101631,CUST1369,2026-02-15,Bengaluru,Books,Female,27,Regular,3,199,5,567.15,UPI,Delivered
101632,CUST1198,2026-03-16,Bengaluru,Books,Male,54,Regular,3,5999,0,17997.0,Cash on Delivery,Delivered
101633,CUST1130,2026-04-27,Bengaluru,Electronics,Male,43,Regular,4,299,20,956.8,Net Banking,Shipped
101634,CUST1278,2025-04-10,Mumbai,Clothing,Male,38,Premium,3,299,15,762.45,Credit Card,Returned
101635,CUST1552,2026-01-21,Ahmedabad,Groceries,Female,53,Regular,3,2499,15,6372.45,Debit Card,Returned
101636,CUST1349,2026-08-04,Ahmedabad,Books,Female,21,New,3,299,10,807.3,UPI,Shipped
101637,CUST1490,2026-09-06,Pune,Groceries,Female,20,Regular,2,199,25,298.5,UPI,Delivered
101638,CUST1064,2026-05-01,Chennai,Beauty,Male,44,Regular,1,1599,25,1199.25,Credit Card,Returned
101639,CUST1267,2025-05-09,Pune,Sports,Male,42,Regular,1,2499,20,1999.2,UPI,Delivered
101640,CUST1587,2025-01-26,Bengaluru,Home & Kitchen,Female,51,Premium,5,5999,25,22496.25,Debit Card,Shipped
101641,CUST1281,2025-02-18,Kolkata,Beauty,Female,49,Regular,3,1599,15,4077.45,UPI,Cancelled
101642,CUST1319,2026-03-23,Pune,Beauty,Female,49,Regular,3,499,0,1497.0,Debit Card,Delivered
101643,CUST1227,2026-08-08,Chennai,Electronics,Female,26,New,4,999,10,3596.4,Debit Card,Cancelled
101644,CUST1189,2026-02-19,Mumbai,Sports,Female,21,New,4,499,25,1497.0,Cash on Delivery,Cancelled
101645,CUST1055,2026-09-11,Hyderabad,Beauty,Male,29,New,5,1299,5,6170.25,Credit Card,Shipped
101646,CUST1490,2025-10-29,Delhi,Books,Female,26,Regular,2,1999,15,3398.3,Net Banking,Delivered
101647,CUST1182,2026-02-04,Bengaluru,Clothing,Male,41,Premium,1,299,0,299.0,Debit Card,Returned
101648,CUST1111,2025-03-03,Delhi,Beauty,Female,49,Premium,1,2499,0,2499.0,Credit Card,Shipped
101649,CUST1367,2025-03-23,Delhi,Electronics,Female,46,New,2,3999,20,6398.4,Cash on Delivery,Cancelled
101650,CUST1114,2025-06-18,Vijayawada,Electronics,Male,51,Regular,4,299,5,1136.2,Credit Card,Returned
101651,CUST1396,2025-12-17,Kolkata,Electronics,Female,53,Regular,2,1599,10,2878.2,Credit Card,Cancelled
101652,CUST1131,2025-09-29,Guntur,Groceries,Female,34,Regular,5,499,10,2245.5,Debit Card,Delivered
101653,CUST1377,2025-02-02,Bengaluru,Mobiles,Female,27,New,4,999,10,3596.4,UPI,Delivered
101654,CUST1459,2025-05-24,Bengaluru,Mobiles,Male,46,Regular,2,499,25,748.5,Cash on Delivery,Shipped
101655,CUST1171,2025-09-06,Delhi,Home & Kitchen,Male,30,Premium,3,5999,25,13497.75,Net Banking,Returned
101656,CUST1013,2025-06-23,Kolkata,Electronics,Male,42,New,1,1999,10,1799.1,UPI,Cancelled
101657,CUST1236,2025-12-03,Pune,Home & Kitchen,Female,32,Regular,2,199,15,338.3,Credit Card,Cancelled
101658,CUST1107,2025-01-13,Kolkata,Clothing,Female,46,Regular,1,5999,25,4499.25,Net Banking,Cancelled
101659,CUST1177,2026-06-11,Bengaluru,Books,Female,41,Regular,1,1599,10,1439.1,Debit Card,Returned
101660,CUST1371,2025-02-24,Guntur,Mobiles,Male,46,Premium,5,799,20,3196.0,Net Banking,Delivered
101661,CUST1127,2025-01-16,Vijayawada,Mobiles,Female,52,Premium,3,799,25,1797.75,Cash on Delivery,Returned
101662,CUST1063,2026-08-24,Bengaluru,Sports,Female,55,Premium,5,2499,5,11870.25,Credit Card,Returned
101663,CUST1141,2025-04-18,Bengaluru,Beauty,Male,20,New,3,1999,25,4497.75,Net Banking,Returned
101664,CUST1209,2025-09-16,Kolkata,Groceries,Female,28,Premium,2,999,5,1898.1,Credit Card,Shipped
101665,CUST1563,2026-08-05,Delhi,Electronics,Female,28,Premium,1,499,0,499.0,Credit Card,Shipped
101666,CUST1592,2026-06-14,Kolkata,Groceries,Male,27,New,5,199,25,746.25,UPI,Delivered
101667,CUST1003,2025-01-16,Hyderabad,Clothing,Female,47,Regular,2,799,5,1518.1,Cash on Delivery,Delivered
101668,CUST1572,2025-02-16,Delhi,Beauty,Male,18,Premium,1,2499,25,1874.25,UPI,Cancelled
101669,CUST1296,2025-07-13,Hyderabad,Groceries,Female,38,Premium,3,1599,0,4797.0,Credit Card,Delivered
101670,CUST1283,2026-08-27,Mumbai,Home & Kitchen,Male,38,Regular,5,199,15,845.75,Cash on Delivery,Cancelled
101671,CUST1018,2025-04-11,Delhi,Beauty,Male,18,Regular,1,199,5,189.05,Debit Card,Cancelled
101672,CUST1340,2026-08-26,Hyderabad,Electronics,Female,45,Premium,4,1999,0,7996.0,Cash on Delivery,Returned
101673,CUST1403,2025-10-03,Pune,Books,Male,23,Premium,1,299,0,299.0,Credit Card,Cancelled
101674,CUST1103,2025-01-02,Mumbai,Books,Female,20,Premium,4,2499,10,8996.4,Net Banking,Delivered
101675,CUST1430,2026-01-12,Kolkata,Groceries,Female,53,New,5,799,15,3395.75,Cash on Delivery,Returned
101676,CUST1016,2025-06-13,Kolkata,Groceries,Female,53,Premium,4,3999,15,13596.6,Net Banking,Delivered
101677,CUST1497,2026-04-29,Ahmedabad,Clothing,Female,19,Regular,5,5999,25,22496.25,Net Banking,Returned
101678,CUST1584,2025-07-04,Delhi,Beauty,Male,33,New,3,1999,0,5997.0,UPI,Delivered
101679,CUST1535,2025-05-16,Ahmedabad,Home & Kitchen,Female,18,Regular,4,1299,15,4416.6,UPI,Delivered
101680,CUST1473,2026-08-09,Pune,Sports,Female,25,Regular,3,499,0,1497.0,Cash on Delivery,Returned
101681,CUST1142,2025-10-25,Delhi,Books,Female,29,New,1,5999,25,4499.25,UPI,Shipped
101682,CUST1413,2025-10-15,Vijayawada,Beauty,Female,29,New,1,3999,25,2999.25,Credit Card,Returned
101683,CUST1461,2025-12-09,Hyderabad,Books,Female,35,New,5,3999,0,19995.0,UPI,Cancelled
101684,CUST1327,2025-10-28,Mumbai,Home & Kitchen,Male,54,New,3,1999,0,5997.0,Credit Card,Cancelled
101685,CUST1051,2026-05-24,Guntur,Beauty,Male,39,Regular,1,3999,0,3999.0,Debit Card,Delivered
101686,CUST1286,2026-04-16,Delhi,Home & Kitchen,Male,53,Premium,2,799,5,1518.1,Debit Card,Cancelled
101687,CUST1533,2025-01-06,Kolkata,Home & Kitchen,Male,34,Premium,1,299,15,254.15,Cash on Delivery,Shipped
101688,CUST1399,2025-04-03,Kolkata,Sports,Male,48,New,2,1599,0,3198.0,UPI,Cancelled
101689,CUST1589,2026-07-30,Pune,Electronics,Male,47,New,1,299,0,299.0,UPI,Cancelled
101690,CUST1045,2025-07-10,Pune,Groceries,Female,21,Premium,4,299,25,897.0,Credit Card,Shipped
101691,CUST1441,2025-02-14,Ahmedabad,Sports,Male,18,Regular,1,1999,0,1999.0,Debit Card,Delivered
101692,CUST1336,2026-06-01,Bengaluru,Groceries,Male,54,Premium,5,999,20,3996.0,Cash on Delivery,Returned
101693,CUST1423,2026-08-31,Pune,Home & Kitchen,Female,35,Regular,5,3999,5,18995.25,UPI,Returned
101694,CUST1486,2025-04-01,Chennai,Books,Male,31,Premium,5,2499,5,11870.25,UPI,Delivered
101695,CUST1361,2025-09-22,Kolkata,Beauty,Male,29,New,3,199,5,567.15,Cash on Delivery,Cancelled
101696,CUST1537,2025-08-07,Chennai,Sports,Male,44,Premium,3,1999,10,5397.3,UPI,Returned
101697,CUST1440,2025-10-07,Delhi,Groceries,Male,34,Regular,5,1599,0,7995.0,Net Banking,Shipped
101698,CUST1234,2026-07-15,Mumbai,Books,Female,26,Premium,3,499,10,1347.3,UPI,Cancelled
101699,CUST1284,2025-12-09,Hyderabad,Beauty,Female,46,Premium,1,1999,15,1699.15,Debit Card,Cancelled
101700,CUST1211,2025-03-23,Ahmedabad,Home & Kitchen,Male,20,Premium,3,1599,5,4557.15,Debit Card,Cancelled
101701,CUST1317,2025-04-20,Hyderabad,Clothing,Male,24,New,1,1999,25,1499.25,UPI,Returned
101702,CUST1020,2026-06-04,Vijayawada,Sports,Female,46,Premium,4,299,20,956.8,Cash on Delivery,Delivered
101703,CUST1416,2025-07-01,Ahmedabad,Sports,Male,38,Regular,2,5999,0,11998.0,UPI,Shipped
101704,CUST1187,2025-01-01,Delhi,Sports,Female,21,New,1,5999,5,5699.05,Credit Card,Returned
101705,CUST1346,2025-02-21,Chennai,Home & Kitchen,Female,55,Regular,1,1299,0,1299.0,Cash on Delivery,Cancelled
101706,CUST1505,2025-02-02,Guntur,Mobiles,Male,26,Regular,4,999,0,3996.0,Net Banking,Delivered
101707,CUST1029,2025-12-29,Chennai,Clothing,Male,18,Regular,5,5999,10,26995.5,Debit Card,Shipped
101708,CUST1593,2025-11-08,Guntur,Electronics,Female,40,New,1,799,25,599.25,UPI,Shipped
101709,CUST1292,2026-03-15,Guntur,Clothing,Female,24,New,1,2499,20,1999.2,Debit Card,Shipped
101710,CUST1383,2026-07-13,Ahmedabad,Sports,Male,20,Regular,3,1299,5,3702.15,Cash on Delivery,Delivered
101711,CUST1584,2025-02-04,Ahmedabad,Electronics,Male,43,Premium,1,1599,15,1359.15,Cash on Delivery,Delivered
101712,CUST1450,2025-03-17,Delhi,Books,Male,33,Regular,5,1599,25,5996.25,Net Banking,Cancelled
101713,CUST1584,2025-05-09,Bengaluru,Books,Female,32,New,2,5999,5,11398.1,UPI,Returned
101714,CUST1343,2026-05-18,Pune,Electronics,Male,28,Premium,4,1599,5,6076.2,Debit Card,Delivered
101715,CUST1321,2025-03-16,Bengaluru,Home & Kitchen,Female,29,Regular,4,799,15,2716.6,UPI,Returned
101716,CUST1063,2026-07-05,Vijayawada,Home & Kitchen,Male,32,Regular,3,499,20,1197.6,Debit Card,Delivered
101717,CUST1041,2025-03-13,Mumbai,Electronics,Female,33,New,1,199,20,159.2,Net Banking,Returned
101718,CUST1156,2026-06-07,Guntur,Clothing,Female,43,Regular,3,799,0,2397.0,Credit Card,Shipped
101719,CUST1468,2025-01-07,Pune,Mobiles,Female,54,New,3,5999,10,16197.3,UPI,Shipped
101720,CUST1172,2026-08-31,Mumbai,Electronics,Male,33,Regular,5,1599,10,7195.5,Credit Card,Delivered
101721,CUST1534,2025-05-25,Vijayawada,Clothing,Female,47,Regular,4,1299,10,4676.4,UPI,Shipped
101722,CUST1353,2025-01-02,Vijayawada,Groceries,Male,29,New,4,299,0,1196.0,Cash on Delivery,Shipped
101723,CUST1070,2025-04-12,Pune,Clothing,Female,18,Premium,5,5999,5,28495.25,Debit Card,Delivered
101724,CUST1448,2026-03-21,Chennai,Sports,Female,53,Premium,1,299,20,239.2,UPI,Cancelled
101725,CUST1097,2026-08-06,Mumbai,Electronics,Male,39,New,4,1999,5,7596.2,Cash on Delivery,Shipped
101726,CUST1159,2025-03-10,Kolkata,Mobiles,Male,50,Regular,5,1599,20,6396.0,Debit Card,Cancelled
101727,CUST1173,2025-02-24,Delhi,Home & Kitchen,Male,21,New,1,2499,5,2374.05,Net Banking,Shipped
101728,CUST1235,2026-09-22,Vijayawada,Home & Kitchen,Male,34,New,3,2499,5,7122.15,Debit Card,Cancelled
101729,CUST1135,2026-05-14,Kolkata,Clothing,Male,44,Regular,3,5999,5,17097.15,Net Banking,Shipped
101730,CUST1014,2025-01-11,Vijayawada,Electronics,Male,21,Regular,2,5999,25,8998.5,Credit Card,Shipped
101731,CUST1368,2025-05-15,Vijayawada,Clothing,Male,41,Premium,2,1999,15,3398.3,Credit Card,Delivered
101732,CUST1344,2025-05-14,Hyderabad,Beauty,Female,43,New,5,299,15,1270.75,UPI,Delivered
101733,CUST1468,2025-12-19,Delhi,Sports,Female,55,New,5,799,15,3395.75,Net Banking,Shipped
101734,CUST1166,2025-05-16,Ahmedabad,Clothing,Female,22,Regular,1,5999,0,5999.0,Debit Card,Returned
101735,CUST1544,2026-09-15,Chennai,Clothing,Male,34,New,1,499,20,399.2,Net Banking,Cancelled
101736,CUST1167,2025-03-10,Vijayawada,Clothing,Male,25,Regular,5,1599,15,6795.75,Cash on Delivery,Delivered
101737,CUST1571,2026-05-29,Pune,Beauty,Female,47,New,1,1299,15,1104.15,Cash on Delivery,Shipped
101738,CUST1525,2026-02-08,Mumbai,Sports,Female,21,Regular,2,299,20,478.4,Net Banking,Cancelled
101739,CUST1452,2025-09-18,Mumbai,Beauty,Male,37,Premium,3,5999,0,17997.0,Credit Card,Shipped
101740,CUST1310,2026-08-05,Ahmedabad,Beauty,Male,47,New,4,1299,0,5196.0,Credit Card,Shipped
101741,CUST1091,2026-01-30,Bengaluru,Home & Kitchen,Female,31,Regular,2,1599,0,3198.0,Credit Card,Cancelled
101742,CUST1155,2026-07-23,Guntur,Electronics,Female,24,Premium,3,999,25,2247.75,Net Banking,Returned
101743,CUST1087,2025-06-01,Ahmedabad,Beauty,Female,32,New,2,999,25,1498.5,Net Banking,Cancelled
101744,CUST1192,2025-09-03,Pune,Electronics,Female,52,New,2,999,15,1698.3,Credit Card,Shipped
101745,CUST1247,2025-09-24,Guntur,Clothing,Female,51,Regular,2,199,25,298.5,Cash on Delivery,Delivered
101746,CUST1400,2026-01-18,Ahmedabad,Books,Female,39,Regular,3,1299,15,3312.45,Cash on Delivery,Cancelled
101747,CUST1448,2025-12-10,Pune,Mobiles,Female,43,Regular,2,1299,5,2468.1,Net Banking,Returned
101748,CUST1130,2025-03-07,Guntur,Home & Kitchen,Female,36,Regular,4,799,10,2876.4,UPI,Delivered
101749,CUST1521,2026-08-10,Guntur,Sports,Male,43,Premium,3,3999,10,10797.3,Credit Card,Cancelled
101750,CUST1310,2026-01-16,Delhi,Home & Kitchen,Male,33,New,5,1599,15,6795.75,Cash on Delivery,Cancelled
101751,CUST1122,2025-05-20,Bengaluru,Home & Kitchen,Female,25,Regular,2,1299,25,1948.5,UPI,Cancelled
101752,CUST1162,2026-07-12,Mumbai,Clothing,Female,38,Regular,5,799,5,3795.25,Credit Card,Delivered
101753,CUST1469,2026-04-09,Chennai,Clothing,Male,19,Premium,5,1599,5,7595.25,UPI,Returned
101754,CUST1124,2026-06-28,Guntur,Sports,Female,23,Premium,3,499,5,1422.15,Debit Card,Cancelled
101755,CUST1287,2025-06-10,Vijayawada,Beauty,Female,34,Regular,2,1299,25,1948.5,Cash on Delivery,Delivered
101756,CUST1168,2025-04-26,Hyderabad,Beauty,Female,27,New,4,799,25,2397.0,Cash on Delivery,Returned
101757,CUST1410,2026-04-09,Pune,Beauty,Male,30,Regular,2,3999,15,6798.3,UPI,Delivered
101758,CUST1366,2025-10-13,Vijayawada,Mobiles,Male,19,Regular,1,5999,0,5999.0,Debit Card,Delivered
101759,CUST1183,2025-02-07,Vijayawada,Clothing,Female,29,Regular,1,499,15,424.15,Cash on Delivery,Shipped
101760,CUST1309,2025-05-03,Chennai,Clothing,Male,43,Premium,4,199,20,636.8,UPI,Returned
101761,CUST1203,2025-06-18,Mumbai,Sports,Female,27,Premium,1,799,0,799.0,Cash on Delivery,Shipped
101762,CUST1590,2025-01-28,Delhi,Groceries,Female,26,Premium,5,5999,5,28495.25,Debit Card,Cancelled
101763,CUST1155,2025-08-07,Delhi,Groceries,Male,51,Premium,2,499,5,948.1,Net Banking,Shipped
101764,CUST1228,2025-01-02,Pune,Groceries,Male,32,Regular,3,1299,15,3312.45,Cash on Delivery,Delivered
101765,CUST1407,2026-06-04,Guntur,Electronics,Female,20,Premium,3,199,15,507.45,Credit Card,Returned
101766,CUST1163,2026-09-14,Chennai,Beauty,Male,24,New,4,299,20,956.8,Cash on Delivery,Delivered
101767,CUST1567,2025-06-09,Chennai,Home & Kitchen,Male,49,Premium,4,299,10,1076.4,Cash on Delivery,Cancelled
101768,CUST1206,2026-07-01,Pune,Mobiles,Female,26,New,3,1599,15,4077.45,Credit Card,Shipped
101769,CUST1521,2025-06-06,Hyderabad,Clothing,Female,34,New,2,499,25,748.5,Debit Card,Shipped
101770,CUST1059,2025-07-08,Mumbai,Home & Kitchen,Female,31,Regular,2,1299,15,2208.3,UPI,Returned
101771,CUST1118,2025-09-06,Kolkata,Electronics,Female,43,Premium,4,799,0,3196.0,Cash on Delivery,Cancelled
101772,CUST1323,2025-04-18,Chennai,Books,Male,53,Regular,2,199,15,338.3,Credit Card,Delivered
101773,CUST1411,2025-03-15,Hyderabad,Books,Female,32,Premium,2,1599,5,3038.1,Cash on Delivery,Cancelled
101774,CUST1284,2026-01-31,Delhi,Electronics,Female,38,Regular,1,1299,25,974.25,Net Banking,Delivered
101775,CUST1439,2025-06-28,Bengaluru,Clothing,Male,54,Premium,1,1299,0,1299.0,Debit Card,Cancelled
101776,CUST1094,2026-03-15,Ahmedabad,Beauty,Male,55,Regular,3,199,20,477.6,Cash on Delivery,Returned
101777,CUST1001,2026-01-02,Vijayawada,Electronics,Female,28,Regular,2,199,15,338.3,Credit Card,Delivered
101778,CUST1099,2025-03-14,Vijayawada,Clothing,Male,37,New,5,5999,15,25495.75,Credit Card,Shipped
101779,CUST1545,2026-03-17,Ahmedabad,Mobiles,Female,20,Premium,5,1599,15,6795.75,Net Banking,Returned
101780,CUST1503,2025-08-09,Delhi,Groceries,Male,29,New,1,499,15,424.15,Cash on Delivery,Returned
101781,CUST1591,2025-01-29,Kolkata,Mobiles,Female,40,New,4,1299,25,3897.0,Credit Card,Cancelled
101782,CUST1392,2025-07-27,Pune,Books,Male,19,Premium,1,3999,0,3999.0,Net Banking,Cancelled
101783,CUST1047,2025-07-06,Vijayawada,Clothing,Male,40,New,2,299,5,568.1,Debit Card,Returned
101784,CUST1468,2026-01-23,Bengaluru,Mobiles,Male,21,New,3,999,20,2397.6,Credit Card,Returned
101785,CUST1317,2026-07-29,Kolkata,Beauty,Female,43,Regular,4,1599,10,5756.4,Net Banking,Returned
101786,CUST1430,2026-08-31,Chennai,Beauty,Female,45,Premium,4,999,0,3996.0,UPI,Cancelled
101787,CUST1251,2025-12-05,Pune,Sports,Male,48,New,1,199,15,169.15,UPI,Returned
101788,CUST1191,2025-10-06,Delhi,Mobiles,Male,25,Premium,5,1599,20,6396.0,Net Banking,Cancelled
101789,CUST1329,2025-05-21,Chennai,Electronics,Female,55,Regular,5,1599,5,7595.25,UPI,Shipped
101790,CUST1542,2026-01-12,Vijayawada,Mobiles,Female,31,Regular,3,299,5,852.15,Debit Card,Shipped
101791,CUST1538,2025-03-22,Ahmedabad,Sports,Female,40,Regular,3,3999,10,10797.3,Cash on Delivery,Returned
101792,CUST1300,2025-09-11,Chennai,Books,Female,22,Regular,3,1299,10,3507.3,Net Banking,Delivered
101793,CUST1251,2026-02-10,Ahmedabad,Groceries,Female,35,Premium,5,3999,20,15996.0,Cash on Delivery,Cancelled
101794,CUST1271,2025-08-20,Hyderabad,Home & Kitchen,Male,32,New,5,999,15,4245.75,Net Banking,Cancelled
101795,CUST1489,2026-05-28,Chennai,Books,Male,33,New,4,499,20,1596.8,UPI,Delivered
101796,CUST1178,2026-08-08,Guntur,Mobiles,Male,48,Regular,4,499,0,1996.0,Debit Card,Cancelled
101797,CUST1423,2025-07-17,Pune,Sports,Female,55,New,3,5999,25,13497.75,Credit Card,Delivered
101798,CUST1285,2025-09-08,Ahmedabad,Beauty,Female,42,New,1,199,10,179.1,Credit Card,Shipped
101799,CUST1365,2026-08-04,Guntur,Home & Kitchen,Male,31,Premium,1,199,5,189.05,Cash on Delivery,Cancelled
101800,CUST1402,2026-02-07,Chennai,Sports,Female,48,New,3,2499,25,5622.75,Net Banking,Returned
101801,CUST1071,2025-03-22,Bengaluru,Sports,Female,30,Regular,5,3999,5,18995.25,Debit Card,Returned
101802,CUST1229,2026-02-02,Kolkata,Sports,Male,31,Regular,2,299,0,598.0,Credit Card,Shipped
101803,CUST1139,2026-02-22,Hyderabad,Groceries,Male,37,Regular,2,5999,25,8998.5,Debit Card,Shipped
101804,CUST1111,2025-09-29,Hyderabad,Books,Male,46,Premium,4,799,25,2397.0,Net Banking,Returned
101805,CUST1034,2026-06-01,Kolkata,Sports,Male,54,Regular,4,2499,0,9996.0,Cash on Delivery,Delivered
101806,CUST1499,2025-06-06,Delhi,Books,Male,47,Regular,1,5999,25,4499.25,Credit Card,Delivered
101807,CUST1159,2025-11-06,Chennai,Sports,Male,28,New,2,1299,0,2598.0,Net Banking,Cancelled
101808,CUST1460,2026-03-09,Pune,Home & Kitchen,Male,30,New,4,1299,5,4936.2,Net Banking,Shipped
101809,CUST1138,2025-08-28,Pune,Beauty,Male,31,New,1,499,0,499.0,UPI,Shipped
101810,CUST1419,2025-01-23,Delhi,Mobiles,Male,25,Premium,2,799,10,1438.2,Cash on Delivery,Returned
101811,CUST1146,2026-01-09,Delhi,Sports,Female,33,Premium,1,1999,15,1699.15,UPI,Shipped
101812,CUST1081,2025-10-12,Vijayawada,Groceries,Female,49,New,3,799,0,2397.0,Credit Card,Delivered
101813,CUST1131,2025-08-10,Kolkata,Books,Female,22,Premium,3,499,0,1497.0,UPI,Delivered
101814,CUST1136,2026-04-11,Bengaluru,Electronics,Female,21,Regular,2,499,25,748.5,Cash on Delivery,Cancelled
101815,CUST1508,2026-07-14,Pune,Books,Female,24,Premium,4,299,15,1016.6,Net Banking,Shipped
101816,CUST1555,2025-09-28,Chennai,Mobiles,Male,48,Premium,1,1599,10,1439.1,Credit Card,Cancelled
101817,CUST1325,2026-06-02,Ahmedabad,Electronics,Female,42,Regular,1,499,5,474.05,Net Banking,Cancelled
101818,CUST1498,2025-09-18,Chennai,Groceries,Female,54,New,5,499,5,2370.25,Credit Card,Delivered
101819,CUST1123,2025-05-14,Kolkata,Mobiles,Male,33,Premium,1,299,0,299.0,Debit Card,Returned
101820,CUST1466,2026-09-21,Hyderabad,Mobiles,Female,20,Premium,1,5999,0,5999.0,Credit Card,Shipped
101821,CUST1258,2025-12-27,Pune,Home & Kitchen,Female,25,Regular,1,3999,20,3199.2,UPI,Shipped
101822,CUST1261,2025-06-29,Chennai,Groceries,Female,29,New,2,1999,15,3398.3,UPI,Cancelled
101823,CUST1385,2025-10-24,Vijayawada,Beauty,Female,34,Premium,2,499,0,998.0,Cash on Delivery,Shipped
101824,CUST1208,2025-07-19,Bengaluru,Books,Female,46,New,1,2499,5,2374.05,Debit Card,Returned
101825,CUST1013,2026-06-05,Bengaluru,Mobiles,Male,28,New,5,3999,10,17995.5,Debit Card,Returned
101826,CUST1321,2026-06-04,Chennai,Mobiles,Female,34,Premium,3,299,20,717.6,Credit Card,Returned
101827,CUST1325,2026-03-14,Mumbai,Groceries,Female,29,Regular,2,499,20,798.4,Cash on Delivery,Returned
101828,CUST1581,2025-11-23,Vijayawada,Electronics,Female,23,Regular,2,499,10,898.2,Debit Card,Delivered
101829,CUST1378,2025-05-26,Ahmedabad,Home & Kitchen,Male,55,Regular,5,499,0,2495.0,UPI,Delivered
101830,CUST1156,2025-11-27,Ahmedabad,Sports,Female,55,Regular,4,799,0,3196.0,Credit Card,Returned
101831,CUST1158,2025-09-08,Mumbai,Home & Kitchen,Female,29,New,4,5999,25,17997.0,Cash on Delivery,Returned
101832,CUST1527,2025-03-19,Hyderabad,Sports,Male,30,New,3,5999,10,16197.3,UPI,Shipped
101833,CUST1588,2026-07-06,Kolkata,Groceries,Male,22,Premium,1,199,10,179.1,UPI,Shipped
101834,CUST1382,2025-06-05,Bengaluru,Clothing,Female,52,New,1,499,0,499.0,Cash on Delivery,Returned
101835,CUST1009,2026-07-03,Guntur,Clothing,Female,34,Premium,4,1599,10,5756.4,Net Banking,Delivered
101836,CUST1001,2026-02-03,Hyderabad,Beauty,Male,54,Premium,3,999,5,2847.15,Cash on Delivery,Returned
101837,CUST1534,2026-06-22,Pune,Beauty,Female,36,Regular,4,799,10,2876.4,Debit Card,Delivered
101838,CUST1304,2026-09-03,Vijayawada,Clothing,Male,45,New,4,499,5,1896.2,Credit Card,Delivered
101839,CUST1066,2025-07-17,Hyderabad,Books,Male,34,Premium,2,199,10,358.2,Credit Card,Delivered
101840,CUST1115,2025-10-16,Guntur,Mobiles,Female,27,Regular,4,2499,20,7996.8,Net Banking,Cancelled
101841,CUST1165,2026-08-13,Kolkata,Groceries,Male,53,New,5,299,25,1121.25,UPI,Shipped
101842,CUST1173,2026-03-19,Hyderabad,Electronics,Male,40,New,4,1599,0,6396.0,Credit Card,Cancelled
101843,CUST1099,2025-07-18,Hyderabad,Sports,Male,38,New,5,1599,5,7595.25,Debit Card,Shipped
101844,CUST1002,2026-06-27,Pune,Home & Kitchen,Female,28,Premium,2,2499,25,3748.5,Net Banking,Delivered
101845,CUST1443,2025-03-03,Vijayawada,Mobiles,Female,33,New,4,1599,20,5116.8,Credit Card,Shipped
101846,CUST1209,2026-05-29,Chennai,Mobiles,Female,23,Premium,5,1599,25,5996.25,Debit Card,Delivered
101847,CUST1466,2026-07-10,Guntur,Groceries,Female,53,Regular,4,499,15,1696.6,UPI,Delivered
101848,CUST1518,2025-03-18,Vijayawada,Groceries,Male,27,New,2,499,25,748.5,Net Banking,Shipped
101849,CUST1065,2025-12-24,Kolkata,Mobiles,Female,19,Regular,2,1999,25,2998.5,Cash on Delivery,Returned
101850,CUST1433,2026-01-30,Pune,Home & Kitchen,Male,52,Premium,1,5999,0,5999.0,UPI,Cancelled
101851,CUST1479,2025-09-11,Ahmedabad,Mobiles,Female,25,Regular,1,3999,5,3799.05,Net Banking,Delivered
101852,CUST1547,2025-12-27,Chennai,Books,Female,49,New,5,1599,20,6396.0,UPI,Shipped
101853,CUST1409,2026-02-05,Kolkata,Beauty,Male,40,Premium,4,1299,25,3897.0,UPI,Shipped
101854,CUST1520,2025-11-28,Ahmedabad,Home & Kitchen,Female,38,New,4,799,10,2876.4,Net Banking,Cancelled
101855,CUST1306,2026-03-22,Vijayawada,Electronics,Female,35,Premium,1,1999,25,1499.25,Cash on Delivery,Shipped
101856,CUST1065,2026-02-26,Delhi,Beauty,Female,19,Premium,4,3999,10,14396.4,UPI,Returned
101857,CUST1361,2025-11-11,Ahmedabad,Books,Female,35,New,4,999,20,3196.8,Net Banking,Shipped
101858,CUST1421,2026-09-15,Delhi,Groceries,Female,47,Premium,5,999,0,4995.0,Debit Card,Shipped
101859,CUST1110,2026-02-13,Mumbai,Books,Male,34,Regular,5,2499,20,9996.0,Debit Card,Delivered
101860,CUST1528,2026-09-12,Mumbai,Electronics,Female,28,New,2,5999,25,8998.5,UPI,Shipped
101861,CUST1407,2026-02-13,Mumbai,Books,Male,19,Premium,2,1999,0,3998.0,Credit Card,Cancelled
101862,CUST1107,2026-07-02,Chennai,Electronics,Male,20,Regular,3,1299,20,3117.6,Cash on Delivery,Cancelled
101863,CUST1486,2026-07-08,Bengaluru,Clothing,Female,44,New,5,799,20,3196.0,UPI,Shipped
101864,CUST1001,2026-04-03,Chennai,Electronics,Female,42,Premium,3,199,0,597.0,Cash on Delivery,Delivered
101865,CUST1209,2026-08-30,Hyderabad,Sports,Female,36,New,5,1299,25,4871.25,Net Banking,Cancelled
101866,CUST1302,2026-08-02,Mumbai,Mobiles,Male,50,Regular,2,1999,20,3198.4,UPI,Delivered
101867,CUST1036,2026-06-28,Hyderabad,Clothing,Male,45,Regular,4,499,15,1696.6,UPI,Delivered
101868,CUST1259,2025-08-25,Vijayawada,Electronics,Female,48,Regular,3,999,10,2697.3,Debit Card,Returned
101869,CUST1309,2026-07-27,Hyderabad,Beauty,Male,26,New,4,1299,5,4936.2,Debit Card,Cancelled
101870,CUST1141,2026-09-18,Pune,Beauty,Male,29,New,5,1599,15,6795.75,UPI,Delivered
101871,CUST1302,2025-12-06,Delhi,Electronics,Female,49,Regular,2,799,25,1198.5,Cash on Delivery,Returned
101872,CUST1334,2025-11-07,Pune,Groceries,Female,38,New,5,999,25,3746.25,UPI,Shipped
101873,CUST1501,2026-07-02,Guntur,Home & Kitchen,Female,39,Premium,2,1299,0,2598.0,Debit Card,Shipped
101874,CUST1004,2025-04-15,Chennai,Beauty,Male,29,New,2,3999,0,7998.0,UPI,Returned
101875,CUST1507,2025-08-31,Vijayawada,Beauty,Female,52,Premium,2,5999,15,10198.3,Net Banking,Shipped
101876,CUST1329,2025-12-21,Kolkata,Sports,Male,29,Premium,5,1299,25,4871.25,Debit Card,Shipped
101877,CUST1416,2025-12-21,Guntur,Sports,Female,41,Premium,2,1299,0,2598.0,UPI,Returned
101878,CUST1542,2025-03-10,Hyderabad,Sports,Female,23,Regular,1,1299,0,1299.0,Cash on Delivery,Returned
101879,CUST1375,2025-11-11,Chennai,Sports,Male,37,Regular,3,1999,5,5697.15,Net Banking,Cancelled
101880,CUST1595,2025-04-25,Bengaluru,Mobiles,Male,34,Regular,4,299,10,1076.4,Net Banking,Shipped
101881,CUST1523,2025-02-07,Kolkata,Electronics,Male,30,New,3,799,15,2037.45,Net Banking,Shipped
101882,CUST1206,2026-03-08,Chennai,Home & Kitchen,Female,20,Premium,1,299,25,224.25,Cash on Delivery,Shipped
101883,CUST1492,2026-07-25,Kolkata,Mobiles,Male,18,Regular,1,1299,5,1234.05,Net Banking,Returned
101884,CUST1321,2025-07-08,Vijayawada,Clothing,Female,37,Regular,3,5999,0,17997.0,Debit Card,Shipped
101885,CUST1052,2025-12-02,Guntur,Clothing,Female,45,Premium,2,1999,20,3198.4,Cash on Delivery,Shipped
101886,CUST1090,2025-10-27,Delhi,Mobiles,Female,28,Premium,3,1599,15,4077.45,Cash on Delivery,Delivered
101887,CUST1140,2025-11-14,Ahmedabad,Books,Female,45,Regular,2,799,15,1358.3,Debit Card,Delivered
101888,CUST1030,2026-09-17,Hyderabad,Clothing,Male,52,Premium,5,3999,20,15996.0,Net Banking,Cancelled
101889,CUST1545,2026-05-07,Chennai,Sports,Male,24,Premium,2,3999,0,7998.0,UPI,Returned
101890,CUST1302,2026-06-19,Mumbai,Books,Female,47,Premium,3,999,5,2847.15,Debit Card,Returned
101891,CUST1337,2025-06-24,Ahmedabad,Sports,Male,51,Premium,5,1299,15,5520.75,UPI,Delivered
101892,CUST1598,2025-07-03,Delhi,Clothing,Male,37,Premium,2,299,15,508.3,Net Banking,Shipped
101893,CUST1015,2026-09-16,Pune,Books,Female,39,New,4,299,15,1016.6,Debit Card,Shipped
101894,CUST1401,2026-03-12,Kolkata,Clothing,Male,29,Premium,4,499,20,1596.8,Credit Card,Delivered
101895,CUST1445,2025-08-03,Kolkata,Clothing,Male,54,New,5,2499,10,11245.5,Net Banking,Returned
101896,CUST1591,2026-07-06,Hyderabad,Electronics,Male,24,Regular,1,999,10,899.1,Cash on Delivery,Delivered
101897,CUST1436,2026-01-15,Mumbai,Groceries,Male,41,New,3,499,20,1197.6,Debit Card,Delivered
101898,CUST1200,2026-04-21,Vijayawada,Beauty,Male,25,New,1,5999,10,5399.1,Net Banking,Shipped
101899,CUST1546,2026-08-22,Vijayawada,Mobiles,Female,26,Premium,1,199,5,189.05,Debit Card,Cancelled
101900,CUST1588,2025-05-05,Hyderabad,Sports,Male,50,Premium,2,1599,0,3198.0,UPI,Delivered
101901,CUST1307,2025-10-18,Chennai,Mobiles,Male,43,New,3,199,5,567.15,Debit Card,Returned
101902,CUST1451,2025-07-30,Guntur,Groceries,Female,50,Premium,4,1599,5,6076.2,Net Banking,Returned
101903,CUST1248,2026-08-05,Ahmedabad,Electronics,Male,39,Premium,2,799,10,1438.2,Debit Card,Returned
101904,CUST1462,2025-04-03,Chennai,Clothing,Female,42,Regular,3,5999,10,16197.3,Credit Card,Returned
101905,CUST1119,2026-08-05,Guntur,Beauty,Female,33,Regular,2,1299,10,2338.2,Net Banking,Delivered
101906,CUST1498,2025-05-18,Vijayawada,Mobiles,Male,28,Premium,5,799,15,3395.75,Net Banking,Returned
101907,CUST1256,2026-01-23,Bengaluru,Home & Kitchen,Male,42,Regular,4,199,10,716.4,Debit Card,Delivered
101908,CUST1473,2026-02-27,Pune,Groceries,Female,52,Premium,1,199,0,199.0,Debit Card,Returned
101909,CUST1039,2025-09-29,Chennai,Electronics,Male,49,New,1,1299,0,1299.0,UPI,Cancelled
101910,CUST1433,2025-05-27,Vijayawada,Clothing,Female,34,Premium,4,1599,5,6076.2,Debit Card,Returned
101911,CUST1325,2025-04-29,Chennai,Electronics,Female,54,New,5,3999,5,18995.25,Cash on Delivery,Returned
101912,CUST1004,2026-02-16,Ahmedabad,Home & Kitchen,Male,50,Premium,3,5999,20,14397.6,Debit Card,Returned
101913,CUST1243,2025-10-04,Pune,Mobiles,Male,49,New,3,1299,0,3897.0,Cash on Delivery,Cancelled
101914,CUST1567,2025-07-21,Kolkata,Clothing,Male,42,Regular,1,5999,15,5099.15,UPI,Shipped
101915,CUST1536,2025-11-09,Guntur,Mobiles,Male,53,Regular,2,3999,20,6398.4,Cash on Delivery,Cancelled
101916,CUST1415,2026-06-09,Bengaluru,Mobiles,Female,18,Regular,2,799,5,1518.1,UPI,Shipped
101917,CUST1116,2025-01-09,Pune,Groceries,Female,19,New,5,199,20,796.0,Net Banking,Shipped
101918,CUST1171,2026-02-10,Hyderabad,Books,Male,28,New,2,1299,10,2338.2,UPI,Delivered
101919,CUST1008,2025-12-31,Bengaluru,Books,Male,19,New,4,1999,5,7596.2,Cash on Delivery,Cancelled
101920,CUST1278,2025-04-13,Pune,Groceries,Male,21,Premium,5,799,5,3795.25,Cash on Delivery,Cancelled
101921,CUST1558,2025-04-12,Delhi,Electronics,Female,27,Premium,2,499,10,898.2,Cash on Delivery,Cancelled
101922,CUST1182,2026-08-12,Pune,Clothing,Female,37,New,4,799,5,3036.2,Credit Card,Cancelled
101923,CUST1220,2025-01-15,Vijayawada,Beauty,Male,24,Premium,3,5999,25,13497.75,Net Banking,Delivered
101924,CUST1539,2025-02-06,Mumbai,Clothing,Female,31,New,2,999,15,1698.3,Cash on Delivery,Delivered
101925,CUST1174,2025-06-02,Hyderabad,Home & Kitchen,Male,20,Premium,5,1599,15,6795.75,Debit Card,Shipped
101926,CUST1585,2026-02-05,Pune,Groceries,Female,52,Premium,4,499,0,1996.0,UPI,Delivered
101927,CUST1321,2025-12-14,Hyderabad,Electronics,Male,49,New,4,1999,20,6396.8,Credit Card,Cancelled
101928,CUST1222,2026-07-31,Ahmedabad,Mobiles,Male,30,New,1,199,15,169.15,Cash on Delivery,Shipped
101929,CUST1554,2025-06-14,Mumbai,Electronics,Female,22,Premium,1,299,5,284.05,Cash on Delivery,Returned
101930,CUST1260,2025-05-26,Pune,Books,Female,25,Regular,2,299,0,598.0,UPI,Shipped
101931,CUST1466,2026-07-15,Bengaluru,Books,Male,44,New,1,1999,0,1999.0,Credit Card,Shipped
101932,CUST1370,2025-11-05,Vijayawada,Clothing,Female,18,New,3,499,5,1422.15,Debit Card,Shipped
101933,CUST1146,2025-08-08,Hyderabad,Books,Female,46,Regular,5,999,0,4995.0,Credit Card,Returned
101934,CUST1431,2025-01-24,Pune,Sports,Male,32,New,2,5999,5,11398.1,Cash on Delivery,Returned
101935,CUST1571,2025-03-22,Hyderabad,Home & Kitchen,Female,40,Premium,4,3999,10,14396.4,Debit Card,Cancelled
101936,CUST1109,2025-04-25,Guntur,Clothing,Female,52,Premium,4,199,5,756.2,UPI,Shipped
101937,CUST1293,2026-03-17,Ahmedabad,Beauty,Female,48,Premium,5,1599,25,5996.25,Cash on Delivery,Returned
101938,CUST1061,2025-05-10,Hyderabad,Books,Female,47,Regular,2,1999,15,3398.3,UPI,Shipped
101939,CUST1113,2026-03-25,Ahmedabad,Electronics,Female,36,Premium,5,299,20,1196.0,Net Banking,Shipped
101940,CUST1052,2025-03-29,Mumbai,Groceries,Female,26,New,4,999,0,3996.0,Debit Card,Shipped
101941,CUST1448,2025-10-13,Bengaluru,Mobiles,Male,50,New,5,999,20,3996.0,UPI,Shipped
101942,CUST1281,2026-08-11,Mumbai,Home & Kitchen,Male,18,New,5,1599,10,7195.5,UPI,Shipped
101943,CUST1152,2025-07-24,Hyderabad,Sports,Female,18,New,4,5999,25,17997.0,Credit Card,Delivered
101944,CUST1532,2025-03-04,Mumbai,Groceries,Female,43,Regular,1,199,20,159.2,Credit Card,Delivered
101945,CUST1534,2026-09-19,Ahmedabad,Clothing,Male,34,New,1,199,20,159.2,Cash on Delivery,Delivered
101946,CUST1582,2025-01-24,Vijayawada,Groceries,Male,49,New,5,299,15,1270.75,Cash on Delivery,Returned
101947,CUST1345,2025-02-15,Bengaluru,Clothing,Female,48,Regular,4,199,20,636.8,Cash on Delivery,Shipped
101948,CUST1528,2025-02-11,Bengaluru,Groceries,Male,45,New,1,199,20,159.2,UPI,Shipped
101949,CUST1088,2026-04-02,Pune,Clothing,Female,34,Regular,1,299,20,239.2,Net Banking,Shipped
101950,CUST1194,2026-08-11,Bengaluru,Electronics,Male,41,New,3,499,0,1497.0,Debit Card,Shipped
101951,CUST1458,2025-10-12,Pune,Beauty,Female,36,Premium,4,1599,0,6396.0,Debit Card,Returned
101952,CUST1055,2026-03-19,Guntur,Electronics,Male,35,Premium,4,499,25,1497.0,UPI,Shipped
101953,CUST1142,2026-07-07,Chennai,Mobiles,Female,18,New,1,2499,5,2374.05,Cash on Delivery,Shipped
101954,CUST1072,2025-02-04,Delhi,Books,Female,26,Regular,5,1299,20,5196.0,Credit Card,Cancelled
101955,CUST1228,2025-07-17,Pune,Mobiles,Male,18,Regular,4,999,5,3796.2,UPI,Shipped
101956,CUST1340,2025-04-07,Guntur,Clothing,Female,22,Premium,5,499,20,1996.0,Credit Card,Cancelled
101957,CUST1408,2025-12-21,Guntur,Electronics,Male,47,Premium,5,199,10,895.5,Credit Card,Shipped
101958,CUST1025,2025-02-26,Hyderabad,Clothing,Male,53,New,3,1599,15,4077.45,Net Banking,Shipped
101959,CUST1180,2026-04-15,Chennai,Home & Kitchen,Female,22,Regular,1,199,0,199.0,UPI,Shipped
101960,CUST1384,2025-01-31,Hyderabad,Mobiles,Female,45,Regular,3,2499,25,5622.75,Credit Card,Cancelled
101961,CUST1182,2025-11-16,Vijayawada,Mobiles,Female,32,Premium,4,199,10,716.4,Debit Card,Returned
101962,CUST1341,2025-01-26,Chennai,Electronics,Female,49,Premium,1,3999,0,3999.0,Credit Card,Cancelled
101963,CUST1359,2026-05-19,Kolkata,Beauty,Male,49,Regular,2,999,5,1898.1,Net Banking,Shipped
101964,CUST1130,2025-06-17,Delhi,Home & Kitchen,Female,46,New,3,299,25,672.75,Net Banking,Returned
101965,CUST1410,2026-03-05,Vijayawada,Home & Kitchen,Female,22,Premium,4,1299,25,3897.0,Cash on Delivery,Returned
101966,CUST1301,2026-07-13,Delhi,Mobiles,Male,28,Premium,4,2499,10,8996.4,UPI,Shipped
101967,CUST1112,2026-01-06,Kolkata,Books,Female,37,New,1,199,15,169.15,Credit Card,Shipped
101968,CUST1055,2025-11-17,Bengaluru,Beauty,Female,53,New,3,799,10,2157.3,UPI,Shipped
101969,CUST1259,2025-03-30,Ahmedabad,Sports,Male,40,Regular,3,5999,15,15297.45,Net Banking,Shipped
101970,CUST1284,2025-01-18,Bengaluru,Clothing,Male,24,Premium,4,5999,25,17997.0,Net Banking,Returned
101971,CUST1544,2025-07-20,Vijayawada,Mobiles,Male,18,Premium,5,2499,0,12495.0,Cash on Delivery,Shipped
101972,CUST1295,2025-11-11,Kolkata,Home & Kitchen,Male,51,Premium,2,1299,25,1948.5,Debit Card,Returned
101973,CUST1266,2026-07-04,Hyderabad,Sports,Male,24,New,1,1599,15,1359.15,Credit Card,Delivered
101974,CUST1286,2025-06-14,Guntur,Home & Kitchen,Male,19,New,3,999,5,2847.15,Cash on Delivery,Delivered
101975,CUST1005,2025-11-15,Chennai,Mobiles,Male,24,Premium,5,2499,15,10620.75,Net Banking,Returned
101976,CUST1064,2025-02-24,Chennai,Clothing,Female,53,Premium,1,799,5,759.05,Net Banking,Delivered
101977,CUST1014,2025-03-24,Chennai,Books,Female,25,New,1,999,0,999.0,UPI,Returned
101978,CUST1569,2025-04-12,Mumbai,Electronics,Male,42,New,5,1999,25,7496.25,Debit Card,Delivered
101979,CUST1292,2026-06-04,Delhi,Sports,Female,18,Premium,3,299,20,717.6,UPI,Delivered
101980,CUST1346,2025-07-30,Kolkata,Home & Kitchen,Male,19,Regular,4,1299,5,4936.2,Credit Card,Returned
101981,CUST1480,2026-06-20,Ahmedabad,Electronics,Male,47,New,1,1999,5,1899.05,Cash on Delivery,Delivered
101982,CUST1525,2026-03-13,Guntur,Mobiles,Male,26,New,1,2499,25,1874.25,Net Banking,Returned
101983,CUST1549,2025-09-15,Chennai,Mobiles,Female,32,New,4,1999,0,7996.0,Cash on Delivery,Returned
101984,CUST1294,2026-07-28,Kolkata,Electronics,Female,40,Regular,1,199,5,189.05,Net Banking,Delivered
101985,CUST1301,2025-01-16,Chennai,Home & Kitchen,Male,43,New,2,5999,10,10798.2,Credit Card,Delivered
101986,CUST1392,2026-02-05,Kolkata,Sports,Female,34,Regular,5,199,15,845.75,Cash on Delivery,Delivered
101987,CUST1366,2026-02-03,Guntur,Beauty,Male,33,Premium,4,5999,25,17997.0,Debit Card,Shipped
101988,CUST1119,2025-04-02,Mumbai,Books,Male,42,New,3,199,25,447.75,UPI,Returned
101989,CUST1048,2025-01-10,Kolkata,Books,Male,36,New,2,799,10,1438.2,UPI,Shipped
101990,CUST1300,2026-08-15,Kolkata,Clothing,Male,19,New,2,999,20,1598.4,Debit Card,Delivered
101991,CUST1324,2026-03-12,Chennai,Electronics,Male,24,Regular,5,299,0,1495.0,UPI,Returned
101992,CUST1298,2026-05-03,Mumbai,Groceries,Male,39,New,3,2499,15,6372.45,Debit Card,Delivered
101993,CUST1122,2025-04-06,Bengaluru,Mobiles,Female,34,New,1,1299,0,1299.0,Cash on Delivery,Returned
101994,CUST1566,2025-05-06,Pune,Sports,Male,26,Premium,3,1999,5,5697.15,UPI,Returned
101995,CUST1240,2026-05-20,Ahmedabad,Sports,Female,50,New,3,299,5,852.15,Debit Card,Cancelled
101996,CUST1047,2025-09-23,Ahmedabad,Mobiles,Male,32,Premium,2,1599,25,2398.5,Cash on Delivery,Delivered
101997,CUST1379,2025-06-07,Bengaluru,Beauty,Female,47,New,3,999,15,2547.45,UPI,Cancelled
101998,CUST1472,2025-03-08,Chennai,Electronics,Female,25,Regular,4,299,0,1196.0,Cash on Delivery,Cancelled
101999,CUST1493,2026-05-08,Hyderabad,Groceries,Male,49,Regular,5,5999,5,28495.25,Debit Card,Shipped
102000,CUST1304,2026-06-27,Guntur,Books,Female,47,Premium,1,499,15,424.15,Credit Card,Returned
102001,CUST1341,2025-02-21,Bengaluru,Beauty,Female,27,Regular,2,3999,5,7598.1,Credit Card,Cancelled
102002,CUST1257,2025-02-16,Vijayawada,Electronics,Female,42,Premium,4,1599,15,5436.6,Credit Card,Shipped
102003,CUST1214,2026-05-05,Kolkata,Beauty,Female,44,Premium,1,799,10,719.1,Credit Card,Cancelled
102004,CUST1442,2026-09-11,Kolkata,Mobiles,Male,44,Premium,2,799,20,1278.4,UPI,Cancelled
102005,CUST1240,2026-06-14,Vijayawada,Electronics,Female,41,New,5,1599,20,6396.0,Debit Card,Delivered
102006,CUST1149,2025-12-22,Delhi,Groceries,Female,23,Regular,1,5999,20,4799.2,Net Banking,Returned
102007,CUST1197,2026-03-16,Pune,Beauty,Female,21,Premium,3,199,10,537.3,Cash on Delivery,Returned
102008,CUST1163,2026-05-27,Mumbai,Clothing,Male,33,Premium,3,1299,10,3507.3,Debit Card,Shipped
102009,CUST1134,2025-07-05,Delhi,Groceries,Male,21,Premium,4,799,15,2716.6,Credit Card,Shipped
102010,CUST1077,2025-05-31,Delhi,Sports,Female,45,Premium,4,299,0,1196.0,UPI,Returned
102011,CUST1302,2025-04-20,Vijayawada,Sports,Male,36,Regular,4,499,0,1996.0,Net Banking,Returned
102012,CUST1384,2026-08-14,Vijayawada,Clothing,Female,55,New,5,799,0,3995.0,Credit Card,Shipped
102013,CUST1424,2025-07-11,Ahmedabad,Electronics,Male,35,New,1,499,25,374.25,Cash on Delivery,Cancelled
102014,CUST1560,2026-05-23,Hyderabad,Clothing,Female,47,New,1,199,15,169.15,Credit Card,Delivered
102015,CUST1351,2026-02-14,Hyderabad,Electronics,Female,55,New,2,1999,0,3998.0,Credit Card,Shipped
102016,CUST1287,2026-02-28,Mumbai,Groceries,Male,46,New,4,499,10,1796.4,Net Banking,Cancelled
102017,CUST1006,2026-03-31,Kolkata,Groceries,Male,43,Regular,4,799,20,2556.8,Debit Card,Delivered
102018,CUST1564,2025-06-10,Pune,Clothing,Male,32,New,3,3999,25,8997.75,Cash on Delivery,Shipped
102019,CUST1164,2026-05-21,Ahmedabad,Clothing,Female,32,Regular,2,2499,0,4998.0,UPI,Cancelled
102020,CUST1441,2026-07-31,Mumbai,Mobiles,Female,39,New,4,199,5,756.2,Cash on Delivery,Shipped
102021,CUST1501,2026-07-21,Bengaluru,Sports,Male,46,Premium,3,1299,5,3702.15,UPI,Returned
102022,CUST1508,2025-11-05,Pune,Beauty,Male,28,New,1,1599,25,1199.25,Net Banking,Delivered
102023,CUST1048,2025-04-16,Vijayawada,Home & Kitchen,Male,41,Regular,5,499,20,1996.0,Credit Card,Delivered
102024,CUST1036,2025-10-14,Ahmedabad,Groceries,Male,28,Regular,3,2499,20,5997.6,Credit Card,Shipped
102025,CUST1251,2025-07-31,Pune,Clothing,Male,27,Regular,2,199,5,378.1,Debit Card,Cancelled
102026,CUST1232,2025-03-02,Pune,Books,Female,20,New,1,3999,25,2999.25,Cash on Delivery,Cancelled
102027,CUST1198,2025-08-02,Vijayawada,Books,Male,43,New,5,799,5,3795.25,Net Banking,Returned
102028,CUST1356,2025-05-16,Ahmedabad,Groceries,Male,26,Regular,1,2499,0,2499.0,Debit Card,Delivered
102029,CUST1342,2025-06-15,Ahmedabad,Beauty,Female,26,New,5,199,15,845.75,UPI,Shipped
102030,CUST1078,2025-09-06,Delhi,Mobiles,Female,55,Regular,4,1599,5,6076.2,Debit Card,Shipped
102031,CUST1275,2025-03-09,Guntur,Groceries,Female,39,Premium,1,1599,5,1519.05,UPI,Shipped
102032,CUST1235,2025-07-05,Guntur,Mobiles,Female,32,Premium,4,1999,0,7996.0,Cash on Delivery,Shipped
102033,CUST1155,2026-03-10,Kolkata,Beauty,Female,42,New,3,1999,10,5397.3,Credit Card,Delivered
102034,CUST1028,2026-03-12,Hyderabad,Home & Kitchen,Female,38,New,1,1999,5,1899.05,Debit Card,Delivered
102035,CUST1363,2025-07-15,Chennai,Sports,Female,18,Regular,2,299,0,598.0,UPI,Cancelled
102036,CUST1108,2025-08-03,Bengaluru,Groceries,Male,51,Regular,2,299,20,478.4,Cash on Delivery,Returned
102037,CUST1130,2025-05-24,Pune,Books,Male,27,New,3,1999,20,4797.6,Net Banking,Shipped
102038,CUST1185,2025-09-18,Hyderabad,Books,Female,49,New,3,2499,0,7497.0,Cash on Delivery,Returned
102039,CUST1241,2026-01-27,Vijayawada,Beauty,Female,24,Regular,5,799,5,3795.25,Net Banking,Delivered
102040,CUST1556,2025-06-19,Bengaluru,Beauty,Female,21,Premium,3,1999,25,4497.75,Debit Card,Cancelled
102041,CUST1555,2026-06-24,Vijayawada,Sports,Female,48,New,5,799,25,2996.25,Cash on Delivery,Shipped
102042,CUST1494,2025-01-19,Vijayawada,Home & Kitchen,Female,37,New,5,999,15,4245.75,Debit Card,Cancelled
102043,CUST1569,2025-03-24,Vijayawada,Home & Kitchen,Male,40,New,5,1599,5,7595.25,UPI,Shipped
102044,CUST1458,2025-12-28,Vijayawada,Beauty,Male,55,Regular,4,499,10,1796.4,Credit Card,Delivered
102045,CUST1281,2025-04-03,Guntur,Books,Male,18,New,2,499,5,948.1,Net Banking,Returned
102046,CUST1138,2026-02-08,Mumbai,Beauty,Male,34,Regular,2,1999,0,3998.0,UPI,Cancelled
102047,CUST1489,2026-03-17,Bengaluru,Electronics,Male,32,Premium,2,499,0,998.0,UPI,Delivered
102048,CUST1380,2025-03-28,Chennai,Home & Kitchen,Male,28,Regular,5,799,5,3795.25,Cash on Delivery,Delivered
102049,CUST1006,2025-03-30,Hyderabad,Beauty,Male,51,New,5,799,15,3395.75,Cash on Delivery,Returned
102050,CUST1410,2025-02-08,Guntur,Beauty,Male,48,Regular,3,1599,10,4317.3,Credit Card,Returned
102051,CUST1363,2025-10-16,Hyderabad,Electronics,Female,32,Regular,2,2499,25,3748.5,Credit Card,Shipped
102052,CUST1436,2025-10-05,Vijayawada,Groceries,Male,31,New,4,299,15,1016.6,Cash on Delivery,Delivered
102053,CUST1096,2025-01-13,Mumbai,Books,Male,30,Premium,5,999,10,4495.5,UPI,Returned
102054,CUST1202,2025-12-24,Delhi,Home & Kitchen,Female,48,Premium,3,999,0,2997.0,Cash on Delivery,Cancelled
102055,CUST1214,2026-05-04,Bengaluru,Books,Male,20,Regular,4,199,15,676.6,Cash on Delivery,Delivered
102056,CUST1524,2026-04-30,Kolkata,Mobiles,Male,23,Regular,3,1299,0,3897.0,Net Banking,Shipped
102057,CUST1173,2025-06-26,Bengaluru,Groceries,Female,37,Regular,3,499,0,1497.0,Debit Card,Delivered
102058,CUST1354,2026-05-24,Mumbai,Sports,Male,50,Regular,2,799,10,1438.2,Net Banking,Cancelled
102059,CUST1368,2026-04-05,Bengaluru,Sports,Male,42,New,5,199,5,945.25,Cash on Delivery,Delivered
102060,CUST1529,2025-10-15,Mumbai,Books,Male,18,New,4,499,5,1896.2,Net Banking,Cancelled
102061,CUST1321,2025-08-21,Delhi,Books,Male,23,Regular,5,1299,25,4871.25,Debit Card,Shipped
102062,CUST1034,2025-11-25,Ahmedabad,Groceries,Female,52,New,5,3999,0,19995.0,Debit Card,Returned
102063,CUST1421,2025-02-21,Guntur,Books,Male,47,Premium,3,1999,25,4497.75,Net Banking,Cancelled
102064,CUST1406,2025-10-10,Mumbai,Clothing,Female,40,Regular,2,1999,0,3998.0,Debit Card,Returned
102065,CUST1240,2026-04-24,Mumbai,Clothing,Female,37,Premium,2,5999,15,10198.3,UPI,Cancelled
102066,CUST1062,2026-06-14,Vijayawada,Mobiles,Female,28,Premium,5,3999,0,19995.0,UPI,Delivered
102067,CUST1466,2026-06-14,Kolkata,Beauty,Male,36,New,3,1299,0,3897.0,Debit Card,Returned
102068,CUST1234,2026-03-15,Chennai,Mobiles,Female,45,Premium,1,1299,0,1299.0,Net Banking,Shipped
102069,CUST1451,2025-08-05,Chennai,Electronics,Female,48,Premium,1,1599,15,1359.15,UPI,Shipped
102070,CUST1487,2025-07-07,Ahmedabad,Books,Male,19,Premium,2,1599,15,2718.3,Cash on Delivery,Returned
102071,CUST1048,2025-12-03,Mumbai,Mobiles,Male,54,Regular,2,2499,10,4498.2,Credit Card,Cancelled
102072,CUST1494,2025-06-23,Mumbai,Electronics,Female,38,New,5,3999,20,15996.0,Debit Card,Shipped
102073,CUST1269,2025-05-23,Kolkata,Beauty,Male,52,Regular,1,1999,0,1999.0,Cash on Delivery,Delivered
102074,CUST1063,2026-02-21,Guntur,Beauty,Male,54,Premium,4,799,5,3036.2,UPI,Returned
102075,CUST1522,2025-07-16,Ahmedabad,Clothing,Male,49,New,5,3999,5,18995.25,Net Banking,Shipped
102076,CUST1475,2026-03-05,Guntur,Mobiles,Male,52,Regular,3,799,5,2277.15,Debit Card,Cancelled
102077,CUST1162,2025-06-25,Hyderabad,Groceries,Male,23,Premium,4,3999,10,14396.4,Credit Card,Cancelled
102078,CUST1290,2025-11-06,Pune,Beauty,Female,19,Regular,5,199,0,995.0,Net Banking,Shipped
102079,CUST1450,2025-03-07,Chennai,Electronics,Female,34,Premium,5,1299,20,5196.0,Net Banking,Shipped
102080,CUST1285,2025-10-06,Chennai,Electronics,Male,22,Regular,2,2499,20,3998.4,Net Banking,Delivered
102081,CUST1396,2026-03-01,Mumbai,Books,Male,25,Regular,4,2499,0,9996.0,Net Banking,Delivered
102082,CUST1595,2025-04-16,Vijayawada,Clothing,Female,18,New,4,5999,10,21596.4,Cash on Delivery,Delivered
102083,CUST1160,2025-04-28,Mumbai,Books,Male,46,New,4,199,20,636.8,Credit Card,Delivered
102084,CUST1068,2026-06-10,Delhi,Home & Kitchen,Female,27,Premium,5,199,20,796.0,Credit Card,Returned
102085,CUST1307,2026-07-18,Kolkata,Sports,Male,19,Regular,2,5999,10,10798.2,Credit Card,Cancelled
102086,CUST1479,2026-08-02,Bengaluru,Clothing,Male,44,Premium,2,5999,25,8998.5,UPI,Returned
102087,CUST1113,2026-08-30,Vijayawada,Mobiles,Female,43,New,1,3999,15,3399.15,UPI,Delivered
102088,CUST1123,2026-06-28,Delhi,Electronics,Male,44,New,2,199,5,378.1,Debit Card,Cancelled
102089,CUST1391,2025-10-03,Vijayawada,Books,Female,51,Premium,2,1299,20,2078.4,Cash on Delivery,Delivered
102090,CUST1303,2025-03-25,Vijayawada,Books,Male,41,New,2,199,25,298.5,Cash on Delivery,Delivered
102091,CUST1470,2026-08-23,Pune,Groceries,Male,29,Premium,1,499,5,474.05,Debit Card,Returned
102092,CUST1386,2026-02-19,Delhi,Electronics,Male,36,New,1,799,20,639.2,Cash on Delivery,Cancelled
102093,CUST1364,2025-05-17,Chennai,Beauty,Female,50,New,3,199,10,537.3,Net Banking,Returned
102094,CUST1249,2026-01-12,Mumbai,Books,Male,25,Regular,3,5999,0,17997.0,Net Banking,Returned
102095,CUST1284,2026-05-26,Mumbai,Beauty,Male,30,New,2,2499,10,4498.2,Credit Card,Returned
102096,CUST1542,2025-02-09,Mumbai,Books,Male,26,Regular,4,1599,15,5436.6,Net Banking,Cancelled
102097,CUST1139,2026-08-04,Hyderabad,Books,Male,51,Regular,4,5999,5,22796.2,Credit Card,Shipped
102098,CUST1012,2026-02-25,Mumbai,Beauty,Female,22,Regular,5,3999,5,18995.25,Net Banking,Returned
102099,CUST1159,2025-07-01,Ahmedabad,Groceries,Male,38,Premium,2,1299,15,2208.3,Cash on Delivery,Returned
102100,CUST1508,2026-07-24,Delhi,Home & Kitchen,Female,45,New,5,1999,25,7496.25,Debit Card,Delivered
102101,CUST1051,2025-09-10,Kolkata,Books,Male,24,Regular,3,2499,5,7122.15,Credit Card,Shipped
102102,CUST1413,2026-09-06,Hyderabad,Electronics,Male,22,Regular,1,499,5,474.05,Debit Card,Delivered
102103,CUST1069,2026-04-23,Bengaluru,Groceries,Male,36,Premium,4,499,20,1596.8,Net Banking,Delivered
102104,CUST1210,2025-08-11,Kolkata,Mobiles,Female,27,Premium,3,299,0,897.0,Net Banking,Returned
102105,CUST1554,2025-05-16,Mumbai,Sports,Female,37,New,1,3999,20,3199.2,Credit Card,Cancelled
102106,CUST1155,2025-01-12,Hyderabad,Home & Kitchen,Male,39,New,3,3999,25,8997.75,UPI,Returned
102107,CUST1268,2026-03-13,Kolkata,Beauty,Male,54,Premium,4,3999,0,15996.0,UPI,Cancelled
102108,CUST1088,2026-02-16,Delhi,Sports,Male,18,Regular,5,499,0,2495.0,Net Banking,Returned
102109,CUST1586,2026-02-23,Pune,Mobiles,Male,36,New,1,2499,15,2124.15,Debit Card,Shipped
102110,CUST1168,2025-11-11,Pune,Groceries,Male,30,Regular,4,999,0,3996.0,Net Banking,Cancelled
102111,CUST1509,2026-02-19,Delhi,Mobiles,Male,28,New,1,199,0,199.0,Cash on Delivery,Cancelled
102112,CUST1590,2025-03-05,Vijayawada,Electronics,Male,39,Premium,2,1599,0,3198.0,Net Banking,Delivered
102113,CUST1199,2026-08-28,Chennai,Mobiles,Male,30,Regular,2,2499,15,4248.3,Credit Card,Cancelled
102114,CUST1564,2025-11-14,Ahmedabad,Electronics,Female,49,Regular,3,1999,10,5397.3,UPI,Returned
102115,CUST1323,2026-07-02,Guntur,Electronics,Female,44,Regular,4,499,5,1896.2,UPI,Delivered
102116,CUST1092,2026-04-28,Delhi,Groceries,Male,52,Premium,1,2499,10,2249.1,Debit Card,Delivered
102117,CUST1262,2025-10-02,Hyderabad,Clothing,Female,50,New,3,1599,5,4557.15,Debit Card,Cancelled
102118,CUST1463,2026-07-12,Bengaluru,Books,Female,41,New,1,299,10,269.1,Net Banking,Delivered
102119,CUST1485,2026-02-12,Hyderabad,Electronics,Female,18,Premium,1,5999,15,5099.15,Credit Card,Delivered
102120,CUST1553,2025-11-15,Bengaluru,Electronics,Male,52,New,3,999,0,2997.0,Credit Card,Delivered
102121,CUST1392,2026-07-07,Mumbai,Home & Kitchen,Male,33,Premium,1,5999,5,5699.05,Debit Card,Returned
102122,CUST1547,2025-10-13,Kolkata,Electronics,Male,43,Regular,1,5999,15,5099.15,Credit Card,Cancelled
102123,CUST1448,2025-04-03,Ahmedabad,Groceries,Male,33,Regular,4,999,25,2997.0,Cash on Delivery,Shipped
102124,CUST1480,2025-07-24,Bengaluru,Books,Male,50,Premium,1,799,20,639.2,UPI,Returned
102125,CUST1572,2026-05-15,Delhi,Electronics,Male,20,Premium,1,2499,25,1874.25,UPI,Delivered
102126,CUST1095,2026-07-08,Chennai,Home & Kitchen,Female,42,New,3,799,0,2397.0,UPI,Cancelled
102127,CUST1575,2026-07-05,Hyderabad,Sports,Male,43,New,3,2499,10,6747.3,Credit Card,Delivered
102128,CUST1034,2025-04-25,Bengaluru,Mobiles,Male,27,New,5,5999,15,25495.75,Debit Card,Shipped
102129,CUST1488,2026-09-08,Delhi,Books,Female,35,Regular,4,5999,0,23996.0,Cash on Delivery,Delivered
102130,CUST1082,2026-06-29,Delhi,Clothing,Female,42,Premium,2,5999,5,11398.1,UPI,Cancelled
102131,CUST1498,2025-09-07,Mumbai,Beauty,Male,44,New,5,999,15,4245.75,Credit Card,Cancelled
102132,CUST1238,2026-08-14,Hyderabad,Home & Kitchen,Female,22,Premium,4,199,10,716.4,Net Banking,Cancelled
102133,CUST1569,2025-01-17,Delhi,Electronics,Male,42,Premium,2,1299,15,2208.3,Cash on Delivery,Delivered
102134,CUST1043,2025-12-05,Mumbai,Beauty,Male,45,New,1,1599,5,1519.05,Debit Card,Delivered
102135,CUST1440,2025-05-13,Bengaluru,Electronics,Male,18,New,5,5999,0,29995.0,Net Banking,Delivered
102136,CUST1243,2026-08-30,Hyderabad,Home & Kitchen,Female,26,New,1,499,0,499.0,Net Banking,Cancelled
102137,CUST1380,2025-12-14,Ahmedabad,Mobiles,Female,32,New,2,799,15,1358.3,Net Banking,Shipped
102138,CUST1547,2026-02-06,Mumbai,Electronics,Male,47,Regular,1,199,20,159.2,Cash on Delivery,Cancelled
102139,CUST1141,2025-11-26,Hyderabad,Sports,Female,53,Premium,3,999,25,2247.75,Debit Card,Cancelled
102140,CUST1128,2025-12-04,Kolkata,Electronics,Male,53,Premium,2,2499,0,4998.0,Cash on Delivery,Cancelled
102141,CUST1290,2025-12-25,Pune,Beauty,Female,28,New,5,799,10,3595.5,Net Banking,Cancelled
102142,CUST1507,2025-06-02,Hyderabad,Sports,Female,42,New,1,1999,20,1599.2,Credit Card,Returned
102143,CUST1555,2025-04-16,Mumbai,Electronics,Female,18,Regular,4,499,10,1796.4,Cash on Delivery,Shipped
102144,CUST1202,2026-03-08,Pune,Clothing,Female,50,Regular,4,199,5,756.2,UPI,Delivered
102145,CUST1070,2026-01-19,Delhi,Groceries,Male,45,Regular,2,5999,0,11998.0,UPI,Cancelled
102146,CUST1451,2026-03-10,Ahmedabad,Electronics,Female,26,New,1,1299,20,1039.2,Debit Card,Cancelled
102147,CUST1335,2025-03-18,Bengaluru,Mobiles,Female,21,Premium,2,799,20,1278.4,Cash on Delivery,Cancelled
102148,CUST1328,2026-01-10,Delhi,Electronics,Female,47,New,2,299,25,448.5,Net Banking,Delivered
102149,CUST1446,2026-06-22,Bengaluru,Beauty,Male,45,Regular,5,2499,15,10620.75,Cash on Delivery,Delivered
102150,CUST1507,2026-07-22,Bengaluru,Mobiles,Female,53,New,2,799,10,1438.2,Debit Card,Returned
102151,CUST1490,2025-02-20,Delhi,Clothing,Female,33,New,2,799,25,1198.5,UPI,Shipped
102152,CUST1443,2025-06-17,Delhi,Groceries,Male,30,New,1,3999,10,3599.1,Net Banking,Returned
102153,CUST1415,2025-08-06,Bengaluru,Books,Male,29,Premium,2,799,20,1278.4,Credit Card,Cancelled
102154,CUST1386,2025-09-03,Ahmedabad,Home & Kitchen,Female,28,Regular,2,1599,15,2718.3,Cash on Delivery,Shipped
102155,CUST1145,2025-06-13,Hyderabad,Home & Kitchen,Male,29,New,2,2499,10,4498.2,Net Banking,Delivered
102156,CUST1194,2025-09-15,Chennai,Home & Kitchen,Female,36,New,1,299,15,254.15,Credit Card,Cancelled
102157,CUST1538,2026-05-22,Vijayawada,Electronics,Female,39,Regular,1,3999,20,3199.2,UPI,Cancelled
102158,CUST1059,2025-10-03,Delhi,Sports,Female,54,Premium,3,499,15,1272.45,Net Banking,Delivered
102159,CUST1031,2025-07-26,Hyderabad,Beauty,Female,33,New,5,799,0,3995.0,Credit Card,Shipped
102160,CUST1461,2026-03-19,Delhi,Mobiles,Male,31,New,2,499,15,848.3,Cash on Delivery,Delivered
102161,CUST1490,2026-02-12,Hyderabad,Mobiles,Male,31,Premium,4,999,25,2997.0,Debit Card,Delivered
102162,CUST1321,2025-09-01,Vijayawada,Books,Male,36,New,4,199,10,716.4,UPI,Returned
102163,CUST1277,2025-11-01,Hyderabad,Beauty,Female,41,Premium,1,499,15,424.15,Credit Card,Returned
102164,CUST1583,2026-04-10,Hyderabad,Beauty,Male,18,New,4,499,10,1796.4,Credit Card,Returned
102165,CUST1414,2025-07-15,Bengaluru,Beauty,Male,36,Premium,5,5999,10,26995.5,Cash on Delivery,Cancelled
102166,CUST1214,2025-11-19,Guntur,Groceries,Female,54,Premium,5,1999,25,7496.25,Debit Card,Delivered
102167,CUST1036,2025-09-21,Ahmedabad,Sports,Female,18,Regular,5,2499,15,10620.75,Net Banking,Shipped
102168,CUST1222,2025-05-27,Vijayawada,Home & Kitchen,Male,55,Regular,4,1599,10,5756.4,Cash on Delivery,Delivered
102169,CUST1562,2025-05-14,Ahmedabad,Clothing,Male,39,Premium,1,499,25,374.25,Debit Card,Cancelled
102170,CUST1075,2025-08-22,Vijayawada,Mobiles,Female,28,New,3,199,0,597.0,Credit Card,Cancelled
102171,CUST1166,2026-05-25,Pune,Beauty,Female,50,Premium,3,499,25,1122.75,Cash on Delivery,Delivered
102172,CUST1132,2026-06-10,Chennai,Mobiles,Female,21,Regular,5,2499,5,11870.25,Net Banking,Cancelled
102173,CUST1394,2025-03-11,Guntur,Groceries,Female,54,Premium,4,2499,0,9996.0,Debit Card,Returned
102174,CUST1550,2025-11-10,Bengaluru,Beauty,Male,38,Premium,4,3999,20,12796.8,Cash on Delivery,Returned
102175,CUST1555,2025-10-03,Chennai,Electronics,Female,27,New,5,1599,5,7595.25,Cash on Delivery,Delivered
102176,CUST1145,2025-02-21,Mumbai,Clothing,Female,43,New,5,199,20,796.0,UPI,Delivered
102177,CUST1461,2026-03-05,Kolkata,Beauty,Female,39,Regular,3,1299,10,3507.3,Net Banking,Returned
102178,CUST1361,2025-11-27,Guntur,Home & Kitchen,Female,48,Regular,3,1299,15,3312.45,Debit Card,Delivered
102179,CUST1458,2025-01-08,Pune,Beauty,Male,36,Premium,1,1599,20,1279.2,UPI,Cancelled
102180,CUST1262,2025-03-15,Pune,Clothing,Male,29,Regular,4,1599,10,5756.4,Debit Card,Cancelled
102181,CUST1484,2025-03-12,Bengaluru,Electronics,Male,30,New,5,3999,20,15996.0,Net Banking,Returned
102182,CUST1239,2026-07-02,Pune,Mobiles,Male,22,Regular,4,199,20,636.8,UPI,Shipped
102183,CUST1306,2026-02-23,Bengaluru,Home & Kitchen,Male,50,Premium,2,199,20,318.4,Cash on Delivery,Delivered
102184,CUST1050,2025-06-27,Kolkata,Groceries,Male,35,Premium,1,1299,25,974.25,UPI,Shipped
102185,CUST1444,2025-10-03,Guntur,Mobiles,Female,54,Regular,5,199,20,796.0,Credit Card,Cancelled
102186,CUST1113,2025-12-11,Chennai,Sports,Female,35,Premium,2,2499,10,4498.2,UPI,Cancelled
102187,CUST1363,2025-11-22,Mumbai,Mobiles,Female,50,New,1,1999,5,1899.05,Net Banking,Cancelled
102188,CUST1020,2026-05-26,Pune,Electronics,Male,45,New,2,3999,10,7198.2,Credit Card,Cancelled
102189,CUST1239,2025-10-04,Guntur,Sports,Male,39,Premium,2,5999,0,11998.0,Debit Card,Delivered
102190,CUST1042,2026-04-25,Chennai,Clothing,Female,47,Regular,2,999,5,1898.1,Debit Card,Returned
102191,CUST1117,2026-04-17,Bengaluru,Clothing,Female,35,Premium,3,3999,10,10797.3,Net Banking,Shipped
102192,CUST1133,2025-07-26,Ahmedabad,Sports,Female,50,Regular,1,2499,20,1999.2,UPI,Returned
102193,CUST1173,2025-06-12,Mumbai,Electronics,Female,53,Regular,2,5999,5,11398.1,Net Banking,Cancelled
102194,CUST1300,2025-06-19,Kolkata,Groceries,Male,46,New,4,1599,15,5436.6,UPI,Returned
102195,CUST1089,2026-02-17,Pune,Clothing,Male,47,Premium,2,3999,5,7598.1,Net Banking,Shipped
102196,CUST1349,2025-10-29,Ahmedabad,Books,Female,53,Premium,2,1599,10,2878.2,UPI,Returned
102197,CUST1148,2025-06-06,Chennai,Mobiles,Male,46,Premium,2,499,15,848.3,Net Banking,Delivered
102198,CUST1587,2025-06-05,Hyderabad,Electronics,Female,38,Regular,2,799,15,1358.3,Net Banking,Returned
102199,CUST1458,2025-02-26,Ahmedabad,Sports,Female,22,Premium,5,999,15,4245.75,Cash on Delivery,Returned
102200,CUST1538,2026-05-24,Guntur,Electronics,Female,31,Regular,3,1299,5,3702.15,Net Banking,Delivered
102201,CUST1506,2025-12-28,Ahmedabad,Electronics,Female,41,Premium,5,299,10,1345.5,Net Banking,Returned
102202,CUST1518,2025-06-21,Bengaluru,Mobiles,Female,31,Premium,4,2499,5,9496.2,UPI,Shipped
102203,CUST1155,2025-01-18,Chennai,Beauty,Male,29,New,4,1599,0,6396.0,Net Banking,Delivered
102204,CUST1103,2025-12-08,Vijayawada,Beauty,Male,50,New,1,2499,20,1999.2,UPI,Returned
102205,CUST1038,2025-01-08,Guntur,Electronics,Female,55,New,4,1599,25,4797.0,Credit Card,Returned
102206,CUST1397,2025-05-31,Kolkata,Groceries,Male,35,Premium,5,2499,5,11870.25,Net Banking,Returned
102207,CUST1249,2025-11-08,Pune,Electronics,Female,49,Regular,5,1999,0,9995.0,Cash on Delivery,Returned
102208,CUST1363,2026-06-16,Delhi,Electronics,Female,46,New,2,799,10,1438.2,UPI,Shipped
102209,CUST1349,2025-08-12,Hyderabad,Sports,Female,20,Regular,1,1299,10,1169.1,Credit Card,Delivered
102210,CUST1228,2026-06-22,Kolkata,Books,Female,34,New,4,3999,20,12796.8,Debit Card,Cancelled
102211,CUST1079,2026-06-06,Bengaluru,Clothing,Female,48,New,5,799,0,3995.0,UPI,Shipped
102212,CUST1411,2025-08-21,Kolkata,Mobiles,Male,38,Premium,3,199,5,567.15,Cash on Delivery,Delivered
102213,CUST1462,2025-02-08,Ahmedabad,Mobiles,Male,27,New,5,5999,15,25495.75,Debit Card,Cancelled
102214,CUST1270,2026-01-01,Mumbai,Mobiles,Female,19,New,4,2499,10,8996.4,Cash on Delivery,Returned
102215,CUST1224,2025-11-02,Vijayawada,Sports,Female,31,Regular,1,299,15,254.15,Net Banking,Shipped
102216,CUST1375,2025-05-02,Delhi,Home & Kitchen,Male,46,New,3,3999,15,10197.45,UPI,Returned
102217,CUST1579,2026-07-27,Guntur,Sports,Female,37,Premium,2,199,5,378.1,Credit Card,Shipped
102218,CUST1385,2025-08-21,Pune,Clothing,Female,34,Premium,2,999,0,1998.0,Credit Card,Returned
102219,CUST1308,2026-02-03,Bengaluru,Beauty,Female,34,Regular,1,1999,5,1899.05,Credit Card,Delivered
102220,CUST1291,2025-12-20,Guntur,Mobiles,Female,25,Regular,5,1299,20,5196.0,UPI,Returned
102221,CUST1170,2025-01-04,Guntur,Clothing,Female,54,Premium,3,199,5,567.15,UPI,Cancelled
102222,CUST1492,2025-04-12,Mumbai,Electronics,Female,53,New,2,999,10,1798.2,Cash on Delivery,Returned
102223,CUST1129,2025-10-22,Kolkata,Beauty,Female,33,New,1,499,20,399.2,UPI,Shipped
102224,CUST1600,2026-03-11,Mumbai,Home & Kitchen,Male,53,New,3,199,20,477.6,Cash on Delivery,Returned
102225,CUST1387,2026-04-09,Mumbai,Beauty,Female,22,New,4,299,20,956.8,Credit Card,Cancelled
102226,CUST1033,2026-02-08,Vijayawada,Home & Kitchen,Male,32,Regular,2,999,5,1898.1,Net Banking,Delivered
102227,CUST1568,2025-03-16,Chennai,Beauty,Female,40,Premium,2,1999,15,3398.3,UPI,Delivered
102228,CUST1336,2026-05-01,Vijayawada,Books,Female,43,New,4,3999,0,15996.0,Debit Card,Cancelled
102229,CUST1252,2025-01-28,Pune,Clothing,Female,37,Regular,5,499,5,2370.25,Debit Card,Returned
102230,CUST1113,2025-11-11,Kolkata,Beauty,Male,49,New,2,1599,0,3198.0,Cash on Delivery,Shipped
102231,CUST1391,2025-03-10,Ahmedabad,Sports,Female,55,New,5,3999,10,17995.5,Credit Card,Returned
102232,CUST1306,2026-03-26,Ahmedabad,Electronics,Male,31,Premium,4,999,0,3996.0,Debit Card,Delivered
102233,CUST1214,2025-07-03,Bengaluru,Books,Female,53,Regular,3,1299,0,3897.0,Cash on Delivery,Shipped
102234,CUST1587,2025-07-04,Hyderabad,Books,Female,33,New,5,2499,5,11870.25,UPI,Cancelled
102235,CUST1086,2026-01-05,Pune,Mobiles,Female,55,New,3,1599,25,3597.75,Credit Card,Cancelled
102236,CUST1469,2025-04-06,Kolkata,Mobiles,Female,31,New,1,999,25,749.25,Credit Card,Delivered
102237,CUST1293,2025-10-24,Chennai,Mobiles,Female,45,Regular,1,3999,10,3599.1,UPI,Shipped
102238,CUST1053,2025-02-23,Hyderabad,Clothing,Female,33,New,5,1299,20,5196.0,Debit Card,Shipped
102239,CUST1067,2026-08-20,Bengaluru,Groceries,Female,48,Premium,1,1299,0,1299.0,Cash on Delivery,Shipped
102240,CUST1080,2025-04-17,Kolkata,Mobiles,Male,20,Premium,1,1999,20,1599.2,Cash on Delivery,Cancelled
102241,CUST1466,2026-03-10,Hyderabad,Beauty,Male,27,Regular,3,499,10,1347.3,Net Banking,Shipped
102242,CUST1184,2025-09-08,Chennai,Electronics,Female,20,New,1,1299,10,1169.1,Credit Card,Shipped
102243,CUST1344,2025-02-25,Pune,Electronics,Female,26,New,2,2499,15,4248.3,Debit Card,Delivered
102244,CUST1414,2025-04-09,Mumbai,Mobiles,Male,24,Regular,3,499,0,1497.0,UPI,Cancelled
102245,CUST1020,2025-11-24,Guntur,Beauty,Female,33,New,5,3999,5,18995.25,Net Banking,Shipped
102246,CUST1039,2025-05-12,Hyderabad,Sports,Male,55,New,2,499,10,898.2,Credit Card,Shipped
102247,CUST1029,2025-02-18,Guntur,Electronics,Male,25,New,3,1599,5,4557.15,Debit Card,Cancelled
102248,CUST1198,2025-08-03,Chennai,Home & Kitchen,Female,29,Premium,2,3999,0,7998.0,Cash on Delivery,Delivered
102249,CUST1261,2025-08-08,Pune,Beauty,Female,39,New,2,799,25,1198.5,Credit Card,Cancelled
102250,CUST1306,2025-07-10,Ahmedabad,Mobiles,Female,18,New,5,1599,10,7195.5,Debit Card,Returned
102251,CUST1056,2026-03-16,Ahmedabad,Sports,Male,45,Regular,2,999,5,1898.1,Cash on Delivery,Shipped
102252,CUST1370,2025-10-11,Vijayawada,Mobiles,Male,40,Regular,5,2499,25,9371.25,UPI,Cancelled
102253,CUST1341,2025-07-01,Ahmedabad,Clothing,Female,49,Regular,4,1599,10,5756.4,Credit Card,Cancelled
102254,CUST1427,2025-09-10,Mumbai,Books,Male,35,Regular,5,199,20,796.0,Debit Card,Shipped
102255,CUST1380,2025-09-13,Vijayawada,Books,Female,35,Regular,4,3999,25,11997.0,Cash on Delivery,Cancelled
102256,CUST1595,2025-08-27,Mumbai,Home & Kitchen,Female,33,New,3,799,20,1917.6,Debit Card,Shipped
102257,CUST1305,2026-02-02,Guntur,Sports,Female,23,New,4,3999,5,15196.2,Cash on Delivery,Returned
102258,CUST1278,2025-07-21,Chennai,Books,Female,53,Regular,5,799,10,3595.5,Net Banking,Returned
102259,CUST1104,2025-09-10,Mumbai,Home & Kitchen,Female,54,Regular,5,199,15,845.75,Net Banking,Shipped
102260,CUST1080,2026-09-23,Mumbai,Clothing,Female,32,Premium,5,2499,25,9371.25,Net Banking,Delivered
102261,CUST1202,2025-04-14,Delhi,Clothing,Male,33,New,4,2499,25,7497.0,Cash on Delivery,Shipped
102262,CUST1483,2026-05-01,Vijayawada,Electronics,Male,35,Premium,2,1599,0,3198.0,Net Banking,Returned
102263,CUST1144,2026-05-09,Mumbai,Books,Male,25,New,5,199,20,796.0,UPI,Cancelled
102264,CUST1453,2026-02-12,Mumbai,Home & Kitchen,Female,35,New,2,3999,10,7198.2,Net Banking,Shipped
102265,CUST1211,2026-02-02,Chennai,Clothing,Female,26,Premium,3,1299,15,3312.45,Net Banking,Cancelled
102266,CUST1269,2025-01-12,Kolkata,Clothing,Male,29,Premium,2,1599,20,2558.4,Cash on Delivery,Returned
102267,CUST1420,2025-10-27,Delhi,Electronics,Female,53,New,5,1999,0,9995.0,Credit Card,Cancelled
102268,CUST1108,2025-08-14,Mumbai,Clothing,Male,40,Premium,5,299,0,1495.0,UPI,Delivered
102269,CUST1279,2026-02-15,Ahmedabad,Electronics,Male,30,New,2,3999,20,6398.4,Credit Card,Cancelled
102270,CUST1430,2025-10-06,Delhi,Groceries,Female,52,New,2,1999,25,2998.5,Debit Card,Delivered
102271,CUST1064,2026-07-31,Guntur,Beauty,Female,31,New,5,999,0,4995.0,UPI,Cancelled
102272,CUST1011,2026-07-12,Bengaluru,Clothing,Male,21,Regular,1,299,15,254.15,Credit Card,Delivered
102273,CUST1428,2025-06-04,Guntur,Beauty,Male,22,Premium,5,2499,15,10620.75,Net Banking,Delivered
102274,CUST1206,2025-09-10,Bengaluru,Sports,Female,53,Regular,3,499,0,1497.0,Credit Card,Delivered
102275,CUST1436,2025-08-03,Hyderabad,Mobiles,Male,49,Premium,3,799,0,2397.0,UPI,Shipped
102276,CUST1332,2026-07-11,Delhi,Clothing,Male,49,New,4,199,0,796.0,Credit Card,Shipped
102277,CUST1017,2025-04-11,Vijayawada,Books,Female,18,New,5,5999,10,26995.5,Net Banking,Delivered
102278,CUST1547,2025-10-24,Delhi,Books,Female,26,Regular,1,299,5,284.05,UPI,Shipped
102279,CUST1503,2026-03-23,Mumbai,Books,Female,30,Premium,4,2499,10,8996.4,UPI,Shipped
102280,CUST1512,2026-07-22,Bengaluru,Clothing,Female,25,Premium,1,199,25,149.25,Debit Card,Shipped
102281,CUST1291,2025-09-13,Hyderabad,Clothing,Male,23,Regular,2,299,10,538.2,Credit Card,Cancelled
102282,CUST1444,2025-02-22,Vijayawada,Beauty,Male,44,Premium,4,3999,25,11997.0,Debit Card,Cancelled
102283,CUST1509,2025-12-12,Bengaluru,Clothing,Male,26,Premium,2,1299,5,2468.1,Debit Card,Cancelled
102284,CUST1556,2026-05-14,Ahmedabad,Books,Female,45,Regular,1,1999,20,1599.2,Net Banking,Cancelled
102285,CUST1060,2026-06-03,Hyderabad,Sports,Male,55,Premium,5,3999,5,18995.25,Debit Card,Returned
102286,CUST1214,2026-04-08,Pune,Sports,Female,27,New,3,5999,15,15297.45,Cash on Delivery,Delivered
102287,CUST1137,2026-04-12,Pune,Beauty,Female,19,Regular,2,1599,15,2718.3,Cash on Delivery,Delivered
102288,CUST1085,2026-05-03,Bengaluru,Books,Male,32,New,1,5999,0,5999.0,Cash on Delivery,Returned
102289,CUST1525,2025-07-04,Delhi,Clothing,Male,18,Premium,3,199,25,447.75,Cash on Delivery,Returned
102290,CUST1279,2026-07-09,Guntur,Mobiles,Male,52,New,5,199,25,746.25,UPI,Returned
102291,CUST1114,2026-02-22,Guntur,Sports,Male,26,New,2,799,20,1278.4,Credit Card,Shipped
102292,CUST1291,2025-07-05,Hyderabad,Books,Female,38,New,2,2499,5,4748.1,Net Banking,Shipped
102293,CUST1305,2026-01-02,Hyderabad,Electronics,Female,23,New,5,3999,20,15996.0,Net Banking,Cancelled
102294,CUST1382,2026-04-09,Guntur,Clothing,Male,40,Premium,5,299,5,1420.25,UPI,Cancelled
102295,CUST1169,2025-07-18,Kolkata,Home & Kitchen,Male,45,Regular,3,1999,5,5697.15,UPI,Cancelled
102296,CUST1476,2026-05-17,Kolkata,Groceries,Male,26,Premium,5,199,20,796.0,UPI,Delivered
102297,CUST1295,2025-01-25,Pune,Groceries,Female,22,Premium,3,299,20,717.6,Debit Card,Shipped
102298,CUST1295,2026-06-07,Delhi,Beauty,Female,36,Premium,1,5999,10,5399.1,Credit Card,Delivered
102299,CUST1569,2025-06-29,Ahmedabad,Groceries,Male,42,New,1,5999,20,4799.2,Debit Card,Returned
102300,CUST1476,2026-07-27,Kolkata,Clothing,Male,24,New,1,5999,5,5699.05,Net Banking,Returned
102301,CUST1590,2025-09-14,Hyderabad,Sports,Female,53,Regular,2,1599,20,2558.4,Debit Card,Returned
102302,CUST1022,2026-01-17,Kolkata,Books,Male,54,Premium,5,3999,10,17995.5,UPI,Returned
102303,CUST1051,2026-09-10,Bengaluru,Sports,Male,51,Premium,4,3999,25,11997.0,Net Banking,Returned
102304,CUST1050,2025-01-16,Mumbai,Sports,Female,47,New,4,299,25,897.0,Credit Card,Returned
102305,CUST1085,2025-10-07,Mumbai,Sports,Male,46,Regular,3,1999,0,5997.0,UPI,Shipped
102306,CUST1566,2026-03-05,Hyderabad,Home & Kitchen,Female,32,Premium,5,299,10,1345.5,UPI,Cancelled
102307,CUST1165,2025-07-19,Ahmedabad,Beauty,Female,35,Regular,4,1599,20,5116.8,Cash on Delivery,Returned
102308,CUST1289,2025-07-04,Vijayawada,Groceries,Male,34,New,3,199,20,477.6,Credit Card,Cancelled
102309,CUST1082,2026-06-09,Delhi,Home & Kitchen,Female,25,Premium,1,199,10,179.1,Debit Card,Cancelled
102310,CUST1336,2025-09-10,Kolkata,Sports,Female,47,Regular,4,3999,0,15996.0,Net Banking,Delivered
102311,CUST1388,2026-01-29,Hyderabad,Home & Kitchen,Female,28,Regular,2,1999,20,3198.4,Cash on Delivery,Delivered
102312,CUST1148,2025-09-02,Ahmedabad,Sports,Female,40,New,2,799,25,1198.5,Credit Card,Delivered
102313,CUST1397,2025-11-26,Chennai,Electronics,Female,19,New,5,499,20,1996.0,Net Banking,Returned
102314,CUST1093,2026-02-06,Delhi,Home & Kitchen,Male,49,Regular,2,3999,20,6398.4,Credit Card,Shipped
102315,CUST1418,2025-05-15,Delhi,Home & Kitchen,Male,40,Premium,1,999,0,999.0,Credit Card,Shipped
102316,CUST1487,2026-02-20,Hyderabad,Beauty,Male,26,Regular,4,3999,5,15196.2,UPI,Shipped
102317,CUST1513,2025-05-05,Hyderabad,Books,Female,18,New,2,3999,5,7598.1,Credit Card,Delivered
102318,CUST1050,2026-03-05,Guntur,Groceries,Male,31,Regular,1,5999,20,4799.2,Net Banking,Shipped
102319,CUST1064,2026-05-17,Hyderabad,Electronics,Male,29,Premium,5,1999,0,9995.0,Net Banking,Cancelled
102320,CUST1189,2026-03-17,Pune,Beauty,Female,49,New,1,1599,5,1519.05,Net Banking,Cancelled
102321,CUST1461,2025-12-29,Ahmedabad,Home & Kitchen,Male,18,Regular,5,999,0,4995.0,Debit Card,Shipped
102322,CUST1480,2025-05-20,Delhi,Clothing,Female,39,Regular,2,299,15,508.3,Debit Card,Returned
102323,CUST1122,2025-10-22,Ahmedabad,Books,Female,30,Premium,2,1999,0,3998.0,Net Banking,Delivered
102324,CUST1431,2025-03-24,Mumbai,Sports,Male,40,New,4,1999,15,6796.6,Cash on Delivery,Returned
102325,CUST1164,2025-03-10,Kolkata,Clothing,Female,48,Premium,2,199,20,318.4,UPI,Returned
102326,CUST1136,2025-03-17,Chennai,Clothing,Male,43,Regular,5,199,5,945.25,Net Banking,Returned
102327,CUST1438,2025-01-25,Chennai,Sports,Male,26,New,4,5999,15,20396.6,Credit Card,Returned
102328,CUST1160,2025-05-07,Guntur,Home & Kitchen,Female,51,Premium,5,1299,20,5196.0,Debit Card,Cancelled
102329,CUST1086,2026-03-01,Bengaluru,Home & Kitchen,Female,30,New,2,1999,0,3998.0,UPI,Delivered
102330,CUST1584,2025-09-08,Kolkata,Home & Kitchen,Male,22,New,4,1299,5,4936.2,Credit Card,Cancelled
102331,CUST1515,2026-03-24,Mumbai,Beauty,Male,26,Regular,3,3999,25,8997.75,Net Banking,Cancelled
102332,CUST1207,2025-04-16,Delhi,Beauty,Female,54,New,4,5999,20,19196.8,Debit Card,Shipped
102333,CUST1101,2026-06-21,Bengaluru,Electronics,Female,40,New,2,199,0,398.0,Cash on Delivery,Returned
102334,CUST1226,2025-10-27,Pune,Clothing,Male,49,New,2,1599,15,2718.3,Debit Card,Cancelled
102335,CUST1375,2025-12-20,Mumbai,Sports,Female,48,Regular,2,799,15,1358.3,Debit Card,Returned
102336,CUST1164,2026-06-08,Vijayawada,Books,Female,41,New,3,3999,15,10197.45,UPI,Cancelled
102337,CUST1424,2026-02-21,Ahmedabad,Home & Kitchen,Female,38,Regular,2,1299,0,2598.0,Net Banking,Cancelled
102338,CUST1432,2025-04-23,Vijayawada,Mobiles,Female,49,New,2,5999,0,11998.0,Net Banking,Shipped
102339,CUST1599,2025-11-24,Chennai,Books,Female,26,New,1,3999,15,3399.15,Credit Card,Delivered
102340,CUST1005,2025-11-05,Vijayawada,Home & Kitchen,Male,36,Regular,4,5999,10,21596.4,Cash on Delivery,Delivered
102341,CUST1581,2025-10-21,Delhi,Home & Kitchen,Female,25,Premium,3,1999,25,4497.75,Debit Card,Delivered
102342,CUST1543,2026-04-15,Vijayawada,Clothing,Female,46,Premium,1,799,5,759.05,Credit Card,Shipped
102343,CUST1160,2025-07-17,Hyderabad,Books,Female,22,Premium,4,5999,25,17997.0,Cash on Delivery,Returned
102344,CUST1202,2026-02-14,Mumbai,Groceries,Male,51,Regular,4,199,15,676.6,Credit Card,Delivered
102345,CUST1028,2025-04-26,Hyderabad,Books,Female,26,Regular,1,499,5,474.05,Debit Card,Shipped
102346,CUST1591,2025-07-29,Mumbai,Electronics,Male,52,Premium,2,1599,15,2718.3,Cash on Delivery,Returned
102347,CUST1344,2025-03-29,Bengaluru,Books,Female,26,New,2,1599,0,3198.0,Net Banking,Cancelled
102348,CUST1054,2026-03-06,Guntur,Groceries,Male,34,Premium,3,3999,25,8997.75,Debit Card,Delivered
102349,CUST1001,2026-08-01,Guntur,Clothing,Female,36,Regular,2,1299,0,2598.0,UPI,Returned
102350,CUST1554,2025-12-20,Hyderabad,Groceries,Male,36,Regular,5,5999,0,29995.0,UPI,Delivered
102351,CUST1066,2025-10-16,Pune,Beauty,Female,50,Regular,1,999,5,949.05,UPI,Shipped
102352,CUST1106,2025-12-05,Bengaluru,Groceries,Female,37,Regular,2,2499,25,3748.5,Debit Card,Cancelled
102353,CUST1013,2026-06-02,Guntur,Beauty,Female,42,Regular,1,799,0,799.0,Cash on Delivery,Delivered
102354,CUST1037,2026-05-14,Guntur,Electronics,Male,47,Premium,4,2499,10,8996.4,UPI,Returned
102355,CUST1210,2026-09-13,Delhi,Clothing,Female,23,New,5,2499,25,9371.25,Debit Card,Returned
102356,CUST1088,2026-03-11,Ahmedabad,Mobiles,Female,46,Regular,5,1599,0,7995.0,Net Banking,Shipped
102357,CUST1488,2025-07-23,Hyderabad,Sports,Male,39,Premium,2,1599,0,3198.0,Credit Card,Cancelled
102358,CUST1553,2025-07-14,Guntur,Sports,Female,38,Regular,3,1299,25,2922.75,Credit Card,Cancelled
102359,CUST1593,2025-09-10,Ahmedabad,Home & Kitchen,Female,28,Regular,3,799,5,2277.15,Cash on Delivery,Shipped
102360,CUST1573,2025-04-07,Hyderabad,Clothing,Female,52,Regular,4,1999,10,7196.4,Cash on Delivery,Returned
102361,CUST1005,2026-07-16,Chennai,Electronics,Male,50,Regular,4,3999,5,15196.2,Credit Card,Shipped
102362,CUST1441,2026-04-19,Ahmedabad,Groceries,Female,38,New,2,1999,15,3398.3,Debit Card,Delivered
102363,CUST1380,2025-06-18,Bengaluru,Beauty,Male,33,New,3,499,20,1197.6,Net Banking,Returned
102364,CUST1484,2025-07-15,Vijayawada,Electronics,Female,32,Premium,1,2499,20,1999.2,Credit Card,Returned
102365,CUST1119,2026-05-02,Guntur,Books,Male,38,New,4,1999,25,5997.0,Cash on Delivery,Returned
102366,CUST1009,2025-07-23,Delhi,Clothing,Male,22,New,1,3999,0,3999.0,Credit Card,Cancelled
102367,CUST1298,2025-05-25,Delhi,Groceries,Male,40,Premium,2,999,25,1498.5,Cash on Delivery,Returned
102368,CUST1438,2026-04-26,Guntur,Mobiles,Male,42,Regular,1,3999,25,2999.25,Net Banking,Returned
102369,CUST1417,2025-12-25,Bengaluru,Electronics,Female,51,New,4,1599,15,5436.6,Credit Card,Cancelled
102370,CUST1376,2025-09-30,Vijayawada,Home & Kitchen,Female,26,Premium,1,199,20,159.2,Cash on Delivery,Cancelled
102371,CUST1187,2025-07-20,Vijayawada,Clothing,Male,34,New,4,3999,5,15196.2,Net Banking,Delivered
102372,CUST1292,2026-04-15,Delhi,Groceries,Female,21,New,1,1299,25,974.25,Debit Card,Returned
102373,CUST1039,2026-08-24,Guntur,Electronics,Male,43,Premium,1,299,10,269.1,Credit Card,Returned
102374,CUST1138,2025-01-10,Mumbai,Sports,Male,34,Regular,1,2499,0,2499.0,Debit Card,Returned
102375,CUST1296,2026-07-24,Kolkata,Groceries,Female,49,New,2,799,10,1438.2,Net Banking,Shipped
102376,CUST1484,2025-04-21,Ahmedabad,Clothing,Female,42,New,3,3999,15,10197.45,Net Banking,Returned
102377,CUST1160,2026-02-01,Hyderabad,Groceries,Male,49,Premium,3,5999,5,17097.15,Credit Card,Returned
102378,CUST1146,2026-03-10,Bengaluru,Beauty,Female,34,Premium,3,499,20,1197.6,Credit Card,Returned
102379,CUST1036,2025-05-12,Vijayawada,Electronics,Female,21,New,3,199,0,597.0,Debit Card,Returned
102380,CUST1025,2025-01-18,Kolkata,Sports,Female,31,New,3,299,20,717.6,Cash on Delivery,Delivered
102381,CUST1203,2026-02-15,Chennai,Sports,Female,31,Regular,2,199,25,298.5,Net Banking,Shipped
102382,CUST1039,2025-01-14,Ahmedabad,Electronics,Male,22,Premium,1,199,0,199.0,Cash on Delivery,Delivered
102383,CUST1178,2025-01-04,Kolkata,Groceries,Female,35,New,3,2499,0,7497.0,Debit Card,Shipped
102384,CUST1269,2025-02-21,Chennai,Mobiles,Female,45,New,5,799,0,3995.0,Credit Card,Returned
102385,CUST1026,2026-02-08,Kolkata,Clothing,Male,26,Premium,2,2499,25,3748.5,Cash on Delivery,Delivered
102386,CUST1263,2025-12-24,Delhi,Electronics,Female,32,New,5,999,15,4245.75,UPI,Delivered
102387,CUST1251,2025-12-24,Hyderabad,Beauty,Female,30,Premium,5,799,25,2996.25,Cash on Delivery,Cancelled
102388,CUST1128,2025-05-23,Bengaluru,Home & Kitchen,Female,32,Regular,1,2499,20,1999.2,Cash on Delivery,Cancelled
102389,CUST1438,2025-01-30,Delhi,Clothing,Female,48,Regular,1,1599,15,1359.15,Credit Card,Shipped
102390,CUST1539,2026-02-23,Pune,Electronics,Male,43,Premium,2,1599,20,2558.4,Credit Card,Returned
102391,CUST1189,2026-02-16,Mumbai,Beauty,Female,46,Premium,2,3999,5,7598.1,Net Banking,Delivered
102392,CUST1407,2026-08-07,Guntur,Beauty,Female,28,New,2,1999,25,2998.5,Net Banking,Delivered
102393,CUST1248,2026-04-20,Pune,Clothing,Male,38,Regular,3,3999,20,9597.6,Net Banking,Returned
102394,CUST1331,2026-05-07,Ahmedabad,Mobiles,Female,36,New,4,499,15,1696.6,Net Banking,Shipped
102395,CUST1325,2026-07-25,Hyderabad,Clothing,Female,25,Regular,3,2499,0,7497.0,UPI,Returned
102396,CUST1193,2025-12-04,Ahmedabad,Clothing,Male,55,Regular,4,2499,20,7996.8,Cash on Delivery,Cancelled
102397,CUST1083,2025-04-06,Guntur,Books,Female,20,New,5,2499,15,10620.75,Debit Card,Delivered
102398,CUST1277,2025-01-05,Ahmedabad,Home & Kitchen,Female,53,Regular,5,499,10,2245.5,Debit Card,Returned
102399,CUST1145,2025-02-20,Ahmedabad,Groceries,Male,25,New,2,5999,0,11998.0,Credit Card,Cancelled
102400,CUST1401,2025-01-14,Hyderabad,Mobiles,Female,28,Premium,1,5999,20,4799.2,UPI,Returned
102401,CUST1166,2026-09-08,Chennai,Groceries,Female,31,New,3,499,5,1422.15,Net Banking,Delivered
102402,CUST1511,2026-01-29,Chennai,Electronics,Male,34,New,2,199,0,398.0,Cash on Delivery,Returned
102403,CUST1373,2025-05-23,Chennai,Mobiles,Female,19,Premium,3,3999,15,10197.45,Debit Card,Returned
102404,CUST1377,2025-04-05,Mumbai,Mobiles,Female,21,Premium,3,999,15,2547.45,Cash on Delivery,Returned
102405,CUST1260,2025-08-02,Pune,Groceries,Female,39,Premium,3,5999,10,16197.3,UPI,Cancelled
102406,CUST1429,2026-01-25,Pune,Groceries,Female,50,New,4,2499,20,7996.8,Debit Card,Shipped
102407,CUST1164,2025-12-28,Mumbai,Mobiles,Male,45,Regular,5,1599,25,5996.25,Debit Card,Cancelled
102408,CUST1472,2025-09-04,Delhi,Sports,Female,18,Premium,2,199,25,298.5,Net Banking,Cancelled
102409,CUST1575,2025-09-07,Chennai,Books,Female,33,Premium,2,5999,15,10198.3,Cash on Delivery,Cancelled
102410,CUST1313,2026-07-03,Pune,Electronics,Female,20,Premium,1,1299,0,1299.0,Credit Card,Cancelled
102411,CUST1009,2026-02-15,Hyderabad,Mobiles,Male,35,New,4,499,25,1497.0,Net Banking,Shipped
102412,CUST1233,2026-08-04,Delhi,Home & Kitchen,Female,35,Premium,1,1999,15,1699.15,Debit Card,Delivered
102413,CUST1432,2025-09-05,Vijayawada,Sports,Female,25,Regular,5,199,0,995.0,UPI,Shipped
102414,CUST1190,2025-01-05,Kolkata,Clothing,Female,31,Regular,3,1299,0,3897.0,Credit Card,Delivered
102415,CUST1239,2025-05-23,Chennai,Mobiles,Female,30,New,4,3999,10,14396.4,UPI,Delivered
102416,CUST1590,2025-05-26,Hyderabad,Books,Male,43,Regular,2,5999,10,10798.2,Credit Card,Returned
102417,CUST1390,2025-09-28,Vijayawada,Sports,Male,21,Premium,2,2499,15,4248.3,Debit Card,Returned
102418,CUST1359,2025-08-17,Pune,Books,Female,23,Regular,5,799,20,3196.0,Cash on Delivery,Delivered
102419,CUST1332,2026-09-11,Guntur,Clothing,Female,37,Regular,1,3999,5,3799.05,Debit Card,Cancelled
102420,CUST1139,2025-08-14,Delhi,Home & Kitchen,Male,44,Regular,4,199,15,676.6,Credit Card,Shipped
102421,CUST1144,2026-03-29,Guntur,Sports,Female,41,Regular,3,1599,0,4797.0,Credit Card,Returned
102422,CUST1030,2025-09-21,Kolkata,Books,Male,50,Premium,1,499,15,424.15,Cash on Delivery,Returned
102423,CUST1061,2025-06-13,Mumbai,Groceries,Male,45,New,1,3999,20,3199.2,UPI,Shipped
102424,CUST1506,2026-09-05,Hyderabad,Books,Female,20,Premium,3,299,15,762.45,Debit Card,Shipped
102425,CUST1103,2025-05-09,Vijayawada,Groceries,Female,32,Premium,4,1999,5,7596.2,Net Banking,Delivered
102426,CUST1299,2025-11-12,Vijayawada,Electronics,Male,41,Premium,5,1299,0,6495.0,Credit Card,Returned
102427,CUST1149,2025-11-01,Kolkata,Home & Kitchen,Male,24,New,3,199,25,447.75,Debit Card,Shipped
102428,CUST1388,2026-04-28,Delhi,Home & Kitchen,Male,25,Premium,3,1299,15,3312.45,Debit Card,Cancelled
102429,CUST1265,2026-08-28,Chennai,Clothing,Male,37,New,1,999,25,749.25,Cash on Delivery,Cancelled
102430,CUST1161,2025-08-19,Ahmedabad,Mobiles,Female,25,Premium,1,199,25,149.25,UPI,Cancelled
102431,CUST1599,2025-01-17,Guntur,Mobiles,Male,42,Regular,4,499,25,1497.0,UPI,Returned
102432,CUST1438,2025-08-07,Vijayawada,Clothing,Male,50,Regular,2,2499,0,4998.0,Credit Card,Shipped
102433,CUST1253,2025-06-10,Mumbai,Clothing,Female,46,New,1,3999,20,3199.2,Cash on Delivery,Returned
102434,CUST1141,2026-05-11,Ahmedabad,Mobiles,Female,18,Regular,1,199,10,179.1,Debit Card,Cancelled
102435,CUST1202,2026-09-02,Hyderabad,Books,Female,38,New,5,299,10,1345.5,UPI,Shipped
102436,CUST1534,2025-01-07,Chennai,Mobiles,Male,31,Premium,2,5999,15,10198.3,Debit Card,Cancelled
102437,CUST1516,2025-02-26,Mumbai,Mobiles,Female,21,New,2,3999,10,7198.2,UPI,Cancelled
102438,CUST1418,2025-01-09,Delhi,Sports,Female,22,Premium,5,799,10,3595.5,Credit Card,Shipped
102439,CUST1046,2026-03-11,Guntur,Groceries,Male,46,New,5,2499,0,12495.0,UPI,Delivered
102440,CUST1288,2025-11-18,Mumbai,Electronics,Male,52,Regular,1,799,5,759.05,Credit Card,Shipped
102441,CUST1561,2025-01-03,Vijayawada,Sports,Male,29,New,1,799,20,639.2,Net Banking,Shipped
102442,CUST1421,2025-03-20,Chennai,Beauty,Male,33,Premium,4,2499,0,9996.0,Net Banking,Delivered
102443,CUST1013,2026-05-06,Delhi,Books,Female,45,Regular,2,1599,20,2558.4,Credit Card,Delivered
102444,CUST1083,2025-02-13,Bengaluru,Clothing,Male,48,New,1,1299,5,1234.05,Cash on Delivery,Delivered
102445,CUST1374,2026-03-21,Hyderabad,Sports,Male,29,New,2,999,20,1598.4,Cash on Delivery,Delivered
102446,CUST1599,2026-06-26,Guntur,Books,Female,41,Regular,3,299,0,897.0,Debit Card,Returned
102447,CUST1405,2026-09-13,Pune,Sports,Female,25,Premium,4,499,20,1596.8,Credit Card,Returned
102448,CUST1450,2026-03-15,Delhi,Clothing,Female,27,Regular,4,299,5,1136.2,Credit Card,Cancelled
102449,CUST1412,2026-02-15,Mumbai,Mobiles,Male,19,Regular,1,499,25,374.25,Debit Card,Returned
102450,CUST1558,2025-08-01,Kolkata,Mobiles,Female,20,New,4,299,5,1136.2,Credit Card,Shipped
102451,CUST1305,2025-10-23,Mumbai,Beauty,Male,49,Regular,4,299,10,1076.4,Credit Card,Shipped
102452,CUST1074,2025-01-01,Delhi,Beauty,Male,37,New,3,5999,0,17997.0,UPI,Cancelled
102453,CUST1116,2025-07-10,Ahmedabad,Beauty,Female,31,Regular,3,2499,5,7122.15,Debit Card,Returned
102454,CUST1387,2025-01-28,Kolkata,Beauty,Female,19,New,3,1599,10,4317.3,Cash on Delivery,Shipped
102455,CUST1226,2025-01-04,Delhi,Groceries,Female,32,Premium,1,999,20,799.2,UPI,Cancelled
102456,CUST1117,2026-08-14,Vijayawada,Mobiles,Male,42,Regular,2,499,25,748.5,Net Banking,Shipped
102457,CUST1052,2025-10-14,Mumbai,Home & Kitchen,Male,23,Premium,1,199,10,179.1,Cash on Delivery,Shipped
102458,CUST1492,2025-05-12,Guntur,Groceries,Male,23,Premium,5,499,10,2245.5,UPI,Returned
102459,CUST1492,2026-08-21,Pune,Mobiles,Female,54,Regular,4,5999,0,23996.0,Debit Card,Returned
102460,CUST1139,2026-09-07,Guntur,Mobiles,Male,25,Regular,1,1299,5,1234.05,Net Banking,Returned
102461,CUST1098,2025-12-10,Kolkata,Clothing,Male,45,New,4,1299,20,4156.8,Cash on Delivery,Shipped
102462,CUST1418,2025-11-17,Chennai,Clothing,Male,47,Regular,4,799,0,3196.0,Debit Card,Returned
102463,CUST1313,2025-07-02,Ahmedabad,Beauty,Male,49,Premium,4,299,15,1016.6,Net Banking,Delivered
102464,CUST1595,2025-04-01,Ahmedabad,Electronics,Female,51,New,5,799,20,3196.0,UPI,Delivered
102465,CUST1437,2025-08-01,Delhi,Sports,Male,28,New,1,1999,0,1999.0,Cash on Delivery,Shipped
102466,CUST1079,2025-07-19,Delhi,Sports,Female,55,New,4,299,5,1136.2,UPI,Cancelled
102467,CUST1168,2026-09-09,Ahmedabad,Sports,Female,41,Premium,1,799,15,679.15,Debit Card,Shipped
102468,CUST1562,2025-12-16,Guntur,Home & Kitchen,Female,35,Premium,4,799,25,2397.0,Credit Card,Shipped
102469,CUST1449,2025-05-29,Bengaluru,Clothing,Male,38,Premium,3,1299,0,3897.0,UPI,Cancelled
102470,CUST1187,2026-05-21,Chennai,Beauty,Male,25,Premium,4,499,0,1996.0,Net Banking,Returned
102471,CUST1367,2025-08-27,Bengaluru,Clothing,Male,53,Regular,5,3999,10,17995.5,Debit Card,Shipped
102472,CUST1054,2025-04-07,Ahmedabad,Groceries,Male,48,Premium,3,1599,5,4557.15,Cash on Delivery,Cancelled
102473,CUST1314,2025-02-17,Pune,Mobiles,Male,35,Premium,5,1599,25,5996.25,UPI,Shipped
102474,CUST1193,2025-04-21,Pune,Clothing,Female,43,Premium,4,1999,25,5997.0,UPI,Delivered
102475,CUST1197,2025-07-31,Mumbai,Mobiles,Male,48,Premium,2,3999,15,6798.3,Credit Card,Delivered
102476,CUST1185,2026-05-06,Bengaluru,Home & Kitchen,Male,28,Premium,2,999,0,1998.0,Debit Card,Delivered
102477,CUST1252,2026-06-22,Vijayawada,Groceries,Female,38,Regular,2,199,15,338.3,UPI,Delivered
102478,CUST1298,2026-07-12,Bengaluru,Home & Kitchen,Female,53,Regular,1,5999,10,5399.1,Credit Card,Delivered
102479,CUST1008,2025-06-11,Ahmedabad,Books,Female,44,Regular,3,799,10,2157.3,UPI,Delivered
102480,CUST1345,2026-06-12,Mumbai,Books,Male,54,Regular,4,5999,0,23996.0,UPI,Cancelled
102481,CUST1553,2026-05-22,Ahmedabad,Clothing,Male,47,New,3,799,20,1917.6,Debit Card,Cancelled
102482,CUST1058,2025-05-18,Kolkata,Home & Kitchen,Female,22,Premium,3,1299,0,3897.0,UPI,Delivered
102483,CUST1274,2025-07-24,Vijayawada,Home & Kitchen,Male,29,New,3,1599,10,4317.3,Cash on Delivery,Returned
102484,CUST1434,2026-01-26,Ahmedabad,Home & Kitchen,Male,54,Regular,4,3999,25,11997.0,Credit Card,Shipped
102485,CUST1257,2026-07-05,Guntur,Clothing,Male,19,Premium,4,299,20,956.8,Credit Card,Cancelled
102486,CUST1153,2025-05-10,Bengaluru,Electronics,Female,45,Premium,3,5999,25,13497.75,Credit Card,Shipped
102487,CUST1308,2025-10-04,Kolkata,Groceries,Male,34,New,4,799,5,3036.2,Cash on Delivery,Cancelled
102488,CUST1261,2025-04-15,Hyderabad,Beauty,Female,36,New,5,1599,15,6795.75,Debit Card,Shipped
102489,CUST1137,2026-07-30,Kolkata,Sports,Female,19,Regular,2,1599,20,2558.4,Debit Card,Shipped
102490,CUST1168,2025-12-15,Kolkata,Sports,Female,48,Premium,1,3999,10,3599.1,UPI,Shipped
102491,CUST1291,2026-08-06,Pune,Groceries,Female,24,Regular,4,3999,15,13596.6,Cash on Delivery,Cancelled
102492,CUST1563,2025-02-15,Kolkata,Groceries,Male,20,Premium,3,1999,0,5997.0,Net Banking,Cancelled
102493,CUST1467,2025-10-08,Chennai,Books,Female,43,Premium,2,2499,20,3998.4,Cash on Delivery,Returned
102494,CUST1594,2026-03-17,Bengaluru,Mobiles,Male,44,Premium,4,3999,20,12796.8,UPI,Returned
102495,CUST1088,2025-01-23,Bengaluru,Mobiles,Male,23,New,4,3999,0,15996.0,Credit Card,Cancelled
102496,CUST1492,2026-04-04,Pune,Beauty,Female,38,New,1,1299,15,1104.15,Debit Card,Delivered
102497,CUST1099,2026-07-10,Mumbai,Mobiles,Female,34,Premium,5,1599,0,7995.0,Credit Card,Shipped
102498,CUST1446,2025-10-18,Ahmedabad,Sports,Male,35,Regular,2,1299,20,2078.4,UPI,Cancelled
102499,CUST1497,2026-02-23,Pune,Books,Male,26,Premium,4,3999,5,15196.2,Debit Card,Shipped
102500,CUST1550,2026-07-29,Ahmedabad,Home & Kitchen,Female,46,New,4,299,15,1016.6,Debit Card,Delivered
102501,CUST1247,2025-05-14,Kolkata,Sports,Female,45,Premium,3,199,25,447.75,Credit Card,Returned
102502,CUST1422,2025-11-05,Chennai,Books,Male,44,Premium,5,299,25,1121.25,UPI,Returned
102503,CUST1227,2025-07-20,Hyderabad,Clothing,Male,23,New,3,2499,10,6747.3,Cash on Delivery,Returned
102504,CUST1214,2026-09-08,Hyderabad,Books,Female,27,Premium,3,299,20,717.6,Cash on Delivery,Returned
102505,CUST1050,2025-12-25,Chennai,Beauty,Female,44,New,5,1599,15,6795.75,UPI,Shipped
102506,CUST1289,2026-03-09,Chennai,Books,Female,50,Premium,2,999,10,1798.2,Cash on Delivery,Shipped
102507,CUST1155,2025-08-27,Chennai,Groceries,Female,46,Premium,1,2499,0,2499.0,Cash on Delivery,Delivered
102508,CUST1128,2026-05-04,Delhi,Books,Female,40,Regular,1,1999,5,1899.05,Cash on Delivery,Returned
102509,CUST1251,2025-06-27,Mumbai,Mobiles,Female,20,Premium,4,499,15,1696.6,Net Banking,Returned
102510,CUST1280,2026-05-23,Bengaluru,Groceries,Female,50,Premium,3,1999,10,5397.3,Debit Card,Shipped
102511,CUST1471,2026-08-25,Bengaluru,Electronics,Male,48,Regular,3,799,15,2037.45,Cash on Delivery,Returned
102512,CUST1272,2026-07-25,Vijayawada,Electronics,Female,44,Regular,4,999,0,3996.0,Debit Card,Delivered
102513,CUST1205,2025-11-12,Bengaluru,Clothing,Male,38,Regular,5,1999,10,8995.5,Credit Card,Shipped
102514,CUST1034,2025-03-02,Hyderabad,Books,Male,44,Regular,5,3999,0,19995.0,Cash on Delivery,Cancelled
102515,CUST1298,2026-06-03,Bengaluru,Sports,Male,51,Regular,2,799,25,1198.5,Cash on Delivery,Cancelled
102516,CUST1134,2025-09-09,Mumbai,Beauty,Male,18,New,3,499,5,1422.15,Debit Card,Returned
102517,CUST1062,2025-01-30,Chennai,Books,Female,44,New,5,299,0,1495.0,UPI,Returned
102518,CUST1105,2025-11-18,Pune,Groceries,Female,35,Regular,1,299,20,239.2,Cash on Delivery,Delivered
102519,CUST1436,2025-11-16,Guntur,Beauty,Female,18,Regular,3,1999,15,5097.45,Cash on Delivery,Returned
102520,CUST1017,2026-02-14,Pune,Home & Kitchen,Female,43,Regular,4,2499,5,9496.2,Net Banking,Cancelled
102521,CUST1070,2025-01-18,Bengaluru,Home & Kitchen,Male,32,New,5,5999,20,23996.0,Credit Card,Shipped
102522,CUST1324,2026-05-24,Bengaluru,Mobiles,Male,52,Regular,4,999,0,3996.0,Credit Card,Shipped
102523,CUST1069,2025-03-10,Chennai,Clothing,Female,42,New,3,199,10,537.3,Debit Card,Returned
102524,CUST1566,2025-11-11,Ahmedabad,Clothing,Female,47,Premium,4,799,5,3036.2,Net Banking,Cancelled
102525,CUST1310,2025-06-21,Vijayawada,Electronics,Male,38,Premium,3,1999,10,5397.3,Debit Card,Cancelled
102526,CUST1232,2025-04-16,Kolkata,Mobiles,Male,40,New,1,5999,5,5699.05,Net Banking,Returned
102527,CUST1310,2026-02-28,Guntur,Groceries,Male,31,Regular,3,1999,15,5097.45,UPI,Shipped
102528,CUST1383,2025-01-09,Chennai,Books,Female,38,Premium,2,1299,20,2078.4,UPI,Cancelled
102529,CUST1374,2025-08-04,Vijayawada,Clothing,Female,53,Premium,5,2499,20,9996.0,Debit Card,Cancelled
102530,CUST1078,2025-03-01,Vijayawada,Beauty,Female,41,Premium,5,2499,10,11245.5,UPI,Returned
102531,CUST1221,2026-04-17,Kolkata,Groceries,Male,55,New,3,3999,5,11397.15,Debit Card,Delivered
102532,CUST1546,2026-07-15,Guntur,Books,Female,30,Regular,1,199,5,189.05,Credit Card,Shipped
102533,CUST1379,2025-11-16,Ahmedabad,Mobiles,Male,21,Premium,2,299,25,448.5,UPI,Shipped
102534,CUST1484,2025-03-06,Chennai,Books,Male,23,Regular,5,1299,5,6170.25,Cash on Delivery,Delivered
102535,CUST1365,2025-07-21,Pune,Groceries,Male,22,Regular,2,299,10,538.2,Credit Card,Delivered
102536,CUST1011,2025-07-14,Delhi,Mobiles,Male,24,New,1,999,10,899.1,Net Banking,Returned
102537,CUST1321,2026-01-05,Pune,Mobiles,Female,45,New,5,2499,10,11245.5,Debit Card,Cancelled
102538,CUST1189,2025-11-07,Ahmedabad,Clothing,Male,44,Premium,1,2499,25,1874.25,Net Banking,Cancelled
102539,CUST1315,2025-12-16,Guntur,Clothing,Male,44,New,2,199,15,338.3,Cash on Delivery,Returned
102540,CUST1540,2026-09-23,Vijayawada,Home & Kitchen,Female,26,Premium,1,199,0,199.0,UPI,Returned
102541,CUST1129,2026-07-03,Vijayawada,Clothing,Female,40,Premium,2,1599,20,2558.4,Cash on Delivery,Shipped
102542,CUST1150,2026-01-26,Hyderabad,Groceries,Female,49,Premium,5,3999,15,16995.75,UPI,Delivered
102543,CUST1143,2025-01-12,Pune,Mobiles,Male,26,Premium,3,3999,5,11397.15,Cash on Delivery,Delivered
102544,CUST1048,2025-07-26,Delhi,Books,Female,49,Premium,2,499,0,998.0,Credit Card,Cancelled
102545,CUST1149,2025-07-15,Ahmedabad,Sports,Male,36,Regular,5,1999,0,9995.0,Credit Card,Delivered
102546,CUST1151,2025-12-06,Kolkata,Beauty,Male,42,New,5,5999,0,29995.0,Debit Card,Delivered
102547,CUST1429,2025-06-27,Pune,Books,Female,34,Regular,2,999,0,1998.0,Cash on Delivery,Cancelled
102548,CUST1086,2025-02-12,Kolkata,Sports,Female,43,Premium,5,199,10,895.5,Debit Card,Shipped
102549,CUST1363,2025-02-06,Mumbai,Home & Kitchen,Male,50,Premium,1,1599,10,1439.1,Cash on Delivery,Returned
102550,CUST1244,2026-01-26,Guntur,Groceries,Female,21,Regular,3,1599,25,3597.75,Credit Card,Shipped
102551,CUST1199,2026-08-29,Kolkata,Beauty,Male,35,Regular,1,299,0,299.0,Net Banking,Cancelled
102552,CUST1016,2026-04-03,Chennai,Electronics,Male,39,New,1,3999,20,3199.2,Debit Card,Cancelled
102553,CUST1584,2025-09-09,Bengaluru,Books,Male,55,Premium,5,499,25,1871.25,UPI,Cancelled
102554,CUST1239,2026-04-16,Bengaluru,Mobiles,Male,53,New,5,199,10,895.5,Net Banking,Cancelled
102555,CUST1058,2025-04-06,Ahmedabad,Sports,Male,26,Premium,4,1999,5,7596.2,Cash on Delivery,Returned
102556,CUST1530,2025-01-09,Mumbai,Beauty,Female,42,Premium,5,999,20,3996.0,Credit Card,Shipped
102557,CUST1163,2026-01-12,Kolkata,Home & Kitchen,Male,25,Premium,5,5999,5,28495.25,Credit Card,Shipped
102558,CUST1448,2025-09-09,Kolkata,Sports,Female,52,Premium,3,799,0,2397.0,Debit Card,Returned
102559,CUST1515,2026-05-12,Hyderabad,Beauty,Female,38,Premium,4,5999,15,20396.6,Credit Card,Returned
102560,CUST1589,2025-10-03,Delhi,Sports,Male,23,New,3,3999,10,10797.3,Debit Card,Shipped
102561,CUST1338,2025-03-25,Ahmedabad,Home & Kitchen,Female,35,Premium,4,1299,10,4676.4,Cash on Delivery,Cancelled
102562,CUST1540,2025-03-31,Mumbai,Home & Kitchen,Female,46,Regular,1,5999,10,5399.1,UPI,Delivered
102563,CUST1230,2026-05-20,Bengaluru,Beauty,Female,38,New,4,999,10,3596.4,Debit Card,Returned
102564,CUST1452,2025-11-15,Kolkata,Beauty,Male,18,New,1,3999,15,3399.15,Net Banking,Shipped
102565,CUST1113,2025-12-26,Mumbai,Groceries,Male,23,Premium,5,499,0,2495.0,Debit Card,Returned
102566,CUST1130,2025-06-08,Kolkata,Books,Male,37,Premium,2,999,5,1898.1,Net Banking,Shipped
102567,CUST1050,2026-05-07,Ahmedabad,Books,Female,21,New,4,1599,20,5116.8,Net Banking,Delivered
102568,CUST1308,2025-10-09,Kolkata,Electronics,Male,39,New,1,799,5,759.05,Cash on Delivery,Shipped
102569,CUST1498,2026-01-19,Guntur,Sports,Female,34,Regular,5,1599,15,6795.75,Cash on Delivery,Delivered
102570,CUST1403,2025-12-20,Hyderabad,Beauty,Female,35,Premium,2,3999,5,7598.1,Cash on Delivery,Shipped
102571,CUST1341,2026-05-23,Chennai,Beauty,Female,54,New,2,199,25,298.5,UPI,Shipped
102572,CUST1158,2026-06-28,Kolkata,Sports,Male,28,New,3,1599,15,4077.45,Debit Card,Cancelled
102573,CUST1510,2025-08-11,Delhi,Sports,Female,53,New,5,799,0,3995.0,UPI,Shipped
102574,CUST1223,2026-01-31,Ahmedabad,Sports,Female,48,Premium,2,1599,10,2878.2,Net Banking,Cancelled
102575,CUST1575,2025-10-23,Ahmedabad,Electronics,Female,39,New,4,199,15,676.6,Net Banking,Delivered
102576,CUST1495,2026-09-14,Pune,Sports,Male,27,Premium,5,299,15,1270.75,Debit Card,Cancelled
102577,CUST1348,2025-04-09,Chennai,Clothing,Female,35,Premium,3,3999,5,11397.15,Net Banking,Shipped
102578,CUST1345,2026-06-17,Ahmedabad,Mobiles,Female,46,Regular,2,2499,25,3748.5,Cash on Delivery,Cancelled
102579,CUST1493,2026-01-24,Hyderabad,Sports,Female,37,Premium,3,3999,0,11997.0,Net Banking,Cancelled
102580,CUST1550,2025-08-04,Delhi,Mobiles,Male,39,Regular,3,799,15,2037.45,Net Banking,Shipped
102581,CUST1056,2025-05-25,Delhi,Beauty,Male,37,New,1,3999,10,3599.1,Debit Card,Shipped
102582,CUST1128,2026-01-04,Hyderabad,Electronics,Male,25,Regular,5,1999,15,8495.75,Debit Card,Returned
102583,CUST1270,2026-04-11,Chennai,Clothing,Female,52,Regular,2,999,20,1598.4,Credit Card,Shipped
102584,CUST1345,2025-12-27,Mumbai,Books,Male,32,Regular,3,1999,20,4797.6,Debit Card,Returned
102585,CUST1337,2025-11-13,Pune,Mobiles,Male,38,New,1,1599,20,1279.2,Credit Card,Shipped
102586,CUST1566,2026-07-04,Hyderabad,Sports,Female,37,Regular,3,1299,10,3507.3,Debit Card,Delivered
102587,CUST1544,2026-02-23,Bengaluru,Clothing,Male,44,New,4,199,5,756.2,Credit Card,Shipped
102588,CUST1019,2025-11-06,Delhi,Clothing,Female,43,Premium,4,199,10,716.4,Cash on Delivery,Delivered
102589,CUST1501,2025-09-18,Chennai,Books,Male,53,Regular,4,5999,20,19196.8,Debit Card,Cancelled
102590,CUST1291,2025-02-12,Pune,Beauty,Male,25,Regular,5,799,15,3395.75,UPI,Shipped
102591,CUST1080,2026-09-16,Delhi,Sports,Male,20,New,4,299,0,1196.0,Cash on Delivery,Delivered
102592,CUST1277,2026-01-28,Ahmedabad,Electronics,Female,52,Regular,4,3999,25,11997.0,Net Banking,Shipped
102593,CUST1101,2026-06-26,Mumbai,Home & Kitchen,Male,41,Premium,3,1299,25,2922.75,Credit Card,Returned
102594,CUST1362,2026-04-01,Chennai,Beauty,Female,33,Regular,4,5999,5,22796.2,Debit Card,Returned
102595,CUST1132,2025-02-16,Vijayawada,Groceries,Female,23,New,4,199,15,676.6,Credit Card,Cancelled
102596,CUST1077,2025-04-20,Bengaluru,Groceries,Male,47,Regular,2,3999,0,7998.0,Credit Card,Returned
102597,CUST1415,2025-11-14,Chennai,Sports,Female,54,Regular,5,799,15,3395.75,Cash on Delivery,Delivered
102598,CUST1012,2025-10-02,Hyderabad,Mobiles,Male,41,Premium,5,199,5,945.25,Cash on Delivery,Cancelled
102599,CUST1526,2026-07-29,Vijayawada,Sports,Male,44,New,2,1599,0,3198.0,Cash on Delivery,Cancelled
102600,CUST1400,2025-03-11,Mumbai,Clothing,Male,26,Premium,2,2499,20,3998.4,Credit Card,Shipped
102601,CUST1171,2025-06-20,Pune,Home & Kitchen,Female,23,New,1,999,25,749.25,Net Banking,Returned
102602,CUST1314,2026-07-14,Mumbai,Sports,Female,34,Premium,5,499,10,2245.5,Debit Card,Returned
102603,CUST1325,2026-01-17,Bengaluru,Books,Male,25,Premium,2,499,10,898.2,UPI,Cancelled
102604,CUST1193,2025-03-29,Kolkata,Electronics,Female,27,New,2,1599,15,2718.3,Credit Card,Delivered
102605,CUST1440,2026-08-31,Kolkata,Books,Male,52,Regular,2,1999,25,2998.5,Cash on Delivery,Delivered
102606,CUST1170,2025-09-24,Hyderabad,Clothing,Female,51,New,4,5999,5,22796.2,Credit Card,Shipped
102607,CUST1114,2025-11-28,Vijayawada,Mobiles,Male,52,New,3,199,0,597.0,Cash on Delivery,Delivered
102608,CUST1405,2025-07-20,Bengaluru,Mobiles,Female,20,Premium,1,2499,15,2124.15,Net Banking,Delivered
102609,CUST1557,2026-03-08,Chennai,Mobiles,Female,27,Premium,4,1599,0,6396.0,Net Banking,Cancelled
102610,CUST1495,2025-01-03,Guntur,Beauty,Male,24,Regular,4,1599,25,4797.0,Credit Card,Delivered
102611,CUST1405,2025-10-16,Kolkata,Electronics,Female,24,Premium,5,2499,20,9996.0,Cash on Delivery,Shipped
102612,CUST1397,2025-02-15,Bengaluru,Sports,Female,34,Premium,2,5999,5,11398.1,Cash on Delivery,Returned
102613,CUST1086,2025-11-02,Mumbai,Electronics,Female,32,Premium,1,3999,20,3199.2,UPI,Returned
102614,CUST1499,2025-09-14,Hyderabad,Groceries,Female,26,Regular,5,199,20,796.0,UPI,Returned
102615,CUST1383,2025-02-24,Kolkata,Clothing,Male,43,Premium,1,2499,0,2499.0,Credit Card,Returned
102616,CUST1180,2026-04-21,Guntur,Sports,Male,22,Premium,1,1999,10,1799.1,Credit Card,Returned
102617,CUST1004,2025-05-22,Vijayawada,Home & Kitchen,Male,45,Premium,3,499,15,1272.45,UPI,Returned
102618,CUST1145,2026-01-11,Ahmedabad,Groceries,Male,41,Premium,3,2499,0,7497.0,Credit Card,Cancelled
102619,CUST1005,2025-07-16,Mumbai,Sports,Female,33,Regular,5,5999,0,29995.0,UPI,Returned
102620,CUST1588,2025-11-15,Chennai,Sports,Male,19,New,3,999,15,2547.45,UPI,Cancelled
102621,CUST1251,2025-02-18,Chennai,Clothing,Female,41,Premium,1,499,20,399.2,Net Banking,Returned
102622,CUST1348,2026-08-03,Ahmedabad,Mobiles,Male,49,Regular,5,199,5,945.25,UPI,Returned
102623,CUST1421,2025-01-28,Kolkata,Mobiles,Male,54,Regular,2,199,10,358.2,UPI,Shipped
102624,CUST1096,2025-09-17,Mumbai,Books,Male,53,Premium,4,199,10,716.4,Debit Card,Shipped
102625,CUST1266,2025-09-02,Guntur,Mobiles,Female,47,Regular,4,1599,20,5116.8,Cash on Delivery,Delivered
102626,CUST1318,2025-01-10,Pune,Mobiles,Male,23,Premium,4,999,5,3796.2,Cash on Delivery,Shipped
102627,CUST1271,2025-02-15,Ahmedabad,Beauty,Female,39,Regular,2,799,5,1518.1,Debit Card,Cancelled
102628,CUST1288,2025-04-30,Kolkata,Electronics,Female,46,Premium,1,999,20,799.2,Credit Card,Delivered
102629,CUST1021,2026-07-09,Pune,Books,Male,48,New,1,1299,15,1104.15,Cash on Delivery,Cancelled
102630,CUST1121,2026-08-17,Guntur,Clothing,Male,48,Premium,3,1999,15,5097.45,Cash on Delivery,Returned
102631,CUST1360,2025-11-11,Mumbai,Sports,Female,27,Premium,4,1299,10,4676.4,Net Banking,Returned
102632,CUST1591,2025-06-05,Chennai,Books,Female,35,Premium,2,1599,25,2398.5,UPI,Shipped
102633,CUST1265,2026-08-17,Mumbai,Sports,Female,18,Regular,1,3999,20,3199.2,Cash on Delivery,Shipped
102634,CUST1136,2026-02-22,Mumbai,Mobiles,Male,46,Regular,1,799,20,639.2,Cash on Delivery,Returned
102635,CUST1211,2026-09-03,Ahmedabad,Beauty,Male,42,New,3,1999,0,5997.0,Cash on Delivery,Returned
102636,CUST1088,2026-08-27,Hyderabad,Mobiles,Male,40,New,2,1999,0,3998.0,Credit Card,Returned
102637,CUST1417,2025-06-26,Kolkata,Home & Kitchen,Female,30,New,2,5999,0,11998.0,Credit Card,Shipped
102638,CUST1236,2025-09-05,Bengaluru,Books,Female,19,Regular,1,499,5,474.05,UPI,Returned
102639,CUST1003,2026-08-03,Mumbai,Sports,Male,30,Regular,3,799,25,1797.75,Cash on Delivery,Returned
102640,CUST1093,2025-11-27,Vijayawada,Sports,Male,48,Premium,2,3999,10,7198.2,UPI,Delivered
102641,CUST1570,2026-01-27,Pune,Books,Female,39,New,3,999,20,2397.6,UPI,Delivered
102642,CUST1171,2026-08-16,Pune,Sports,Female,27,Premium,5,199,10,895.5,UPI,Cancelled
102643,CUST1136,2025-09-11,Pune,Sports,Male,48,Premium,4,1599,10,5756.4,Cash on Delivery,Returned
102644,CUST1185,2026-07-12,Hyderabad,Groceries,Male,28,New,4,199,25,597.0,Credit Card,Delivered
102645,CUST1334,2026-05-08,Kolkata,Beauty,Female,31,Premium,1,299,20,239.2,Net Banking,Shipped
102646,CUST1496,2026-07-07,Vijayawada,Mobiles,Male,22,Regular,4,3999,20,12796.8,Credit Card,Cancelled
102647,CUST1591,2026-08-05,Guntur,Mobiles,Female,37,Regular,3,1599,5,4557.15,UPI,Returned
102648,CUST1555,2025-01-09,Kolkata,Electronics,Female,18,New,2,799,5,1518.1,Debit Card,Delivered
102649,CUST1320,2025-02-12,Pune,Clothing,Male,19,New,2,2499,15,4248.3,Credit Card,Delivered
102650,CUST1376,2025-03-26,Bengaluru,Clothing,Female,35,Premium,4,1299,10,4676.4,Cash on Delivery,Shipped
102651,CUST1426,2025-03-11,Vijayawada,Mobiles,Female,19,New,1,999,15,849.15,Debit Card,Shipped
102652,CUST1283,2026-02-20,Vijayawada,Electronics,Male,43,New,5,1999,10,8995.5,Cash on Delivery,Cancelled
102653,CUST1014,2025-10-27,Ahmedabad,Sports,Female,27,New,5,799,5,3795.25,Net Banking,Shipped
102654,CUST1437,2026-02-12,Hyderabad,Clothing,Female,39,Regular,5,5999,0,29995.0,Net Banking,Shipped
102655,CUST1078,2025-08-23,Bengaluru,Sports,Male,47,New,2,1599,15,2718.3,UPI,Cancelled
102656,CUST1509,2025-02-15,Ahmedabad,Mobiles,Male,19,Premium,1,3999,15,3399.15,Credit Card,Cancelled
102657,CUST1123,2025-03-17,Kolkata,Home & Kitchen,Female,26,New,5,499,0,2495.0,Credit Card,Shipped
102658,CUST1590,2026-08-02,Chennai,Mobiles,Female,50,New,4,199,10,716.4,Net Banking,Delivered
102659,CUST1331,2025-12-18,Guntur,Clothing,Female,31,Premium,5,5999,10,26995.5,Cash on Delivery,Delivered
102660,CUST1478,2025-10-17,Pune,Mobiles,Female,25,Regular,5,499,0,2495.0,Credit Card,Cancelled
102661,CUST1422,2026-07-29,Vijayawada,Beauty,Male,40,Premium,4,799,20,2556.8,UPI,Shipped
102662,CUST1589,2025-03-13,Delhi,Mobiles,Male,45,Premium,2,999,25,1498.5,Cash on Delivery,Returned
102663,CUST1314,2025-06-25,Chennai,Sports,Female,47,Premium,3,999,5,2847.15,Cash on Delivery,Shipped
102664,CUST1113,2026-09-11,Pune,Beauty,Female,32,Premium,4,1299,15,4416.6,UPI,Shipped
102665,CUST1277,2026-09-21,Kolkata,Electronics,Female,26,Regular,5,199,5,945.25,Cash on Delivery,Returned
102666,CUST1294,2025-02-21,Hyderabad,Clothing,Female,40,Regular,1,199,20,159.2,Credit Card,Returned
102667,CUST1416,2026-03-02,Mumbai,Home & Kitchen,Male,41,Regular,2,999,5,1898.1,Net Banking,Shipped
102668,CUST1237,2025-02-03,Hyderabad,Clothing,Female,21,New,2,1599,20,2558.4,Debit Card,Shipped
102669,CUST1117,2026-04-23,Delhi,Home & Kitchen,Male,43,Regular,2,299,25,448.5,UPI,Cancelled
102670,CUST1014,2026-05-19,Hyderabad,Clothing,Female,26,Premium,3,1599,20,3837.6,Credit Card,Shipped
102671,CUST1280,2025-12-04,Delhi,Books,Male,28,Premium,5,2499,25,9371.25,Net Banking,Shipped
102672,CUST1426,2025-11-27,Delhi,Mobiles,Male,40,New,5,1599,25,5996.25,Net Banking,Delivered
102673,CUST1309,2025-06-22,Delhi,Groceries,Female,38,New,2,1599,5,3038.1,UPI,Shipped
102674,CUST1589,2025-05-27,Hyderabad,Electronics,Female,37,Regular,5,3999,0,19995.0,Cash on Delivery,Delivered
102675,CUST1516,2025-11-16,Delhi,Groceries,Female,38,Regular,3,499,15,1272.45,UPI,Cancelled
102676,CUST1505,2025-06-30,Ahmedabad,Home & Kitchen,Male,45,Regular,2,299,15,508.3,Debit Card,Cancelled
102677,CUST1314,2026-08-08,Chennai,Beauty,Male,35,Regular,2,3999,5,7598.1,Credit Card,Shipped
102678,CUST1572,2025-12-22,Chennai,Sports,Female,30,New,2,2499,15,4248.3,Net Banking,Delivered
102679,CUST1239,2025-08-15,Bengaluru,Sports,Male,31,New,2,199,15,338.3,Credit Card,Shipped
102680,CUST1157,2026-03-10,Bengaluru,Mobiles,Female,19,Premium,3,299,5,852.15,Net Banking,Cancelled
102681,CUST1248,2025-07-15,Chennai,Sports,Male,38,New,4,499,0,1996.0,Cash on Delivery,Delivered
102682,CUST1099,2025-05-09,Hyderabad,Mobiles,Male,41,Regular,2,499,10,898.2,Debit Card,Returned
102683,CUST1054,2025-02-25,Bengaluru,Home & Kitchen,Male,37,Regular,5,999,25,3746.25,Cash on Delivery,Cancelled
102684,CUST1161,2025-03-14,Pune,Sports,Male,26,Regular,1,3999,20,3199.2,Credit Card,Delivered
102685,CUST1094,2026-05-13,Chennai,Sports,Male,40,Premium,5,299,20,1196.0,Credit Card,Cancelled
102686,CUST1482,2026-09-18,Guntur,Sports,Female,38,Regular,3,299,20,717.6,Cash on Delivery,Delivered
102687,CUST1528,2026-02-06,Vijayawada,Books,Female,33,New,4,799,5,3036.2,Cash on Delivery,Delivered
102688,CUST1550,2026-02-25,Pune,Beauty,Male,38,New,2,299,25,448.5,UPI,Delivered
102689,CUST1043,2026-04-15,Bengaluru,Home & Kitchen,Male,38,Premium,4,299,10,1076.4,Net Banking,Returned
102690,CUST1431,2026-05-28,Ahmedabad,Mobiles,Female,22,Regular,3,5999,25,13497.75,Credit Card,Shipped
102691,CUST1039,2026-03-09,Guntur,Electronics,Male,36,Regular,1,2499,0,2499.0,UPI,Delivered
102692,CUST1526,2025-08-10,Kolkata,Clothing,Male,20,Regular,5,499,15,2120.75,Cash on Delivery,Delivered
102693,CUST1117,2026-01-31,Mumbai,Mobiles,Female,23,Premium,2,2499,20,3998.4,Debit Card,Returned
102694,CUST1037,2026-09-03,Ahmedabad,Beauty,Female,43,Premium,1,1299,25,974.25,Net Banking,Shipped
102695,CUST1036,2026-01-25,Hyderabad,Mobiles,Male,49,New,4,499,20,1596.8,UPI,Delivered
102696,CUST1198,2025-10-25,Delhi,Groceries,Female,44,Regular,4,499,25,1497.0,UPI,Returned
102697,CUST1228,2026-06-13,Hyderabad,Beauty,Female,51,Premium,2,199,20,318.4,Net Banking,Cancelled
102698,CUST1562,2025-04-16,Chennai,Beauty,Female,23,Regular,3,1299,10,3507.3,Cash on Delivery,Returned
102699,CUST1389,2025-09-27,Kolkata,Beauty,Female,41,New,5,199,15,845.75,Net Banking,Cancelled
102700,CUST1312,2026-05-19,Pune,Beauty,Male,40,Premium,1,299,15,254.15,Net Banking,Cancelled
102701,CUST1092,2026-02-16,Kolkata,Electronics,Female,31,Premium,2,999,5,1898.1,Credit Card,Delivered
102702,CUST1355,2025-02-03,Mumbai,Sports,Male,33,Regular,2,1299,20,2078.4,Cash on Delivery,Returned
102703,CUST1102,2025-09-05,Mumbai,Mobiles,Female,24,Premium,1,5999,5,5699.05,Credit Card,Returned
102704,CUST1493,2025-04-21,Vijayawada,Electronics,Male,27,Regular,3,999,20,2397.6,UPI,Shipped
102705,CUST1025,2026-01-19,Hyderabad,Sports,Female,55,New,3,1299,10,3507.3,Net Banking,Delivered
102706,CUST1582,2026-08-01,Delhi,Beauty,Female,33,Premium,5,2499,5,11870.25,Net Banking,Returned
102707,CUST1402,2025-05-19,Chennai,Electronics,Male,36,New,3,1599,0,4797.0,Net Banking,Shipped
102708,CUST1082,2025-03-02,Bengaluru,Groceries,Female,28,Premium,1,199,20,159.2,Debit Card,Shipped
102709,CUST1449,2025-01-19,Ahmedabad,Beauty,Female,35,Regular,4,999,0,3996.0,Cash on Delivery,Shipped
102710,CUST1200,2026-06-09,Pune,Clothing,Female,28,New,5,1999,25,7496.25,Debit Card,Shipped
102711,CUST1058,2026-04-09,Hyderabad,Home & Kitchen,Male,33,New,3,5999,15,15297.45,Credit Card,Shipped
102712,CUST1480,2025-10-21,Delhi,Clothing,Male,41,New,1,1299,15,1104.15,Debit Card,Delivered
102713,CUST1170,2025-09-26,Kolkata,Electronics,Female,22,Regular,1,2499,25,1874.25,Cash on Delivery,Returned
102714,CUST1223,2025-02-14,Ahmedabad,Home & Kitchen,Female,51,Premium,5,299,5,1420.25,Debit Card,Cancelled
102715,CUST1571,2026-05-13,Mumbai,Groceries,Female,23,Regular,5,199,20,796.0,Credit Card,Returned
102716,CUST1289,2026-02-05,Bengaluru,Books,Male,18,New,5,1299,20,5196.0,Credit Card,Cancelled
102717,CUST1558,2026-07-23,Mumbai,Groceries,Male,33,Regular,2,999,20,1598.4,Credit Card,Returned
102718,CUST1232,2025-03-20,Guntur,Clothing,Male,27,Regular,3,1299,0,3897.0,Cash on Delivery,Delivered
102719,CUST1588,2025-09-27,Mumbai,Electronics,Female,23,New,1,3999,5,3799.05,Debit Card,Returned
102720,CUST1128,2025-04-05,Guntur,Home & Kitchen,Female,42,Premium,5,3999,25,14996.25,Net Banking,Shipped
102721,CUST1566,2025-11-08,Chennai,Books,Male,20,New,4,1599,20,5116.8,Debit Card,Delivered
102722,CUST1529,2025-10-15,Guntur,Clothing,Male,37,New,1,799,0,799.0,Debit Card,Delivered
102723,CUST1119,2025-08-26,Delhi,Electronics,Female,37,Regular,2,1299,25,1948.5,UPI,Cancelled
102724,CUST1282,2026-03-01,Hyderabad,Beauty,Female,24,Regular,1,3999,25,2999.25,Net Banking,Returned
102725,CUST1203,2026-06-24,Guntur,Books,Female,42,Regular,2,299,0,598.0,Debit Card,Returned
102726,CUST1484,2025-05-09,Ahmedabad,Books,Male,47,Premium,2,1999,10,3598.2,Debit Card,Delivered
102727,CUST1265,2025-08-16,Ahmedabad,Mobiles,Male,32,New,2,1999,10,3598.2,Net Banking,Delivered
102728,CUST1092,2025-08-23,Vijayawada,Beauty,Female,22,New,4,3999,10,14396.4,Cash on Delivery,Delivered
102729,CUST1360,2025-08-18,Chennai,Clothing,Male,40,Regular,2,1599,15,2718.3,Cash on Delivery,Shipped
102730,CUST1547,2025-03-31,Ahmedabad,Beauty,Female,36,Regular,1,299,0,299.0,UPI,Shipped
102731,CUST1398,2025-11-26,Bengaluru,Electronics,Male,35,Regular,2,1599,0,3198.0,Debit Card,Returned
102732,CUST1388,2026-04-21,Ahmedabad,Books,Female,51,New,5,999,20,3996.0,Cash on Delivery,Delivered
102733,CUST1055,2025-09-10,Delhi,Mobiles,Male,22,Regular,4,299,0,1196.0,Cash on Delivery,Shipped
102734,CUST1203,2026-05-08,Chennai,Electronics,Female,51,New,3,3999,10,10797.3,UPI,Delivered
102735,CUST1434,2026-03-29,Hyderabad,Electronics,Female,19,New,1,3999,25,2999.25,UPI,Cancelled
102736,CUST1343,2025-10-21,Ahmedabad,Beauty,Female,35,New,3,299,10,807.3,Credit Card,Shipped
102737,CUST1417,2026-06-16,Pune,Sports,Male,32,Premium,3,5999,20,14397.6,UPI,Returned
102738,CUST1250,2025-01-28,Hyderabad,Electronics,Female,55,Premium,2,799,10,1438.2,Credit Card,Returned
102739,CUST1396,2026-02-18,Guntur,Mobiles,Female,33,New,3,799,25,1797.75,Cash on Delivery,Shipped
102740,CUST1159,2026-08-05,Bengaluru,Mobiles,Male,30,Premium,3,1599,25,3597.75,Net Banking,Cancelled
102741,CUST1250,2026-06-23,Ahmedabad,Home & Kitchen,Female,42,Premium,4,1299,25,3897.0,Cash on Delivery,Delivered
102742,CUST1591,2025-09-25,Chennai,Clothing,Female,42,Regular,1,799,10,719.1,UPI,Returned
102743,CUST1104,2025-01-07,Delhi,Groceries,Female,47,Premium,3,1299,20,3117.6,Credit Card,Delivered
102744,CUST1026,2025-05-05,Mumbai,Groceries,Female,34,Regular,4,499,10,1796.4,Debit Card,Returned
102745,CUST1459,2025-08-02,Hyderabad,Clothing,Female,38,Regular,5,2499,25,9371.25,Cash on Delivery,Delivered
102746,CUST1136,2025-08-25,Delhi,Clothing,Female,43,Premium,5,799,10,3595.5,Net Banking,Shipped
102747,CUST1057,2026-01-06,Pune,Electronics,Male,42,New,3,499,20,1197.6,UPI,Delivered
102748,CUST1057,2025-03-24,Guntur,Sports,Female,22,Regular,1,5999,25,4499.25,UPI,Returned
102749,CUST1527,2025-07-17,Guntur,Home & Kitchen,Male,32,New,5,999,10,4495.5,UPI,Shipped
102750,CUST1385,2025-07-17,Ahmedabad,Electronics,Female,48,New,5,999,25,3746.25,Credit Card,Shipped
102751,CUST1269,2025-03-17,Kolkata,Clothing,Female,47,Premium,1,999,25,749.25,Credit Card,Returned
102752,CUST1142,2026-01-07,Vijayawada,Clothing,Male,26,New,3,1599,0,4797.0,Cash on Delivery,Shipped
102753,CUST1125,2025-03-25,Delhi,Beauty,Male,32,New,5,1599,10,7195.5,Credit Card,Shipped
102754,CUST1447,2026-02-28,Ahmedabad,Groceries,Female,50,New,3,299,25,672.75,Debit Card,Delivered
102755,CUST1016,2026-02-28,Chennai,Home & Kitchen,Male,54,Premium,4,1599,10,5756.4,UPI,Shipped
102756,CUST1153,2025-07-03,Mumbai,Mobiles,Male,29,Regular,3,499,20,1197.6,Net Banking,Shipped
102757,CUST1582,2026-04-18,Pune,Home & Kitchen,Male,38,New,5,999,20,3996.0,Net Banking,Returned
102758,CUST1533,2025-09-21,Bengaluru,Groceries,Female,52,Regular,3,999,25,2247.75,Net Banking,Delivered
102759,CUST1227,2025-04-29,Hyderabad,Beauty,Female,19,Premium,1,999,5,949.05,Net Banking,Delivered
102760,CUST1088,2025-11-25,Pune,Sports,Female,21,Premium,5,1999,15,8495.75,Cash on Delivery,Shipped
102761,CUST1054,2026-05-09,Vijayawada,Sports,Male,27,New,5,1999,20,7996.0,Debit Card,Returned
102762,CUST1423,2025-08-30,Vijayawada,Beauty,Female,19,New,4,499,0,1996.0,Credit Card,Shipped
102763,CUST1549,2025-11-28,Hyderabad,Home & Kitchen,Female,40,Premium,5,999,0,4995.0,Net Banking,Returned
102764,CUST1201,2026-04-25,Ahmedabad,Sports,Female,55,Regular,2,1999,20,3198.4,Debit Card,Delivered
102765,CUST1463,2026-08-01,Bengaluru,Clothing,Male,22,Regular,2,999,25,1498.5,Credit Card,Returned
102766,CUST1541,2026-04-12,Mumbai,Home & Kitchen,Female,43,Premium,1,799,25,599.25,Cash on Delivery,Returned
102767,CUST1569,2025-04-17,Bengaluru,Home & Kitchen,Male,31,New,1,499,10,449.1,UPI,Delivered
102768,CUST1521,2026-01-06,Vijayawada,Home & Kitchen,Female,53,New,4,799,0,3196.0,Net Banking,Returned
102769,CUST1484,2025-08-17,Kolkata,Groceries,Male,28,Premium,2,299,0,598.0,Cash on Delivery,Shipped
102770,CUST1358,2026-03-14,Vijayawada,Home & Kitchen,Male,48,New,3,999,20,2397.6,UPI,Delivered
102771,CUST1142,2026-04-05,Kolkata,Mobiles,Female,22,Regular,1,2499,10,2249.1,Credit Card,Returned
102772,CUST1406,2026-09-20,Pune,Clothing,Male,38,Regular,4,799,25,2397.0,Debit Card,Delivered
102773,CUST1034,2025-01-20,Kolkata,Clothing,Female,52,Regular,1,1299,0,1299.0,Credit Card,Shipped
102774,CUST1049,2026-03-16,Hyderabad,Groceries,Female,18,Regular,2,799,25,1198.5,Credit Card,Shipped
102775,CUST1542,2025-09-04,Chennai,Electronics,Male,35,Premium,3,199,5,567.15,Credit Card,Cancelled
102776,CUST1589,2025-07-22,Guntur,Beauty,Male,53,New,4,1299,5,4936.2,Net Banking,Delivered
102777,CUST1433,2026-03-02,Mumbai,Beauty,Female,37,New,4,799,0,3196.0,Credit Card,Shipped
102778,CUST1259,2025-01-02,Guntur,Electronics,Female,24,Regular,3,1299,10,3507.3,Cash on Delivery,Cancelled
102779,CUST1560,2026-08-18,Bengaluru,Books,Female,53,New,4,199,0,796.0,UPI,Cancelled
102780,CUST1147,2025-04-08,Ahmedabad,Beauty,Male,51,New,4,1599,10,5756.4,Net Banking,Shipped
102781,CUST1007,2025-10-30,Pune,Electronics,Female,54,Premium,1,299,10,269.1,Cash on Delivery,Delivered
102782,CUST1340,2025-07-19,Pune,Home & Kitchen,Male,28,New,1,1299,5,1234.05,Net Banking,Delivered
102783,CUST1467,2025-11-29,Delhi,Books,Male,40,Regular,5,2499,5,11870.25,UPI,Cancelled
102784,CUST1204,2026-05-24,Ahmedabad,Sports,Male,24,New,4,499,10,1796.4,UPI,Cancelled
102785,CUST1446,2025-06-12,Vijayawada,Mobiles,Female,52,Premium,3,1299,20,3117.6,Net Banking,Shipped
102786,CUST1456,2026-02-16,Bengaluru,Electronics,Male,19,Regular,1,799,0,799.0,Debit Card,Delivered
102787,CUST1443,2026-08-31,Guntur,Books,Male,29,Premium,4,299,20,956.8,Credit Card,Cancelled
102788,CUST1374,2025-12-03,Ahmedabad,Home & Kitchen,Male,38,Premium,3,5999,25,13497.75,Debit Card,Returned
102789,CUST1091,2026-03-30,Guntur,Groceries,Female,55,Premium,3,1999,15,5097.45,Credit Card,Delivered
102790,CUST1147,2025-11-09,Delhi,Books,Female,24,New,3,1999,15,5097.45,Cash on Delivery,Delivered
102791,CUST1585,2026-07-17,Delhi,Electronics,Male,40,Premium,5,1299,20,5196.0,Credit Card,Shipped
102792,CUST1535,2025-04-30,Ahmedabad,Beauty,Male,18,Premium,2,799,15,1358.3,Credit Card,Cancelled
102793,CUST1073,2026-04-15,Vijayawada,Groceries,Male,49,Regular,4,5999,25,17997.0,Cash on Delivery,Delivered
102794,CUST1491,2025-04-30,Ahmedabad,Home & Kitchen,Female,24,Premium,2,3999,20,6398.4,Debit Card,Returned
102795,CUST1498,2025-02-19,Kolkata,Sports,Male,50,Regular,2,799,20,1278.4,Net Banking,Returned
102796,CUST1241,2026-06-09,Ahmedabad,Mobiles,Female,33,New,1,2499,10,2249.1,Net Banking,Delivered
102797,CUST1292,2025-01-05,Ahmedabad,Books,Female,38,Regular,4,799,15,2716.6,Debit Card,Cancelled
102798,CUST1413,2025-10-11,Ahmedabad,Home & Kitchen,Female,26,Regular,1,199,15,169.15,Debit Card,Cancelled
102799,CUST1582,2025-08-26,Guntur,Beauty,Male,34,New,3,1999,10,5397.3,Debit Card,Shipped
102800,CUST1582,2026-09-18,Hyderabad,Mobiles,Female,41,Premium,5,1299,25,4871.25,Debit Card,Returned
102801,CUST1338,2026-06-04,Mumbai,Clothing,Female,48,Premium,2,5999,15,10198.3,Debit Card,Shipped
102802,CUST1216,2025-11-10,Hyderabad,Mobiles,Male,47,Regular,1,1999,25,1499.25,Cash on Delivery,Delivered
102803,CUST1003,2025-07-17,Delhi,Groceries,Female,55,New,3,5999,0,17997.0,Credit Card,Shipped
102804,CUST1014,2025-07-22,Chennai,Groceries,Female,55,Premium,5,1299,10,5845.5,Net Banking,Cancelled
102805,CUST1045,2025-05-14,Vijayawada,Groceries,Male,26,Premium,5,1299,25,4871.25,Cash on Delivery,Cancelled
102806,CUST1322,2025-07-20,Pune,Clothing,Female,46,New,2,1999,5,3798.1,Debit Card,Delivered
102807,CUST1275,2025-07-12,Delhi,Mobiles,Male,36,Regular,2,499,5,948.1,Net Banking,Cancelled
102808,CUST1366,2025-02-04,Pune,Sports,Female,46,New,5,799,25,2996.25,Credit Card,Delivered
102809,CUST1258,2025-02-11,Guntur,Groceries,Female,37,Regular,4,299,15,1016.6,Debit Card,Cancelled
102810,CUST1111,2026-04-27,Kolkata,Groceries,Male,27,Regular,4,299,5,1136.2,UPI,Returned
102811,CUST1415,2025-11-29,Guntur,Home & Kitchen,Male,27,Premium,1,1999,25,1499.25,Credit Card,Delivered
102812,CUST1430,2026-01-09,Kolkata,Sports,Male,18,Regular,4,999,10,3596.4,Debit Card,Cancelled
102813,CUST1053,2025-11-28,Vijayawada,Beauty,Male,39,Regular,3,3999,10,10797.3,UPI,Returned
102814,CUST1320,2026-05-26,Chennai,Groceries,Male,49,Regular,4,2499,20,7996.8,Credit Card,Delivered
102815,CUST1533,2025-09-27,Vijayawada,Groceries,Female,54,Regular,4,199,0,796.0,Credit Card,Returned
102816,CUST1189,2026-07-31,Vijayawada,Electronics,Female,41,Regular,1,499,25,374.25,UPI,Returned
102817,CUST1443,2025-04-17,Delhi,Electronics,Male,39,Premium,4,3999,0,15996.0,UPI,Shipped
102818,CUST1214,2025-02-09,Bengaluru,Books,Male,47,Regular,1,799,20,639.2,Net Banking,Returned
102819,CUST1076,2025-06-17,Kolkata,Groceries,Male,32,Premium,1,1599,5,1519.05,UPI,Shipped
102820,CUST1151,2026-08-15,Guntur,Electronics,Female,32,New,4,5999,20,19196.8,Cash on Delivery,Delivered
102821,CUST1057,2025-06-13,Kolkata,Home & Kitchen,Male,50,New,2,1599,0,3198.0,Cash on Delivery,Returned
102822,CUST1324,2025-10-14,Bengaluru,Sports,Female,52,Premium,2,1999,0,3998.0,Cash on Delivery,Shipped
102823,CUST1199,2026-07-15,Vijayawada,Home & Kitchen,Male,23,New,2,199,15,338.3,Cash on Delivery,Delivered
102824,CUST1430,2025-10-26,Pune,Sports,Male,35,Regular,3,1599,25,3597.75,Cash on Delivery,Delivered
102825,CUST1437,2026-08-05,Bengaluru,Mobiles,Male,34,Regular,4,199,25,597.0,Credit Card,Cancelled
102826,CUST1477,2026-04-18,Bengaluru,Mobiles,Female,53,Premium,2,1999,20,3198.4,Debit Card,Delivered
102827,CUST1427,2026-03-29,Pune,Mobiles,Female,47,New,1,3999,10,3599.1,Cash on Delivery,Delivered
102828,CUST1465,2025-05-26,Vijayawada,Books,Male,43,Premium,5,2499,20,9996.0,UPI,Shipped
102829,CUST1073,2026-06-09,Mumbai,Books,Male,46,New,2,1599,25,2398.5,UPI,Cancelled
102830,CUST1529,2025-07-20,Mumbai,Electronics,Female,42,Premium,4,299,25,897.0,Cash on Delivery,Delivered
102831,CUST1388,2025-07-26,Bengaluru,Mobiles,Female,22,New,1,5999,15,5099.15,Cash on Delivery,Shipped
102832,CUST1571,2025-05-07,Pune,Groceries,Female,35,New,2,999,5,1898.1,Cash on Delivery,Delivered
102833,CUST1570,2025-03-28,Bengaluru,Electronics,Female,18,Premium,5,3999,0,19995.0,UPI,Returned
102834,CUST1498,2025-01-02,Guntur,Sports,Male,20,Regular,5,5999,15,25495.75,Cash on Delivery,Delivered
102835,CUST1292,2025-02-26,Chennai,Groceries,Female,53,Premium,4,999,0,3996.0,Debit Card,Returned
102836,CUST1156,2026-09-04,Bengaluru,Beauty,Male,21,Regular,4,1999,25,5997.0,UPI,Delivered
102837,CUST1481,2025-02-05,Hyderabad,Clothing,Female,53,Premium,5,199,0,995.0,Debit Card,Delivered
102838,CUST1153,2025-06-30,Pune,Books,Female,28,Premium,1,1299,0,1299.0,Credit Card,Shipped
102839,CUST1177,2025-02-03,Ahmedabad,Mobiles,Female,48,Regular,1,199,25,149.25,Cash on Delivery,Cancelled
102840,CUST1463,2025-08-24,Bengaluru,Books,Male,40,New,5,1599,10,7195.5,Cash on Delivery,Cancelled
102841,CUST1415,2025-06-19,Bengaluru,Clothing,Female,31,Regular,1,999,0,999.0,Debit Card,Delivered
102842,CUST1470,2026-01-11,Ahmedabad,Groceries,Female,45,Regular,1,799,5,759.05,Net Banking,Returned
102843,CUST1386,2026-01-24,Hyderabad,Sports,Female,49,New,5,299,25,1121.25,Cash on Delivery,Cancelled
102844,CUST1306,2026-09-06,Ahmedabad,Beauty,Male,35,Regular,1,1299,20,1039.2,Net Banking,Delivered
102845,CUST1516,2026-06-12,Mumbai,Home & Kitchen,Female,20,Premium,1,799,10,719.1,Debit Card,Returned
102846,CUST1579,2025-09-19,Ahmedabad,Beauty,Male,29,Regular,3,1299,0,3897.0,Debit Card,Shipped
102847,CUST1112,2025-11-21,Guntur,Clothing,Male,21,Premium,2,1999,25,2998.5,Net Banking,Cancelled
102848,CUST1435,2025-03-14,Kolkata,Sports,Male,28,New,5,999,15,4245.75,Credit Card,Cancelled
102849,CUST1215,2026-08-14,Hyderabad,Mobiles,Male,35,Premium,4,299,20,956.8,Net Banking,Delivered
102850,CUST1429,2025-02-10,Bengaluru,Home & Kitchen,Female,49,Premium,2,499,25,748.5,Credit Card,Delivered
102851,CUST1168,2025-12-09,Ahmedabad,Mobiles,Male,27,New,3,999,20,2397.6,Debit Card,Returned
102852,CUST1458,2025-09-19,Bengaluru,Beauty,Male,36,New,5,2499,10,11245.5,Net Banking,Shipped
102853,CUST1561,2026-04-12,Bengaluru,Mobiles,Male,23,Regular,1,1999,25,1499.25,Cash on Delivery,Delivered
102854,CUST1549,2026-04-15,Hyderabad,Books,Female,27,Premium,2,1999,10,3598.2,Credit Card,Returned
102855,CUST1531,2026-04-02,Ahmedabad,Mobiles,Female,48,Regular,4,3999,20,12796.8,Debit Card,Cancelled
102856,CUST1302,2025-12-04,Guntur,Groceries,Female,18,New,5,999,15,4245.75,Net Banking,Shipped
102857,CUST1337,2026-08-19,Ahmedabad,Beauty,Male,47,Regular,2,1599,0,3198.0,UPI,Shipped
102858,CUST1028,2025-09-15,Guntur,Home & Kitchen,Female,51,Regular,4,799,20,2556.8,Debit Card,Returned
102859,CUST1358,2026-09-11,Mumbai,Clothing,Male,41,Regular,2,1599,25,2398.5,Net Banking,Returned
102860,CUST1477,2025-05-20,Hyderabad,Beauty,Female,34,Premium,2,799,0,1598.0,UPI,Cancelled
102861,CUST1135,2025-08-26,Vijayawada,Mobiles,Female,33,New,1,1599,0,1599.0,UPI,Shipped
102862,CUST1504,2026-03-27,Guntur,Beauty,Male,36,Regular,2,5999,25,8998.5,Cash on Delivery,Cancelled
102863,CUST1134,2026-03-05,Guntur,Groceries,Male,49,Premium,2,299,0,598.0,Credit Card,Returned
102864,CUST1080,2026-07-07,Pune,Books,Female,50,Regular,1,1599,15,1359.15,Net Banking,Returned
102865,CUST1334,2026-01-21,Bengaluru,Clothing,Male,28,Premium,2,1299,15,2208.3,Net Banking,Shipped
102866,CUST1536,2025-12-13,Kolkata,Beauty,Female,55,New,2,299,5,568.1,Debit Card,Cancelled
102867,CUST1318,2026-02-04,Vijayawada,Home & Kitchen,Female,46,New,5,3999,20,15996.0,Debit Card,Shipped
102868,CUST1226,2025-02-15,Vijayawada,Mobiles,Male,28,New,2,299,25,448.5,Credit Card,Delivered
102869,CUST1447,2025-08-01,Bengaluru,Home & Kitchen,Female,48,Premium,4,1599,20,5116.8,Cash on Delivery,Shipped
102870,CUST1191,2026-03-14,Delhi,Home & Kitchen,Female,42,New,5,5999,10,26995.5,Credit Card,Shipped
102871,CUST1575,2025-01-07,Chennai,Books,Female,23,Premium,5,1999,15,8495.75,UPI,Returned
102872,CUST1273,2025-07-06,Pune,Sports,Female,33,Regular,5,799,5,3795.25,Cash on Delivery,Shipped
102873,CUST1038,2025-07-17,Hyderabad,Books,Female,31,Regular,2,1999,15,3398.3,Net Banking,Cancelled
102874,CUST1129,2026-08-22,Delhi,Groceries,Male,28,Premium,4,799,0,3196.0,Debit Card,Returned
102875,CUST1043,2025-01-24,Vijayawada,Sports,Female,39,Regular,3,499,10,1347.3,Cash on Delivery,Shipped
102876,CUST1040,2026-08-16,Bengaluru,Clothing,Male,44,Regular,4,1999,25,5997.0,Net Banking,Delivered
102877,CUST1293,2026-01-04,Mumbai,Mobiles,Male,51,Regular,5,1599,25,5996.25,Debit Card,Returned
102878,CUST1528,2026-09-16,Bengaluru,Beauty,Female,32,New,1,999,10,899.1,Credit Card,Shipped
102879,CUST1339,2025-03-14,Pune,Mobiles,Female,19,New,2,999,20,1598.4,Cash on Delivery,Shipped
102880,CUST1597,2025-09-02,Ahmedabad,Books,Male,44,Regular,5,999,10,4495.5,UPI,Returned
102881,CUST1331,2026-02-27,Chennai,Electronics,Male,26,Premium,1,5999,20,4799.2,UPI,Shipped
102882,CUST1121,2025-09-08,Chennai,Mobiles,Male,42,New,5,2499,0,12495.0,Net Banking,Shipped
102883,CUST1055,2025-09-11,Pune,Clothing,Male,52,Premium,3,1599,20,3837.6,UPI,Delivered
102884,CUST1287,2026-01-10,Chennai,Sports,Female,47,New,2,799,15,1358.3,Credit Card,Returned
102885,CUST1073,2026-05-18,Pune,Beauty,Female,45,Premium,2,2499,15,4248.3,Net Banking,Cancelled
102886,CUST1362,2026-04-19,Delhi,Sports,Female,54,Regular,5,5999,10,26995.5,Debit Card,Delivered
102887,CUST1397,2025-12-17,Vijayawada,Clothing,Female,25,Regular,3,5999,5,17097.15,Net Banking,Cancelled
102888,CUST1354,2025-10-21,Vijayawada,Sports,Male,41,New,1,2499,5,2374.05,UPI,Returned
102889,CUST1404,2026-06-27,Pune,Clothing,Male,29,New,5,499,0,2495.0,Debit Card,Cancelled
102890,CUST1153,2026-05-19,Hyderabad,Groceries,Male,26,Regular,3,999,10,2697.3,Cash on Delivery,Cancelled
102891,CUST1561,2026-04-20,Vijayawada,Books,Male,30,Premium,2,199,20,318.4,Debit Card,Shipped
102892,CUST1292,2025-06-26,Bengaluru,Electronics,Male,55,New,1,499,25,374.25,Cash on Delivery,Shipped
102893,CUST1093,2025-10-24,Vijayawada,Clothing,Male,41,Premium,1,3999,10,3599.1,Credit Card,Cancelled
102894,CUST1582,2026-05-05,Hyderabad,Electronics,Female,48,Premium,5,1299,20,5196.0,Debit Card,Delivered
102895,CUST1310,2025-05-20,Mumbai,Electronics,Male,53,Premium,2,499,10,898.2,UPI,Delivered
102896,CUST1515,2025-07-28,Pune,Mobiles,Male,30,New,3,799,10,2157.3,Net Banking,Returned
102897,CUST1426,2025-06-30,Guntur,Home & Kitchen,Female,33,Regular,4,1599,20,5116.8,Credit Card,Delivered
102898,CUST1089,2025-04-30,Chennai,Clothing,Male,20,New,2,199,5,378.1,Debit Card,Cancelled
102899,CUST1539,2026-07-28,Ahmedabad,Electronics,Male,55,Regular,1,499,20,399.2,Cash on Delivery,Cancelled
102900,CUST1587,2026-01-05,Guntur,Electronics,Male,22,Premium,2,799,0,1598.0,Credit Card,Shipped
102901,CUST1212,2025-11-25,Guntur,Mobiles,Male,32,Regular,4,2499,25,7497.0,Cash on Delivery,Returned
102902,CUST1088,2025-02-25,Hyderabad,Groceries,Male,25,Premium,3,299,15,762.45,Cash on Delivery,Cancelled
102903,CUST1245,2025-02-06,Chennai,Home & Kitchen,Male,33,Regular,3,199,0,597.0,Debit Card,Cancelled
102904,CUST1263,2026-03-17,Kolkata,Mobiles,Female,40,New,1,1999,0,1999.0,Cash on Delivery,Returned
102905,CUST1471,2025-12-22,Vijayawada,Groceries,Male,42,Premium,2,1299,25,1948.5,Credit Card,Delivered
102906,CUST1510,2026-02-08,Kolkata,Clothing,Male,21,Regular,1,799,25,599.25,Cash on Delivery,Delivered
102907,CUST1211,2025-07-12,Hyderabad,Beauty,Female,47,New,5,3999,15,16995.75,UPI,Cancelled
102908,CUST1407,2026-09-01,Mumbai,Groceries,Male,33,New,5,999,15,4245.75,Cash on Delivery,Delivered
102909,CUST1326,2025-01-30,Kolkata,Electronics,Male,55,Regular,4,299,25,897.0,UPI,Cancelled
102910,CUST1256,2025-02-19,Vijayawada,Groceries,Female,31,New,5,1599,5,7595.25,Cash on Delivery,Cancelled
102911,CUST1555,2026-07-02,Kolkata,Groceries,Male,33,Regular,4,999,10,3596.4,Debit Card,Delivered
102912,CUST1538,2026-08-15,Pune,Home & Kitchen,Female,53,Regular,4,499,5,1896.2,Debit Card,Cancelled
102913,CUST1118,2025-11-20,Ahmedabad,Beauty,Male,31,Regular,1,799,20,639.2,Net Banking,Shipped
102914,CUST1575,2025-08-29,Chennai,Mobiles,Male,43,Premium,4,1999,20,6396.8,Credit Card,Shipped
102915,CUST1265,2025-09-04,Chennai,Beauty,Female,46,Regular,5,199,0,995.0,Net Banking,Cancelled
102916,CUST1442,2026-02-28,Delhi,Books,Male,43,New,4,999,20,3196.8,Cash on Delivery,Delivered
102917,CUST1109,2025-05-14,Delhi,Sports,Female,28,Premium,1,1599,5,1519.05,Cash on Delivery,Returned
102918,CUST1367,2026-02-14,Kolkata,Books,Male,50,New,1,299,10,269.1,UPI,Cancelled
102919,CUST1183,2025-09-17,Kolkata,Clothing,Female,31,Premium,1,1299,15,1104.15,Cash on Delivery,Delivered
102920,CUST1122,2025-03-16,Guntur,Books,Female,19,New,4,2499,15,8496.6,Cash on Delivery,Delivered
102921,CUST1410,2025-04-02,Hyderabad,Sports,Female,39,Premium,5,3999,5,18995.25,Debit Card,Returned
102922,CUST1408,2025-12-26,Kolkata,Groceries,Female,50,Regular,3,499,25,1122.75,Credit Card,Returned
102923,CUST1204,2026-04-08,Bengaluru,Books,Female,35,Regular,1,999,0,999.0,Net Banking,Cancelled
102924,CUST1237,2026-02-25,Hyderabad,Clothing,Male,44,Premium,4,199,0,796.0,Credit Card,Shipped
102925,CUST1386,2026-05-24,Ahmedabad,Mobiles,Female,26,Premium,2,799,20,1278.4,UPI,Returned
102926,CUST1548,2025-08-01,Pune,Electronics,Female,46,New,4,2499,5,9496.2,Net Banking,Shipped
102927,CUST1088,2025-09-22,Mumbai,Sports,Male,52,New,1,3999,20,3199.2,UPI,Shipped
102928,CUST1282,2026-02-26,Kolkata,Books,Female,30,Premium,3,199,5,567.15,Cash on Delivery,Returned
102929,CUST1499,2025-02-04,Ahmedabad,Sports,Female,25,Regular,1,1599,5,1519.05,Credit Card,Cancelled
102930,CUST1397,2025-09-19,Mumbai,Sports,Female,26,New,3,3999,25,8997.75,Cash on Delivery,Cancelled
102931,CUST1173,2026-03-22,Kolkata,Electronics,Male,25,Regular,2,1999,10,3598.2,UPI,Returned
102932,CUST1594,2025-07-29,Bengaluru,Sports,Male,32,Regular,3,999,15,2547.45,UPI,Returned
102933,CUST1433,2025-08-06,Bengaluru,Mobiles,Male,20,New,5,799,5,3795.25,UPI,Returned
102934,CUST1129,2025-01-14,Ahmedabad,Books,Female,46,Regular,4,2499,0,9996.0,UPI,Shipped
102935,CUST1573,2025-02-11,Bengaluru,Clothing,Female,29,Premium,3,3999,10,10797.3,Credit Card,Cancelled
102936,CUST1219,2025-12-26,Delhi,Home & Kitchen,Female,40,Regular,2,2499,5,4748.1,Cash on Delivery,Delivered
102937,CUST1334,2025-08-02,Mumbai,Books,Female,48,New,1,499,15,424.15,UPI,Cancelled
102938,CUST1067,2026-06-15,Kolkata,Mobiles,Male,51,Premium,5,499,25,1871.25,Debit Card,Delivered
102939,CUST1119,2025-01-03,Mumbai,Clothing,Male,37,Regular,4,3999,0,15996.0,Debit Card,Cancelled
102940,CUST1517,2026-01-26,Chennai,Electronics,Female,41,Regular,1,299,20,239.2,Credit Card,Cancelled
102941,CUST1560,2026-05-17,Pune,Home & Kitchen,Male,49,Premium,2,5999,20,9598.4,Cash on Delivery,Cancelled
102942,CUST1058,2026-07-27,Delhi,Clothing,Male,39,New,4,1999,0,7996.0,Credit Card,Cancelled
102943,CUST1569,2025-04-08,Hyderabad,Home & Kitchen,Male,43,Regular,2,299,25,448.5,Net Banking,Delivered
102944,CUST1422,2026-09-22,Hyderabad,Home & Kitchen,Female,41,Premium,4,5999,15,20396.6,Credit Card,Shipped
102945,CUST1420,2026-08-08,Bengaluru,Beauty,Male,24,Premium,3,1999,0,5997.0,UPI,Delivered
102946,CUST1022,2025-07-13,Delhi,Electronics,Male,49,Premium,4,199,25,597.0,UPI,Returned
102947,CUST1038,2026-03-22,Delhi,Electronics,Male,35,Premium,5,799,5,3795.25,Debit Card,Shipped
102948,CUST1451,2026-03-22,Mumbai,Home & Kitchen,Female,40,New,4,999,20,3196.8,Cash on Delivery,Cancelled
102949,CUST1453,2025-10-03,Vijayawada,Beauty,Female,43,Regular,3,1599,10,4317.3,Debit Card,Delivered
102950,CUST1106,2026-09-05,Delhi,Books,Female,48,Premium,5,499,20,1996.0,Debit Card,Delivered
102951,CUST1136,2025-02-11,Vijayawada,Electronics,Male,45,New,2,999,10,1798.2,Cash on Delivery,Shipped
102952,CUST1399,2025-03-01,Bengaluru,Sports,Male,41,Regular,2,499,25,748.5,Credit Card,Shipped
102953,CUST1265,2025-01-11,Hyderabad,Beauty,Male,39,New,5,199,15,845.75,Cash on Delivery,Cancelled
102954,CUST1410,2025-05-31,Delhi,Sports,Male,26,Regular,2,999,15,1698.3,Net Banking,Shipped
102955,CUST1064,2026-05-09,Pune,Groceries,Female,44,Premium,5,3999,0,19995.0,Credit Card,Shipped
102956,CUST1223,2025-05-20,Bengaluru,Home & Kitchen,Male,52,Regular,4,1599,5,6076.2,Cash on Delivery,Shipped
102957,CUST1225,2026-06-17,Delhi,Home & Kitchen,Male,39,Premium,2,1999,5,3798.1,Credit Card,Delivered
102958,CUST1483,2025-02-06,Hyderabad,Electronics,Female,27,Premium,2,799,25,1198.5,Credit Card,Cancelled
102959,CUST1274,2025-02-04,Chennai,Groceries,Male,30,Premium,2,1999,0,3998.0,UPI,Shipped
102960,CUST1085,2026-07-01,Vijayawada,Sports,Female,53,Premium,3,1299,15,3312.45,UPI,Cancelled
102961,CUST1537,2026-04-21,Pune,Clothing,Female,44,Premium,2,1999,0,3998.0,Cash on Delivery,Delivered
102962,CUST1366,2026-01-31,Bengaluru,Books,Male,24,Regular,3,1299,25,2922.75,Cash on Delivery,Shipped
102963,CUST1446,2026-04-20,Bengaluru,Electronics,Female,31,Premium,5,5999,5,28495.25,Credit Card,Returned
102964,CUST1543,2025-07-22,Pune,Groceries,Female,26,Premium,5,1599,20,6396.0,Net Banking,Shipped
102965,CUST1468,2026-08-09,Ahmedabad,Mobiles,Male,31,New,1,799,20,639.2,Debit Card,Delivered
102966,CUST1523,2025-09-01,Pune,Beauty,Female,41,New,2,299,20,478.4,UPI,Shipped
102967,CUST1445,2025-12-06,Kolkata,Beauty,Male,43,Premium,1,1599,15,1359.15,Cash on Delivery,Shipped
102968,CUST1096,2025-11-01,Bengaluru,Beauty,Male,27,Premium,4,1599,15,5436.6,Net Banking,Cancelled
102969,CUST1541,2026-09-23,Pune,Home & Kitchen,Female,27,Regular,1,199,5,189.05,Cash on Delivery,Shipped
102970,CUST1580,2025-06-06,Mumbai,Groceries,Female,36,New,1,1299,10,1169.1,Net Banking,Returned
102971,CUST1345,2025-08-22,Ahmedabad,Books,Male,30,Premium,5,3999,10,17995.5,Net Banking,Cancelled
102972,CUST1446,2025-11-25,Pune,Groceries,Male,48,New,3,1599,10,4317.3,Net Banking,Returned
102973,CUST1094,2025-08-11,Hyderabad,Home & Kitchen,Female,31,Regular,1,199,5,189.05,Cash on Delivery,Shipped
102974,CUST1473,2025-06-21,Chennai,Home & Kitchen,Male,31,Regular,3,1599,25,3597.75,Net Banking,Returned
102975,CUST1067,2025-10-02,Mumbai,Beauty,Male,24,Premium,5,799,20,3196.0,UPI,Delivered
102976,CUST1532,2026-09-10,Mumbai,Beauty,Male,46,New,1,999,20,799.2,Credit Card,Returned
102977,CUST1585,2025-11-13,Chennai,Mobiles,Female,41,Premium,3,1999,20,4797.6,Debit Card,Delivered
102978,CUST1024,2026-05-11,Ahmedabad,Groceries,Female,24,Regular,4,199,20,636.8,Debit Card,Cancelled
102979,CUST1359,2026-07-27,Delhi,Groceries,Female,44,Regular,1,199,10,179.1,Net Banking,Cancelled
102980,CUST1240,2025-09-19,Kolkata,Mobiles,Male,38,New,4,799,25,2397.0,Net Banking,Delivered
102981,CUST1090,2025-12-06,Kolkata,Groceries,Female,52,Regular,4,1599,10,5756.4,Cash on Delivery,Returned
102982,CUST1515,2025-04-03,Chennai,Mobiles,Female,33,Regular,5,2499,20,9996.0,Debit Card,Delivered
102983,CUST1220,2026-09-13,Kolkata,Electronics,Female,28,Premium,4,2499,10,8996.4,Debit Card,Delivered
102984,CUST1585,2025-06-03,Ahmedabad,Beauty,Female,43,Premium,2,199,20,318.4,Credit Card,Cancelled
102985,CUST1258,2025-08-16,Kolkata,Beauty,Female,29,New,3,799,10,2157.3,Credit Card,Delivered
102986,CUST1517,2025-12-31,Delhi,Clothing,Male,51,Premium,4,199,5,756.2,UPI,Shipped
102987,CUST1298,2025-12-05,Mumbai,Beauty,Male,37,Premium,3,1599,20,3837.6,UPI,Shipped
102988,CUST1283,2026-05-04,Delhi,Beauty,Male,23,Regular,4,999,15,3396.6,UPI,Shipped
102989,CUST1244,2025-07-01,Ahmedabad,Beauty,Female,40,Premium,1,1299,0,1299.0,Cash on Delivery,Delivered
102990,CUST1126,2026-07-31,Pune,Groceries,Male,31,Regular,1,199,10,179.1,Credit Card,Returned
102991,CUST1528,2026-02-15,Pune,Sports,Male,19,New,1,299,5,284.05,Net Banking,Cancelled
102992,CUST1109,2026-05-09,Hyderabad,Clothing,Male,36,Regular,2,2499,0,4998.0,Cash on Delivery,Delivered
102993,CUST1057,2026-07-09,Mumbai,Clothing,Female,54,Premium,1,1299,20,1039.2,UPI,Shipped
102994,CUST1345,2026-02-15,Guntur,Clothing,Male,54,Regular,3,199,10,537.3,Net Banking,Returned
102995,CUST1505,2025-03-25,Guntur,Mobiles,Male,52,New,5,1599,25,5996.25,Debit Card,Shipped
102996,CUST1375,2026-09-04,Hyderabad,Mobiles,Male,45,New,2,499,20,798.4,Credit Card,Shipped
102997,CUST1287,2025-08-01,Ahmedabad,Sports,Male,26,New,2,299,5,568.1,Net Banking,Cancelled
102998,CUST1075,2025-02-12,Delhi,Mobiles,Female,51,Premium,1,799,15,679.15,Debit Card,Returned
102999,CUST1008,2025-06-08,Mumbai,Beauty,Male,22,Premium,4,999,20,3196.8,Credit Card,Returned
103000,CUST1061,2025-05-15,Mumbai,Sports,Male,45,Regular,1,5999,5,5699.05,Cash on Delivery,Delivered
103001,CUST1442,2025-06-22,Hyderabad,Clothing,Male,25,Premium,1,299,20,239.2,Credit Card,Shipped
103002,CUST1061,2026-09-22,Vijayawada,Sports,Female,55,Premium,5,799,5,3795.25,Net Banking,Returned
103003,CUST1155,2026-08-18,Chennai,Clothing,Female,39,Premium,2,199,15,338.3,Cash on Delivery,Delivered
103004,CUST1111,2025-01-21,Ahmedabad,Beauty,Male,36,Regular,5,1599,25,5996.25,UPI,Cancelled
103005,CUST1051,2025-06-17,Chennai,Beauty,Male,51,New,1,299,5,284.05,Cash on Delivery,Cancelled
103006,CUST1262,2025-04-16,Mumbai,Electronics,Male,49,New,5,199,10,895.5,Debit Card,Delivered
103007,CUST1578,2026-07-20,Pune,Books,Female,54,Regular,2,999,15,1698.3,UPI,Returned
103008,CUST1341,2025-01-12,Kolkata,Electronics,Female,26,Premium,5,5999,25,22496.25,Cash on Delivery,Cancelled
103009,CUST1571,2025-12-15,Chennai,Sports,Male,49,Regular,4,1599,20,5116.8,Credit Card,Cancelled
103010,CUST1017,2025-03-22,Bengaluru,Sports,Female,46,Regular,3,499,25,1122.75,Credit Card,Cancelled
103011,CUST1416,2025-07-15,Mumbai,Clothing,Female,30,New,5,999,15,4245.75,UPI,Returned
103012,CUST1411,2025-10-20,Guntur,Mobiles,Female,42,Premium,4,499,20,1596.8,Debit Card,Delivered
103013,CUST1457,2025-05-18,Mumbai,Clothing,Male,42,Regular,4,499,20,1596.8,Credit Card,Returned
103014,CUST1535,2026-03-22,Vijayawada,Books,Female,53,Premium,1,799,10,719.1,Cash on Delivery,Returned
103015,CUST1388,2025-02-17,Vijayawada,Mobiles,Female,36,New,1,1599,10,1439.1,Credit Card,Delivered
103016,CUST1089,2026-01-08,Vijayawada,Sports,Male,35,New,4,499,5,1896.2,Credit Card,Cancelled
103017,CUST1001,2025-06-05,Kolkata,Sports,Female,42,New,3,1599,0,4797.0,Cash on Delivery,Shipped
103018,CUST1154,2025-04-21,Hyderabad,Sports,Male,39,New,3,199,10,537.3,UPI,Shipped
103019,CUST1424,2025-05-02,Hyderabad,Sports,Male,36,Premium,5,999,10,4495.5,Credit Card,Shipped
103020,CUST1088,2025-06-03,Vijayawada,Books,Female,32,Premium,2,299,0,598.0,UPI,Cancelled
103021,CUST1498,2025-03-18,Kolkata,Groceries,Female,30,Premium,3,199,20,477.6,Cash on Delivery,Returned
103022,CUST1312,2026-08-29,Hyderabad,Home & Kitchen,Male,25,Regular,5,499,25,1871.25,Net Banking,Shipped
103023,CUST1580,2025-08-22,Kolkata,Clothing,Male,18,New,1,799,15,679.15,Net Banking,Returned
103024,CUST1353,2025-06-04,Delhi,Beauty,Male,39,Regular,3,499,15,1272.45,Net Banking,Returned
103025,CUST1428,2026-04-08,Chennai,Books,Male,30,Premium,3,1299,5,3702.15,Cash on Delivery,Shipped
103026,CUST1191,2025-11-19,Vijayawada,Sports,Male,38,New,3,999,25,2247.75,UPI,Returned
103027,CUST1026,2026-06-24,Pune,Electronics,Male,34,Regular,5,499,20,1996.0,Debit Card,Shipped
103028,CUST1484,2026-07-22,Vijayawada,Electronics,Female,46,Regular,5,499,20,1996.0,Cash on Delivery,Returned
103029,CUST1132,2026-01-24,Kolkata,Mobiles,Female,38,Premium,4,199,20,636.8,Net Banking,Returned
103030,CUST1484,2025-03-22,Pune,Groceries,Male,31,Premium,2,199,25,298.5,Cash on Delivery,Cancelled
103031,CUST1140,2026-09-11,Mumbai,Home & Kitchen,Male,20,Regular,2,299,10,538.2,Debit Card,Delivered
103032,CUST1125,2025-09-21,Hyderabad,Beauty,Male,35,Regular,3,799,0,2397.0,Debit Card,Shipped
103033,CUST1361,2026-08-29,Delhi,Books,Female,31,New,5,1599,10,7195.5,UPI,Returned
103034,CUST1233,2025-04-10,Chennai,Groceries,Female,55,Regular,1,5999,10,5399.1,Credit Card,Returned
103035,CUST1026,2026-09-23,Hyderabad,Groceries,Female,32,Regular,4,199,0,796.0,Debit Card,Returned
103036,CUST1424,2026-01-09,Guntur,Clothing,Female,50,Regular,5,1299,20,5196.0,UPI,Shipped
103037,CUST1158,2025-04-29,Delhi,Books,Male,47,Regular,3,3999,20,9597.6,Credit Card,Shipped
103038,CUST1216,2026-05-18,Chennai,Clothing,Male,28,New,3,3999,0,11997.0,Credit Card,Cancelled
103039,CUST1015,2025-09-28,Bengaluru,Mobiles,Male,25,Regular,5,199,15,845.75,Net Banking,Shipped
103040,CUST1471,2026-02-10,Delhi,Mobiles,Female,18,Regular,5,1999,10,8995.5,UPI,Shipped
103041,CUST1412,2026-02-17,Hyderabad,Electronics,Female,42,Premium,4,1599,10,5756.4,Credit Card,Shipped
103042,CUST1552,2026-07-17,Vijayawada,Clothing,Male,50,Regular,2,299,5,568.1,Net Banking,Shipped
103043,CUST1137,2026-05-08,Mumbai,Books,Male,31,New,5,999,15,4245.75,UPI,Cancelled
103044,CUST1171,2026-01-04,Hyderabad,Beauty,Female,43,New,5,1599,20,6396.0,Debit Card,Cancelled
103045,CUST1259,2025-08-26,Bengaluru,Groceries,Female,51,Premium,1,499,5,474.05,Debit Card,Delivered
103046,CUST1444,2025-04-26,Pune,Clothing,Male,34,New,5,5999,10,26995.5,UPI,Delivered
103047,CUST1091,2026-02-03,Delhi,Electronics,Female,53,Premium,2,1999,20,3198.4,Credit Card,Returned
103048,CUST1421,2025-09-16,Pune,Sports,Female,53,Premium,5,299,0,1495.0,Debit Card,Cancelled
103049,CUST1512,2025-06-20,Ahmedabad,Groceries,Male,31,Regular,1,3999,5,3799.05,Credit Card,Returned
103050,CUST1501,2025-12-11,Mumbai,Mobiles,Female,51,Regular,5,1999,5,9495.25,Cash on Delivery,Returned
103051,CUST1573,2026-01-10,Mumbai,Clothing,Male,37,New,5,799,10,3595.5,Cash on Delivery,Cancelled
103052,CUST1226,2026-09-02,Kolkata,Electronics,Female,29,Regular,1,3999,10,3599.1,Cash on Delivery,Shipped
103053,CUST1014,2025-07-16,Delhi,Beauty,Male,41,New,2,3999,20,6398.4,UPI,Delivered
103054,CUST1109,2025-03-18,Pune,Books,Male,37,Regular,1,799,20,639.2,Credit Card,Shipped
103055,CUST1161,2026-02-27,Guntur,Books,Male,23,New,3,1999,20,4797.6,Net Banking,Returned
103056,CUST1019,2025-04-10,Bengaluru,Clothing,Female,48,New,4,999,15,3396.6,Net Banking,Delivered
103057,CUST1391,2026-01-26,Delhi,Groceries,Female,46,New,4,3999,20,12796.8,UPI,Returned
103058,CUST1470,2025-05-02,Vijayawada,Beauty,Female,32,Premium,1,499,5,474.05,Credit Card,Delivered
103059,CUST1580,2026-01-08,Delhi,Home & Kitchen,Female,41,Premium,5,1599,20,6396.0,Cash on Delivery,Delivered
103060,CUST1201,2026-01-08,Vijayawada,Mobiles,Female,18,New,3,5999,15,15297.45,UPI,Cancelled
103061,CUST1512,2025-11-12,Chennai,Home & Kitchen,Female,18,Premium,5,299,15,1270.75,Cash on Delivery,Cancelled
103062,CUST1549,2026-02-21,Kolkata,Beauty,Male,20,Premium,5,2499,25,9371.25,Debit Card,Returned
103063,CUST1491,2025-07-25,Ahmedabad,Books,Male,30,Regular,3,2499,15,6372.45,Debit Card,Cancelled
103064,CUST1206,2026-05-24,Vijayawada,Mobiles,Female,49,Premium,1,499,15,424.15,Cash on Delivery,Cancelled
103065,CUST1343,2026-09-01,Kolkata,Mobiles,Female,42,Premium,4,999,25,2997.0,Debit Card,Cancelled
103066,CUST1245,2026-03-30,Bengaluru,Mobiles,Female,38,Premium,1,1299,10,1169.1,UPI,Shipped
103067,CUST1454,2025-09-17,Delhi,Home & Kitchen,Male,53,Premium,1,1299,5,1234.05,Debit Card,Returned
103068,CUST1265,2025-11-19,Pune,Electronics,Male,46,Regular,2,5999,20,9598.4,Debit Card,Delivered
103069,CUST1236,2026-05-09,Kolkata,Groceries,Male,52,Regular,5,199,10,895.5,Cash on Delivery,Shipped
103070,CUST1417,2025-07-11,Ahmedabad,Beauty,Female,51,New,5,299,5,1420.25,Debit Card,Delivered
103071,CUST1057,2026-05-02,Bengaluru,Clothing,Female,18,Premium,2,1999,5,3798.1,Cash on Delivery,Shipped
103072,CUST1106,2025-06-30,Hyderabad,Home & Kitchen,Female,41,Premium,3,199,10,537.3,Credit Card,Returned
103073,CUST1299,2026-08-19,Mumbai,Mobiles,Female,45,Regular,4,799,5,3036.2,Cash on Delivery,Returned
103074,CUST1498,2025-02-08,Chennai,Mobiles,Female,25,Regular,2,799,5,1518.1,Net Banking,Shipped
103075,CUST1055,2025-02-24,Guntur,Electronics,Male,49,Regular,5,999,0,4995.0,UPI,Returned
103076,CUST1336,2026-07-01,Guntur,Beauty,Female,51,Regular,1,5999,20,4799.2,Net Banking,Returned
103077,CUST1208,2026-05-03,Kolkata,Groceries,Male,19,Regular,5,5999,15,25495.75,UPI,Cancelled
103078,CUST1381,2025-09-15,Bengaluru,Mobiles,Male,39,New,2,1299,15,2208.3,Debit Card,Shipped
103079,CUST1030,2026-02-24,Mumbai,Mobiles,Female,45,Regular,1,499,15,424.15,UPI,Returned
103080,CUST1164,2025-03-29,Ahmedabad,Home & Kitchen,Male,43,New,5,5999,0,29995.0,Credit Card,Delivered
103081,CUST1260,2025-05-11,Pune,Books,Male,31,New,2,1999,15,3398.3,Cash on Delivery,Returned
103082,CUST1518,2026-05-28,Hyderabad,Mobiles,Male,20,Premium,4,199,10,716.4,Cash on Delivery,Cancelled
103083,CUST1042,2025-05-02,Delhi,Electronics,Female,51,New,1,1599,10,1439.1,Net Banking,Cancelled
103084,CUST1201,2026-03-28,Hyderabad,Groceries,Female,51,Regular,5,999,20,3996.0,Cash on Delivery,Shipped
103085,CUST1008,2026-03-20,Bengaluru,Books,Male,48,New,3,5999,10,16197.3,Net Banking,Delivered
103086,CUST1463,2026-09-22,Kolkata,Groceries,Female,34,New,1,799,0,799.0,UPI,Returned
103087,CUST1515,2026-05-20,Bengaluru,Books,Female,20,Premium,5,1299,25,4871.25,Net Banking,Cancelled
103088,CUST1191,2026-08-25,Hyderabad,Mobiles,Female,45,New,2,199,5,378.1,Debit Card,Shipped
103089,CUST1128,2026-03-10,Pune,Home & Kitchen,Male,20,New,5,3999,0,19995.0,Net Banking,Returned
103090,CUST1170,2026-01-26,Chennai,Sports,Female,40,Regular,2,799,0,1598.0,UPI,Shipped
103091,CUST1121,2025-01-31,Pune,Books,Male,29,Premium,4,3999,25,11997.0,Cash on Delivery,Shipped
103092,CUST1366,2025-06-17,Chennai,Clothing,Female,18,New,1,299,5,284.05,Debit Card,Shipped
103093,CUST1144,2025-07-25,Hyderabad,Beauty,Male,21,Regular,1,5999,20,4799.2,Net Banking,Delivered
103094,CUST1355,2025-02-03,Bengaluru,Books,Female,31,Premium,5,799,0,3995.0,Debit Card,Returned
103095,CUST1539,2026-05-13,Vijayawada,Books,Female,38,New,5,1999,5,9495.25,Net Banking,Delivered
103096,CUST1498,2026-01-19,Vijayawada,Groceries,Male,45,Regular,1,2499,5,2374.05,Credit Card,Cancelled
103097,CUST1372,2025-04-11,Pune,Mobiles,Female,51,Premium,5,1299,5,6170.25,UPI,Cancelled
103098,CUST1055,2025-12-13,Kolkata,Clothing,Female,39,Regular,5,199,5,945.25,Debit Card,Returned
103099,CUST1016,2026-02-01,Bengaluru,Books,Male,38,Premium,1,5999,10,5399.1,UPI,Shipped
103100,CUST1298,2025-09-19,Hyderabad,Groceries,Female,19,Regular,3,1599,25,3597.75,Cash on Delivery,Cancelled
103101,CUST1216,2025-12-21,Pune,Sports,Male,21,Premium,3,3999,25,8997.75,Credit Card,Shipped
103102,CUST1458,2026-04-03,Delhi,Mobiles,Female,35,Regular,4,1299,10,4676.4,Net Banking,Shipped
103103,CUST1223,2026-01-14,Kolkata,Mobiles,Male,36,Premium,3,299,5,852.15,Net Banking,Shipped
103104,CUST1040,2026-05-10,Hyderabad,Mobiles,Male,36,Regular,5,1999,20,7996.0,Debit Card,Cancelled
103105,CUST1427,2026-07-15,Delhi,Books,Male,45,Regular,3,3999,25,8997.75,Credit Card,Shipped
103106,CUST1501,2026-08-01,Guntur,Home & Kitchen,Female,41,Premium,3,1599,25,3597.75,Credit Card,Cancelled
103107,CUST1458,2025-01-31,Bengaluru,Electronics,Female,37,New,2,1999,15,3398.3,Credit Card,Shipped
103108,CUST1407,2026-05-18,Pune,Groceries,Male,36,Regular,2,5999,15,10198.3,UPI,Shipped
103109,CUST1051,2025-10-10,Hyderabad,Sports,Female,41,Regular,1,1999,25,1499.25,Net Banking,Shipped
103110,CUST1345,2025-10-24,Pune,Beauty,Male,25,Regular,3,1299,20,3117.6,Net Banking,Shipped
103111,CUST1425,2025-07-28,Mumbai,Electronics,Female,18,Regular,3,5999,15,15297.45,Net Banking,Delivered
103112,CUST1053,2025-01-31,Bengaluru,Groceries,Male,48,New,5,1599,25,5996.25,Debit Card,Cancelled
103113,CUST1096,2026-04-28,Ahmedabad,Mobiles,Male,32,Regular,5,1299,5,6170.25,Net Banking,Returned
103114,CUST1071,2025-02-17,Mumbai,Electronics,Female,19,New,5,5999,5,28495.25,UPI,Cancelled
103115,CUST1081,2026-01-16,Guntur,Clothing,Female,31,New,5,799,20,3196.0,UPI,Shipped
103116,CUST1195,2026-02-20,Chennai,Groceries,Female,33,Regular,3,199,0,597.0,Net Banking,Delivered
103117,CUST1242,2025-07-09,Kolkata,Mobiles,Male,22,Premium,1,5999,25,4499.25,Net Banking,Shipped
103118,CUST1533,2026-06-25,Guntur,Beauty,Female,45,Regular,3,999,15,2547.45,Credit Card,Cancelled
103119,CUST1307,2025-05-19,Kolkata,Clothing,Male,36,New,1,2499,5,2374.05,Cash on Delivery,Returned
103120,CUST1423,2025-10-27,Bengaluru,Books,Male,34,Regular,4,999,5,3796.2,Net Banking,Shipped
103121,CUST1417,2025-06-20,Chennai,Mobiles,Female,51,New,4,3999,15,13596.6,Net Banking,Returned
103122,CUST1581,2026-03-31,Vijayawada,Books,Female,51,Regular,3,999,20,2397.6,UPI,Cancelled
103123,CUST1583,2025-09-21,Ahmedabad,Sports,Male,23,Regular,4,3999,5,15196.2,Debit Card,Returned
103124,CUST1201,2026-02-18,Ahmedabad,Books,Male,27,Premium,3,5999,5,17097.15,Cash on Delivery,Delivered
103125,CUST1398,2026-07-23,Mumbai,Beauty,Male,25,Premium,5,1599,10,7195.5,Net Banking,Shipped
103126,CUST1140,2025-05-23,Bengaluru,Beauty,Female,26,New,5,499,5,2370.25,UPI,Shipped
103127,CUST1572,2026-04-24,Bengaluru,Electronics,Female,22,New,2,799,15,1358.3,Net Banking,Returned
103128,CUST1508,2026-05-19,Kolkata,Groceries,Male,34,Regular,3,2499,10,6747.3,Debit Card,Returned
103129,CUST1381,2025-11-30,Delhi,Beauty,Male,21,Regular,4,5999,15,20396.6,Debit Card,Delivered
103130,CUST1491,2025-05-15,Mumbai,Books,Female,34,New,4,5999,25,17997.0,Cash on Delivery,Shipped
103131,CUST1421,2025-06-19,Guntur,Books,Female,40,New,4,199,10,716.4,Debit Card,Cancelled
103132,CUST1155,2025-07-01,Guntur,Beauty,Female,34,Regular,1,199,10,179.1,UPI,Cancelled
103133,CUST1085,2025-05-21,Ahmedabad,Clothing,Female,19,Regular,1,799,10,719.1,Cash on Delivery,Cancelled
103134,CUST1561,2025-04-14,Pune,Electronics,Male,34,New,2,799,10,1438.2,Credit Card,Shipped
103135,CUST1421,2026-07-31,Chennai,Home & Kitchen,Female,55,Premium,5,1999,15,8495.75,UPI,Cancelled
103136,CUST1099,2025-05-12,Hyderabad,Beauty,Male,50,Premium,2,799,20,1278.4,UPI,Returned
103137,CUST1130,2025-02-14,Ahmedabad,Clothing,Female,40,Regular,1,1299,5,1234.05,Debit Card,Returned
103138,CUST1342,2026-01-06,Vijayawada,Mobiles,Male,29,Regular,5,3999,0,19995.0,Net Banking,Returned
103139,CUST1325,2025-04-08,Kolkata,Groceries,Male,37,New,1,999,5,949.05,Cash on Delivery,Returned
103140,CUST1439,2026-01-11,Guntur,Electronics,Male,26,New,1,799,0,799.0,Cash on Delivery,Returned
103141,CUST1113,2025-10-22,Bengaluru,Mobiles,Male,27,New,3,799,15,2037.45,Debit Card,Shipped
103142,CUST1289,2025-03-26,Chennai,Clothing,Male,44,Regular,5,499,15,2120.75,Cash on Delivery,Cancelled
103143,CUST1207,2026-02-12,Mumbai,Clothing,Female,40,Regular,1,499,5,474.05,Net Banking,Delivered
103144,CUST1334,2026-03-05,Pune,Sports,Male,44,Regular,2,999,15,1698.3,Credit Card,Delivered
103145,CUST1059,2025-09-05,Vijayawada,Mobiles,Female,25,New,4,5999,15,20396.6,UPI,Cancelled
103146,CUST1437,2026-03-24,Ahmedabad,Electronics,Female,47,New,5,1999,0,9995.0,UPI,Shipped
103147,CUST1465,2025-03-27,Ahmedabad,Groceries,Male,33,Regular,5,299,15,1270.75,Credit Card,Shipped
103148,CUST1280,2025-08-25,Kolkata,Books,Female,23,Regular,1,5999,10,5399.1,Debit Card,Returned
103149,CUST1193,2025-02-27,Vijayawada,Clothing,Male,20,New,4,3999,10,14396.4,Debit Card,Shipped
103150,CUST1542,2026-02-10,Pune,Sports,Male,54,New,3,1599,25,3597.75,Credit Card,Delivered
103151,CUST1331,2025-11-08,Bengaluru,Electronics,Female,24,New,1,5999,0,5999.0,Net Banking,Shipped
103152,CUST1254,2025-07-14,Chennai,Beauty,Male,33,New,3,1599,10,4317.3,Debit Card,Returned
103153,CUST1055,2026-01-13,Hyderabad,Books,Male,43,Regular,3,799,15,2037.45,Credit Card,Returned
103154,CUST1151,2026-04-05,Guntur,Mobiles,Male,35,Regular,1,5999,25,4499.25,UPI,Delivered
103155,CUST1566,2025-07-08,Chennai,Groceries,Female,23,Regular,3,3999,5,11397.15,Net Banking,Cancelled
103156,CUST1388,2026-01-25,Ahmedabad,Mobiles,Female,20,Regular,5,299,15,1270.75,Net Banking,Delivered
103157,CUST1032,2026-05-21,Guntur,Electronics,Female,41,Premium,2,3999,5,7598.1,UPI,Returned
103158,CUST1076,2026-09-14,Delhi,Groceries,Female,36,Premium,5,799,5,3795.25,Cash on Delivery,Delivered
103159,CUST1308,2026-06-16,Hyderabad,Beauty,Female,36,Regular,5,999,25,3746.25,Credit Card,Cancelled
103160,CUST1022,2026-08-08,Delhi,Beauty,Female,18,Premium,2,1299,15,2208.3,Debit Card,Returned
103161,CUST1329,2025-07-04,Mumbai,Home & Kitchen,Male,46,New,1,1999,20,1599.2,Net Banking,Shipped
103162,CUST1393,2026-02-25,Guntur,Clothing,Female,50,New,1,499,25,374.25,UPI,Delivered
103163,CUST1070,2026-09-13,Ahmedabad,Books,Male,53,New,2,1599,0,3198.0,Cash on Delivery,Delivered
103164,CUST1416,2025-02-20,Vijayawada,Electronics,Female,51,Regular,2,499,15,848.3,Cash on Delivery,Returned
103165,CUST1476,2026-05-23,Vijayawada,Beauty,Male,24,New,1,299,10,269.1,Net Banking,Cancelled
103166,CUST1445,2026-03-14,Hyderabad,Mobiles,Female,30,Premium,5,1599,10,7195.5,Debit Card,Cancelled
103167,CUST1172,2026-02-04,Vijayawada,Electronics,Female,25,New,5,5999,0,29995.0,Debit Card,Returned
103168,CUST1290,2025-09-03,Kolkata,Home & Kitchen,Female,20,New,5,5999,15,25495.75,Cash on Delivery,Cancelled
103169,CUST1273,2025-04-19,Kolkata,Beauty,Female,30,Regular,4,1999,25,5997.0,Net Banking,Delivered
103170,CUST1509,2026-07-19,Bengaluru,Mobiles,Female,49,Regular,2,299,15,508.3,Net Banking,Shipped
103171,CUST1342,2026-01-18,Kolkata,Books,Male,52,New,5,3999,25,14996.25,Debit Card,Returned
103172,CUST1128,2026-09-11,Vijayawada,Sports,Male,20,New,5,3999,15,16995.75,Net Banking,Shipped
103173,CUST1592,2025-03-05,Guntur,Home & Kitchen,Female,49,New,4,999,15,3396.6,Net Banking,Delivered
103174,CUST1194,2026-08-06,Chennai,Sports,Male,20,New,4,3999,20,12796.8,UPI,Shipped
103175,CUST1041,2026-07-23,Pune,Beauty,Male,50,Premium,4,2499,5,9496.2,Cash on Delivery,Cancelled
103176,CUST1183,2025-08-26,Mumbai,Home & Kitchen,Male,26,Premium,2,1299,10,2338.2,Debit Card,Returned
103177,CUST1117,2025-09-17,Vijayawada,Home & Kitchen,Female,55,Premium,4,2499,0,9996.0,Net Banking,Shipped
103178,CUST1237,2025-10-25,Ahmedabad,Home & Kitchen,Male,26,Premium,3,299,15,762.45,Credit Card,Delivered
103179,CUST1344,2026-03-28,Hyderabad,Groceries,Female,46,Regular,4,2499,15,8496.6,UPI,Cancelled
103180,CUST1495,2025-11-30,Ahmedabad,Clothing,Female,37,New,4,5999,15,20396.6,UPI,Shipped
103181,CUST1327,2025-11-05,Chennai,Sports,Male,50,Premium,2,999,25,1498.5,UPI,Delivered
103182,CUST1145,2025-12-05,Delhi,Home & Kitchen,Male,35,Premium,4,1299,0,5196.0,UPI,Shipped
103183,CUST1361,2026-01-25,Mumbai,Home & Kitchen,Female,30,New,5,1299,15,5520.75,Net Banking,Delivered
103184,CUST1005,2026-02-21,Kolkata,Sports,Female,19,Regular,5,1599,15,6795.75,Net Banking,Cancelled
103185,CUST1273,2025-08-22,Guntur,Electronics,Male,19,Regular,5,5999,10,26995.5,Credit Card,Returned
103186,CUST1198,2026-08-31,Pune,Books,Male,25,New,4,999,20,3196.8,UPI,Delivered
103187,CUST1426,2026-06-02,Ahmedabad,Clothing,Male,27,Premium,5,5999,20,23996.0,Net Banking,Shipped
103188,CUST1542,2026-01-14,Bengaluru,Clothing,Male,23,Regular,4,1299,5,4936.2,Cash on Delivery,Delivered
103189,CUST1406,2025-07-13,Hyderabad,Clothing,Female,36,Premium,3,1999,10,5397.3,Credit Card,Returned
103190,CUST1291,2025-07-11,Mumbai,Home & Kitchen,Male,29,New,3,1299,10,3507.3,Credit Card,Cancelled
103191,CUST1174,2025-09-14,Vijayawada,Groceries,Female,18,Regular,4,3999,25,11997.0,UPI,Returned
103192,CUST1395,2025-09-10,Mumbai,Electronics,Female,34,Regular,3,799,10,2157.3,UPI,Delivered
103193,CUST1539,2026-03-04,Guntur,Electronics,Female,54,Regular,1,799,20,639.2,UPI,Returned
103194,CUST1266,2025-07-14,Guntur,Home & Kitchen,Male,28,New,3,499,0,1497.0,Debit Card,Delivered
103195,CUST1393,2026-05-15,Kolkata,Electronics,Female,45,Regular,3,1599,0,4797.0,UPI,Cancelled
103196,CUST1202,2025-10-04,Mumbai,Beauty,Female,18,New,1,799,5,759.05,Net Banking,Cancelled
103197,CUST1328,2026-09-04,Kolkata,Clothing,Female,24,Premium,1,1299,15,1104.15,Debit Card,Returned
103198,CUST1338,2026-07-16,Vijayawada,Books,Male,28,New,2,3999,0,7998.0,Net Banking,Delivered
103199,CUST1597,2025-04-16,Ahmedabad,Books,Male,36,New,3,499,20,1197.6,Debit Card,Delivered
103200,CUST1407,2025-03-28,Ahmedabad,Groceries,Male,36,New,2,2499,10,4498.2,Cash on Delivery,Cancelled
103201,CUST1032,2025-06-07,Guntur,Mobiles,Female,20,New,1,299,5,284.05,UPI,Cancelled
103202,CUST1526,2025-11-11,Kolkata,Beauty,Female,41,Premium,4,3999,20,12796.8,Debit Card,Delivered
103203,CUST1128,2026-07-10,Chennai,Beauty,Female,38,Premium,2,1999,5,3798.1,UPI,Returned
103204,CUST1127,2025-11-16,Pune,Groceries,Male,25,Premium,3,5999,20,14397.6,UPI,Delivered
103205,CUST1323,2025-04-11,Vijayawada,Groceries,Male,40,Regular,2,199,20,318.4,Net Banking,Shipped
103206,CUST1257,2025-08-30,Hyderabad,Home & Kitchen,Male,34,Regular,3,499,20,1197.6,Credit Card,Returned
103207,CUST1162,2026-05-04,Hyderabad,Home & Kitchen,Female,33,Regular,1,5999,5,5699.05,Credit Card,Shipped
103208,CUST1459,2026-07-04,Delhi,Beauty,Male,37,New,4,1999,0,7996.0,Net Banking,Shipped
103209,CUST1437,2026-08-28,Mumbai,Mobiles,Female,21,Premium,5,1999,25,7496.25,Cash on Delivery,Returned
103210,CUST1347,2025-05-18,Vijayawada,Books,Male,19,New,1,199,15,169.15,Credit Card,Delivered
103211,CUST1505,2026-01-15,Vijayawada,Books,Female,26,Regular,1,199,25,149.25,Debit Card,Shipped
103212,CUST1448,2026-03-19,Kolkata,Groceries,Male,49,Regular,3,999,0,2997.0,Credit Card,Cancelled
103213,CUST1106,2025-07-09,Kolkata,Home & Kitchen,Male,42,Premium,2,2499,25,3748.5,Credit Card,Shipped
103214,CUST1529,2026-04-16,Hyderabad,Mobiles,Male,35,New,5,5999,15,25495.75,Credit Card,Cancelled
103215,CUST1377,2026-04-13,Ahmedabad,Groceries,Male,23,Premium,2,299,20,478.4,Cash on Delivery,Shipped
103216,CUST1320,2025-03-24,Delhi,Electronics,Female,18,Regular,2,1299,5,2468.1,UPI,Returned
103217,CUST1572,2026-05-06,Kolkata,Books,Female,54,Premium,3,199,25,447.75,Net Banking,Returned
103218,CUST1517,2025-07-22,Mumbai,Beauty,Male,22,New,3,1999,15,5097.45,Net Banking,Delivered
103219,CUST1264,2025-11-30,Kolkata,Books,Female,35,Premium,5,1299,0,6495.0,Credit Card,Shipped
103220,CUST1104,2026-01-15,Chennai,Groceries,Male,38,Premium,5,1299,10,5845.5,UPI,Cancelled
103221,CUST1214,2025-10-29,Pune,Clothing,Male,19,Premium,1,3999,15,3399.15,Cash on Delivery,Returned
103222,CUST1236,2025-11-13,Mumbai,Groceries,Female,40,Premium,3,299,25,672.75,Net Banking,Delivered
103223,CUST1504,2025-12-10,Chennai,Mobiles,Male,27,New,1,999,0,999.0,Debit Card,Shipped
103224,CUST1041,2026-03-06,Chennai,Home & Kitchen,Male,52,New,4,2499,15,8496.6,Credit Card,Delivered
103225,CUST1584,2026-03-28,Chennai,Sports,Female,46,Premium,1,2499,20,1999.2,Debit Card,Shipped
103226,CUST1325,2025-05-03,Ahmedabad,Beauty,Male,49,New,1,499,15,424.15,UPI,Delivered
103227,CUST1108,2025-11-10,Hyderabad,Beauty,Male,33,New,5,799,5,3795.25,Cash on Delivery,Cancelled
103228,CUST1028,2026-08-19,Chennai,Clothing,Male,33,Premium,3,5999,0,17997.0,Cash on Delivery,Cancelled
103229,CUST1039,2026-07-15,Hyderabad,Home & Kitchen,Male,50,New,3,299,25,672.75,Debit Card,Delivered
103230,CUST1459,2025-09-16,Hyderabad,Home & Kitchen,Female,45,New,1,2499,0,2499.0,Cash on Delivery,Returned
103231,CUST1197,2026-06-30,Vijayawada,Clothing,Female,54,Premium,4,5999,25,17997.0,Net Banking,Returned
103232,CUST1022,2025-01-12,Bengaluru,Groceries,Female,49,Regular,2,5999,5,11398.1,Credit Card,Shipped
103233,CUST1045,2025-11-11,Mumbai,Sports,Male,20,New,3,499,0,1497.0,Debit Card,Returned
103234,CUST1300,2025-01-02,Guntur,Groceries,Male,33,Regular,1,199,25,149.25,Debit Card,Cancelled
103235,CUST1049,2026-04-12,Delhi,Home & Kitchen,Male,32,Premium,5,999,5,4745.25,Debit Card,Returned
103236,CUST1501,2026-04-21,Mumbai,Clothing,Female,53,Regular,2,5999,0,11998.0,Cash on Delivery,Returned
103237,CUST1223,2026-05-03,Kolkata,Mobiles,Female,22,New,4,1299,0,5196.0,Credit Card,Delivered
103238,CUST1468,2026-06-30,Vijayawada,Electronics,Female,50,Regular,5,799,20,3196.0,Credit Card,Delivered
103239,CUST1259,2025-10-09,Pune,Sports,Female,50,New,3,299,20,717.6,Cash on Delivery,Shipped
103240,CUST1032,2025-10-15,Delhi,Beauty,Female,20,New,1,2499,20,1999.2,UPI,Cancelled
103241,CUST1198,2026-05-12,Ahmedabad,Clothing,Female,33,Premium,3,2499,10,6747.3,Cash on Delivery,Shipped
103242,CUST1196,2025-02-03,Chennai,Home & Kitchen,Female,23,Premium,3,999,10,2697.3,Net Banking,Cancelled
103243,CUST1529,2025-09-15,Pune,Beauty,Female,18,New,1,1599,5,1519.05,UPI,Returned
103244,CUST1573,2025-03-18,Bengaluru,Home & Kitchen,Male,40,Regular,3,799,15,2037.45,Debit Card,Cancelled
103245,CUST1037,2025-08-13,Delhi,Beauty,Female,47,Premium,3,999,10,2697.3,Net Banking,Shipped
103246,CUST1040,2025-05-19,Delhi,Home & Kitchen,Male,35,New,1,199,25,149.25,Net Banking,Cancelled
103247,CUST1303,2026-05-22,Mumbai,Clothing,Female,41,Premium,1,299,5,284.05,Cash on Delivery,Delivered
103248,CUST1319,2025-10-14,Kolkata,Beauty,Female,48,New,1,199,25,149.25,Net Banking,Returned
103249,CUST1130,2025-09-21,Bengaluru,Books,Female,21,Premium,3,499,15,1272.45,Debit Card,Returned
103250,CUST1121,2026-04-27,Kolkata,Mobiles,Female,18,New,1,299,0,299.0,Credit Card,Shipped
103251,CUST1293,2025-12-01,Bengaluru,Groceries,Male,47,New,4,199,25,597.0,Credit Card,Cancelled
103252,CUST1495,2026-01-21,Bengaluru,Electronics,Male,21,Regular,4,2499,20,7996.8,Credit Card,Delivered
103253,CUST1513,2026-04-21,Ahmedabad,Home & Kitchen,Female,43,Premium,4,3999,20,12796.8,Credit Card,Cancelled
103254,CUST1125,2026-04-24,Guntur,Groceries,Male,23,Premium,1,999,20,799.2,Cash on Delivery,Cancelled
103255,CUST1271,2025-09-08,Pune,Beauty,Female,24,Premium,2,799,0,1598.0,UPI,Shipped
103256,CUST1487,2026-04-20,Hyderabad,Electronics,Male,35,New,3,3999,0,11997.0,Cash on Delivery,Cancelled
103257,CUST1481,2025-07-22,Bengaluru,Electronics,Female,31,Regular,2,1299,15,2208.3,Credit Card,Cancelled
103258,CUST1075,2025-04-04,Pune,Books,Male,22,New,2,799,0,1598.0,Net Banking,Delivered
103259,CUST1501,2025-05-21,Guntur,Groceries,Female,55,New,1,1599,0,1599.0,UPI,Delivered
103260,CUST1317,2026-01-05,Bengaluru,Home & Kitchen,Female,46,Premium,2,499,0,998.0,Credit Card,Cancelled
103261,CUST1140,2025-07-24,Pune,Beauty,Male,25,Regular,5,999,25,3746.25,UPI,Cancelled
103262,CUST1146,2026-08-08,Mumbai,Clothing,Female,39,Regular,5,999,10,4495.5,Credit Card,Returned
103263,CUST1543,2025-11-21,Vijayawada,Sports,Male,52,New,5,499,15,2120.75,Debit Card,Cancelled
103264,CUST1200,2025-02-02,Pune,Sports,Male,40,Premium,2,799,5,1518.1,UPI,Shipped
103265,CUST1031,2025-12-08,Pune,Electronics,Female,38,New,2,2499,20,3998.4,Cash on Delivery,Delivered
103266,CUST1266,2026-08-23,Bengaluru,Home & Kitchen,Female,29,Regular,4,799,10,2876.4,Cash on Delivery,Returned
103267,CUST1281,2026-05-16,Ahmedabad,Beauty,Female,55,New,4,999,10,3596.4,UPI,Cancelled
103268,CUST1446,2026-03-14,Hyderabad,Beauty,Male,42,Regular,3,199,0,597.0,Net Banking,Returned
103269,CUST1213,2025-05-09,Delhi,Mobiles,Male,53,Regular,4,1299,10,4676.4,Debit Card,Returned
103270,CUST1125,2025-01-22,Hyderabad,Books,Male,47,New,5,299,5,1420.25,Debit Card,Cancelled
103271,CUST1045,2025-12-29,Guntur,Beauty,Male,54,Premium,2,3999,15,6798.3,Credit Card,Shipped
103272,CUST1578,2025-09-16,Vijayawada,Beauty,Male,41,Premium,4,199,15,676.6,UPI,Returned
103273,CUST1404,2025-10-31,Hyderabad,Groceries,Male,41,New,2,299,25,448.5,Credit Card,Cancelled
103274,CUST1265,2025-09-10,Bengaluru,Home & Kitchen,Female,53,Premium,5,2499,20,9996.0,Debit Card,Shipped
103275,CUST1271,2025-09-06,Ahmedabad,Beauty,Female,39,Regular,4,299,15,1016.6,Net Banking,Cancelled
103276,CUST1178,2025-12-29,Delhi,Groceries,Male,49,Premium,4,2499,0,9996.0,Debit Card,Shipped
103277,CUST1136,2026-03-26,Vijayawada,Books,Male,28,New,1,2499,5,2374.05,Net Banking,Shipped
103278,CUST1105,2026-02-08,Delhi,Beauty,Female,19,Premium,2,1999,15,3398.3,Debit Card,Delivered
103279,CUST1376,2025-10-12,Guntur,Clothing,Male,53,Regular,4,1299,25,3897.0,Credit Card,Delivered
103280,CUST1140,2025-05-06,Vijayawada,Home & Kitchen,Male,48,Premium,1,1299,0,1299.0,Debit Card,Cancelled
103281,CUST1139,2026-08-25,Delhi,Beauty,Female,48,Regular,3,499,20,1197.6,Credit Card,Shipped
103282,CUST1235,2025-08-04,Delhi,Groceries,Male,46,Premium,3,999,5,2847.15,Credit Card,Returned
103283,CUST1123,2026-08-16,Hyderabad,Electronics,Male,42,New,2,299,10,538.2,Cash on Delivery,Returned
103284,CUST1258,2025-06-19,Kolkata,Beauty,Female,39,New,1,999,5,949.05,Cash on Delivery,Delivered
103285,CUST1115,2026-01-05,Hyderabad,Sports,Male,18,Premium,3,1999,5,5697.15,Net Banking,Shipped
103286,CUST1032,2025-03-09,Ahmedabad,Sports,Male,48,Premium,5,1999,5,9495.25,Credit Card,Shipped
103287,CUST1134,2026-04-24,Ahmedabad,Mobiles,Male,35,New,4,799,0,3196.0,Debit Card,Cancelled
103288,CUST1465,2025-02-22,Pune,Electronics,Male,44,Premium,2,5999,25,8998.5,UPI,Delivered
103289,CUST1177,2026-09-15,Hyderabad,Mobiles,Male,28,New,1,1999,5,1899.05,Net Banking,Cancelled
103290,CUST1332,2025-12-22,Ahmedabad,Beauty,Male,26,New,2,799,20,1278.4,Credit Card,Delivered
103291,CUST1476,2025-12-02,Pune,Clothing,Female,41,Regular,5,3999,20,15996.0,Net Banking,Delivered
103292,CUST1565,2025-07-22,Kolkata,Electronics,Female,18,Premium,2,799,0,1598.0,Debit Card,Delivered
103293,CUST1287,2026-04-22,Guntur,Groceries,Male,21,Regular,3,199,5,567.15,Net Banking,Returned
103294,CUST1497,2026-05-21,Pune,Sports,Female,18,Premium,3,2499,25,5622.75,Debit Card,Delivered
103295,CUST1449,2025-11-07,Vijayawada,Groceries,Female,44,Premium,3,199,10,537.3,Debit Card,Returned
103296,CUST1440,2025-05-12,Pune,Clothing,Male,36,Premium,4,499,20,1596.8,Credit Card,Delivered
103297,CUST1277,2025-11-12,Pune,Electronics,Female,43,New,2,5999,20,9598.4,UPI,Returned
103298,CUST1303,2026-01-31,Ahmedabad,Groceries,Female,24,Regular,3,5999,5,17097.15,Cash on Delivery,Returned
103299,CUST1574,2025-09-20,Mumbai,Sports,Female,46,Regular,1,1999,20,1599.2,Net Banking,Delivered
103300,CUST1448,2025-03-30,Delhi,Home & Kitchen,Female,36,New,1,1599,25,1199.25,Net Banking,Returned
103301,CUST1325,2025-08-30,Chennai,Mobiles,Female,21,New,5,1999,20,7996.0,Credit Card,Cancelled
103302,CUST1273,2026-08-12,Pune,Home & Kitchen,Female,33,Regular,2,299,15,508.3,Net Banking,Delivered
103303,CUST1041,2025-10-04,Delhi,Groceries,Female,40,New,4,199,10,716.4,Net Banking,Returned
103304,CUST1443,2026-01-18,Ahmedabad,Home & Kitchen,Male,32,Premium,4,3999,5,15196.2,Credit Card,Returned
103305,CUST1145,2025-08-02,Pune,Beauty,Female,29,New,3,1999,0,5997.0,Credit Card,Shipped
103306,CUST1469,2025-01-05,Kolkata,Sports,Male,41,New,1,2499,10,2249.1,Credit Card,Cancelled
103307,CUST1021,2025-07-05,Hyderabad,Electronics,Female,49,Premium,3,1599,15,4077.45,Credit Card,Returned
103308,CUST1208,2026-09-13,Bengaluru,Clothing,Male,43,Regular,1,799,0,799.0,Credit Card,Shipped
103309,CUST1549,2026-08-26,Bengaluru,Mobiles,Female,19,Premium,5,1299,15,5520.75,Cash on Delivery,Delivered
103310,CUST1279,2026-03-13,Mumbai,Clothing,Female,33,New,1,199,15,169.15,Cash on Delivery,Delivered
103311,CUST1500,2025-02-22,Bengaluru,Books,Male,42,Premium,3,3999,0,11997.0,Cash on Delivery,Delivered
103312,CUST1470,2026-01-26,Mumbai,Home & Kitchen,Male,40,Regular,2,2499,25,3748.5,Cash on Delivery,Cancelled
103313,CUST1514,2025-01-07,Mumbai,Beauty,Male,51,New,3,999,10,2697.3,Debit Card,Returned
103314,CUST1501,2025-11-11,Kolkata,Sports,Male,22,Regular,1,999,5,949.05,UPI,Returned
103315,CUST1265,2025-06-27,Ahmedabad,Home & Kitchen,Male,28,New,4,799,25,2397.0,Credit Card,Shipped
103316,CUST1126,2026-08-14,Pune,Electronics,Male,47,Premium,5,2499,5,11870.25,UPI,Shipped
103317,CUST1280,2025-05-22,Kolkata,Books,Female,44,Regular,1,999,25,749.25,Cash on Delivery,Delivered
103318,CUST1476,2026-01-08,Mumbai,Beauty,Male,36,Regular,3,299,25,672.75,Cash on Delivery,Shipped
103319,CUST1318,2026-08-14,Pune,Mobiles,Female,49,Premium,1,299,15,254.15,Cash on Delivery,Returned
103320,CUST1411,2026-01-17,Bengaluru,Mobiles,Female,20,Premium,4,1599,15,5436.6,Debit Card,Shipped
103321,CUST1351,2025-01-09,Vijayawada,Beauty,Female,39,Regular,5,5999,25,22496.25,Credit Card,Delivered
103322,CUST1587,2026-05-18,Ahmedabad,Mobiles,Male,55,Premium,3,199,10,537.3,Net Banking,Returned
103323,CUST1283,2025-05-28,Vijayawada,Home & Kitchen,Male,45,New,4,1299,10,4676.4,Net Banking,Cancelled
103324,CUST1550,2025-02-11,Delhi,Groceries,Female,35,New,4,3999,5,15196.2,UPI,Returned
103325,CUST1443,2026-05-06,Chennai,Electronics,Male,28,New,2,999,15,1698.3,Debit Card,Shipped
103326,CUST1195,2025-02-26,Ahmedabad,Groceries,Male,19,New,2,299,20,478.4,UPI,Delivered
103327,CUST1411,2026-06-05,Pune,Books,Female,39,Premium,3,5999,0,17997.0,Cash on Delivery,Cancelled
103328,CUST1158,2026-01-16,Ahmedabad,Beauty,Male,39,New,2,999,10,1798.2,Debit Card,Shipped
103329,CUST1355,2026-02-26,Delhi,Groceries,Female,22,Regular,5,1999,10,8995.5,Net Banking,Shipped
103330,CUST1248,2026-05-29,Pune,Sports,Female,45,Premium,4,299,25,897.0,Cash on Delivery,Shipped
103331,CUST1551,2025-07-28,Mumbai,Books,Male,47,Premium,5,3999,10,17995.5,Net Banking,Shipped
103332,CUST1126,2025-12-01,Ahmedabad,Clothing,Female,26,Regular,4,199,25,597.0,Cash on Delivery,Cancelled
103333,CUST1201,2026-04-27,Mumbai,Books,Male,45,Premium,4,499,20,1596.8,Debit Card,Delivered
103334,CUST1445,2026-05-12,Delhi,Electronics,Male,18,New,5,1999,5,9495.25,Cash on Delivery,Delivered
103335,CUST1321,2026-09-14,Vijayawada,Electronics,Male,52,Premium,1,5999,20,4799.2,Cash on Delivery,Shipped
103336,CUST1078,2025-04-14,Ahmedabad,Electronics,Female,40,Premium,2,299,10,538.2,Cash on Delivery,Shipped
103337,CUST1188,2025-11-09,Vijayawada,Electronics,Male,43,Regular,3,1599,25,3597.75,Cash on Delivery,Returned
103338,CUST1362,2025-08-11,Hyderabad,Home & Kitchen,Female,30,Premium,2,3999,5,7598.1,Credit Card,Returned
103339,CUST1552,2025-05-12,Guntur,Books,Male,33,New,3,799,25,1797.75,Cash on Delivery,Cancelled
103340,CUST1068,2025-11-17,Bengaluru,Home & Kitchen,Male,27,Regular,5,2499,10,11245.5,Net Banking,Cancelled
103341,CUST1287,2025-07-14,Pune,Electronics,Male,33,New,3,199,15,507.45,Net Banking,Delivered
103342,CUST1026,2026-08-22,Vijayawada,Books,Female,18,Regular,5,3999,15,16995.75,Credit Card,Delivered
103343,CUST1496,2025-01-25,Guntur,Home & Kitchen,Male,39,Premium,5,199,15,845.75,Credit Card,Shipped
103344,CUST1226,2026-05-16,Delhi,Beauty,Female,39,Regular,4,5999,25,17997.0,Cash on Delivery,Returned
103345,CUST1366,2025-03-08,Delhi,Groceries,Female,38,Regular,4,499,15,1696.6,Net Banking,Delivered
103346,CUST1399,2025-10-23,Mumbai,Beauty,Male,39,Premium,4,299,5,1136.2,Credit Card,Shipped
103347,CUST1184,2026-08-14,Delhi,Electronics,Male,22,Regular,2,3999,10,7198.2,UPI,Delivered
103348,CUST1256,2025-08-01,Ahmedabad,Electronics,Female,28,Regular,3,799,25,1797.75,Net Banking,Cancelled
103349,CUST1485,2026-06-01,Chennai,Groceries,Male,26,Premium,2,999,15,1698.3,Net Banking,Delivered
103350,CUST1113,2025-08-15,Vijayawada,Mobiles,Female,33,Premium,4,299,25,897.0,Debit Card,Cancelled
103351,CUST1087,2026-04-19,Guntur,Beauty,Male,29,New,1,999,5,949.05,Cash on Delivery,Cancelled
103352,CUST1283,2026-09-05,Bengaluru,Groceries,Female,34,New,1,199,0,199.0,Cash on Delivery,Cancelled
103353,CUST1577,2025-10-25,Mumbai,Clothing,Female,27,New,3,799,5,2277.15,UPI,Delivered
103354,CUST1408,2026-04-20,Kolkata,Groceries,Female,28,Regular,2,499,15,848.3,Net Banking,Delivered
103355,CUST1494,2026-06-04,Guntur,Electronics,Male,30,Premium,4,2499,10,8996.4,Debit Card,Shipped
103356,CUST1045,2025-02-10,Hyderabad,Beauty,Male,26,Regular,1,199,20,159.2,Net Banking,Returned
103357,CUST1413,2026-05-03,Pune,Beauty,Male,48,New,4,1299,10,4676.4,Net Banking,Cancelled
103358,CUST1281,2026-04-19,Mumbai,Groceries,Male,29,Premium,1,799,10,719.1,Debit Card,Returned
103359,CUST1067,2025-12-29,Pune,Books,Female,30,Regular,4,2499,10,8996.4,UPI,Returned
103360,CUST1070,2025-11-17,Kolkata,Sports,Male,49,Regular,4,799,10,2876.4,Net Banking,Returned
103361,CUST1419,2026-01-03,Pune,Beauty,Male,20,Premium,5,1299,20,5196.0,Credit Card,Shipped
103362,CUST1584,2026-04-04,Mumbai,Books,Female,26,New,3,499,5,1422.15,UPI,Shipped
103363,CUST1272,2025-07-08,Pune,Sports,Female,55,Premium,2,1299,0,2598.0,Debit Card,Shipped
103364,CUST1407,2026-04-10,Mumbai,Electronics,Female,22,Regular,2,799,15,1358.3,Credit Card,Returned
103365,CUST1484,2025-11-11,Hyderabad,Clothing,Male,49,New,2,199,5,378.1,Credit Card,Shipped
103366,CUST1371,2025-05-05,Vijayawada,Books,Male,27,New,1,3999,5,3799.05,Net Banking,Cancelled
103367,CUST1313,2025-02-03,Ahmedabad,Beauty,Male,53,Regular,1,5999,25,4499.25,UPI,Returned
103368,CUST1056,2026-03-19,Kolkata,Mobiles,Male,36,Regular,5,1299,5,6170.25,Cash on Delivery,Returned
103369,CUST1160,2025-01-25,Bengaluru,Books,Female,45,Regular,1,1999,20,1599.2,Cash on Delivery,Cancelled
103370,CUST1005,2026-07-30,Ahmedabad,Books,Male,51,Regular,2,1599,25,2398.5,Net Banking,Shipped
103371,CUST1344,2025-12-31,Ahmedabad,Home & Kitchen,Female,45,New,1,2499,10,2249.1,Net Banking,Returned
103372,CUST1150,2025-07-08,Chennai,Home & Kitchen,Female,46,Premium,4,1599,20,5116.8,Credit Card,Returned
103373,CUST1170,2025-09-08,Delhi,Electronics,Female,47,New,3,1599,20,3837.6,Credit Card,Shipped
103374,CUST1408,2025-09-17,Guntur,Electronics,Female,24,Regular,3,1599,15,4077.45,Net Banking,Returned
103375,CUST1526,2025-03-31,Mumbai,Home & Kitchen,Female,51,Premium,5,199,15,845.75,Net Banking,Returned
103376,CUST1261,2026-09-23,Hyderabad,Groceries,Female,23,Premium,2,999,10,1798.2,Cash on Delivery,Cancelled
103377,CUST1307,2026-03-04,Bengaluru,Electronics,Male,33,New,1,799,25,599.25,Net Banking,Shipped
103378,CUST1594,2026-07-12,Chennai,Books,Female,44,Premium,1,299,15,254.15,UPI,Shipped
103379,CUST1254,2025-07-28,Ahmedabad,Electronics,Male,28,New,4,1999,20,6396.8,UPI,Delivered
103380,CUST1376,2026-01-30,Vijayawada,Electronics,Male,27,New,2,299,20,478.4,Net Banking,Delivered
103381,CUST1200,2026-01-08,Chennai,Beauty,Male,22,Regular,2,799,0,1598.0,UPI,Shipped
103382,CUST1188,2025-03-23,Chennai,Clothing,Female,48,New,2,1999,0,3998.0,UPI,Delivered
103383,CUST1019,2025-07-07,Chennai,Clothing,Female,49,Premium,5,1299,20,5196.0,Debit Card,Returned
103384,CUST1006,2026-08-13,Guntur,Clothing,Female,42,Regular,1,199,25,149.25,Credit Card,Shipped
103385,CUST1264,2025-10-29,Chennai,Mobiles,Male,41,New,3,2499,5,7122.15,Debit Card,Cancelled
103386,CUST1119,2026-05-20,Guntur,Mobiles,Male,53,Regular,3,1599,20,3837.6,UPI,Shipped
103387,CUST1034,2026-05-10,Bengaluru,Electronics,Male,33,Premium,2,2499,5,4748.1,Net Banking,Delivered
103388,CUST1582,2026-07-13,Guntur,Home & Kitchen,Male,28,New,2,999,25,1498.5,Cash on Delivery,Delivered
103389,CUST1220,2025-01-26,Vijayawada,Books,Male,52,New,3,3999,25,8997.75,Credit Card,Cancelled
103390,CUST1370,2025-07-11,Vijayawada,Electronics,Male,23,New,4,1599,5,6076.2,UPI,Delivered
103391,CUST1298,2026-03-24,Vijayawada,Groceries,Male,42,Regular,4,3999,10,14396.4,UPI,Delivered
103392,CUST1114,2025-03-27,Guntur,Beauty,Female,52,Regular,4,1999,20,6396.8,Credit Card,Delivered
103393,CUST1194,2025-07-03,Kolkata,Beauty,Female,28,Regular,3,299,10,807.3,Cash on Delivery,Shipped
103394,CUST1588,2025-01-17,Bengaluru,Clothing,Female,39,New,2,499,0,998.0,UPI,Cancelled
103395,CUST1535,2025-01-13,Bengaluru,Clothing,Male,39,New,3,799,0,2397.0,Cash on Delivery,Cancelled
103396,CUST1514,2025-11-24,Pune,Home & Kitchen,Female,44,Regular,1,2499,10,2249.1,Cash on Delivery,Delivered
103397,CUST1447,2025-08-27,Delhi,Mobiles,Male,18,Premium,4,2499,10,8996.4,Credit Card,Delivered
103398,CUST1302,2026-04-06,Hyderabad,Sports,Male,38,Regular,4,999,25,2997.0,UPI,Delivered
103399,CUST1466,2026-05-25,Ahmedabad,Mobiles,Male,26,Premium,2,1999,5,3798.1,Credit Card,Delivered
103400,CUST1012,2025-05-01,Pune,Clothing,Male,28,New,5,799,5,3795.25,Credit Card,Cancelled
103401,CUST1547,2025-01-29,Hyderabad,Clothing,Male,41,New,4,799,15,2716.6,Credit Card,Cancelled
103402,CUST1068,2025-02-12,Delhi,Books,Female,22,Premium,4,1299,0,5196.0,UPI,Returned
103403,CUST1361,2025-02-20,Delhi,Beauty,Female,30,Premium,4,999,20,3196.8,UPI,Shipped
103404,CUST1026,2025-09-18,Bengaluru,Books,Male,33,Premium,1,1999,25,1499.25,Net Banking,Delivered
103405,CUST1281,2026-08-15,Pune,Beauty,Female,43,Regular,1,299,0,299.0,Cash on Delivery,Returned
103406,CUST1275,2025-03-14,Ahmedabad,Beauty,Male,24,Regular,5,1299,5,6170.25,UPI,Shipped
103407,CUST1340,2025-04-07,Guntur,Mobiles,Female,20,New,4,1599,10,5756.4,Credit Card,Shipped
103408,CUST1359,2026-07-23,Chennai,Books,Female,50,New,1,999,25,749.25,Cash on Delivery,Returned
103409,CUST1153,2025-05-20,Hyderabad,Sports,Male,52,Regular,3,799,25,1797.75,Net Banking,Returned
103410,CUST1179,2025-08-30,Delhi,Home & Kitchen,Male,31,Premium,3,2499,15,6372.45,Debit Card,Returned
103411,CUST1249,2025-01-17,Ahmedabad,Beauty,Female,30,Premium,2,999,0,1998.0,Net Banking,Cancelled
103412,CUST1273,2026-01-29,Vijayawada,Mobiles,Male,55,Premium,3,2499,10,6747.3,Credit Card,Cancelled
103413,CUST1246,2026-02-07,Ahmedabad,Clothing,Female,47,Regular,3,499,25,1122.75,Credit Card,Shipped
103414,CUST1241,2026-04-30,Bengaluru,Electronics,Female,28,New,2,1299,5,2468.1,UPI,Returned
103415,CUST1061,2026-03-11,Guntur,Books,Male,23,Regular,2,799,10,1438.2,Cash on Delivery,Shipped
103416,CUST1217,2025-09-19,Mumbai,Home & Kitchen,Female,29,New,3,499,15,1272.45,Credit Card,Cancelled
103417,CUST1273,2026-04-16,Pune,Sports,Male,37,New,1,999,10,899.1,Debit Card,Cancelled
103418,CUST1479,2025-05-31,Pune,Books,Female,36,Premium,1,299,0,299.0,Debit Card,Returned
103419,CUST1568,2025-10-23,Kolkata,Books,Male,37,Regular,2,299,25,448.5,Credit Card,Delivered
103420,CUST1114,2026-01-11,Guntur,Beauty,Female,49,Premium,1,499,20,399.2,Net Banking,Shipped
103421,CUST1514,2025-09-15,Delhi,Home & Kitchen,Female,46,Premium,4,999,5,3796.2,Credit Card,Cancelled
103422,CUST1508,2025-08-08,Pune,Clothing,Female,33,New,5,3999,20,15996.0,UPI,Returned
103423,CUST1078,2025-11-20,Kolkata,Groceries,Female,48,Premium,1,999,10,899.1,Credit Card,Shipped
103424,CUST1176,2025-02-19,Bengaluru,Sports,Male,22,New,3,1999,20,4797.6,Net Banking,Delivered
103425,CUST1245,2025-05-24,Delhi,Beauty,Male,37,New,3,1599,10,4317.3,UPI,Delivered
103426,CUST1431,2025-10-03,Ahmedabad,Beauty,Male,19,Regular,4,199,15,676.6,Net Banking,Returned
103427,CUST1105,2025-09-06,Vijayawada,Clothing,Female,20,Regular,4,999,20,3196.8,Debit Card,Delivered
103428,CUST1086,2026-03-11,Pune,Electronics,Male,24,New,1,999,15,849.15,Debit Card,Delivered
103429,CUST1046,2025-05-23,Hyderabad,Books,Male,29,Regular,2,299,15,508.3,Credit Card,Returned
103430,CUST1116,2026-06-08,Vijayawada,Electronics,Female,23,Regular,2,5999,5,11398.1,Net Banking,Cancelled
103431,CUST1405,2025-05-25,Mumbai,Mobiles,Female,28,New,3,199,15,507.45,UPI,Delivered
103432,CUST1140,2025-10-20,Bengaluru,Beauty,Male,48,New,1,999,10,899.1,Cash on Delivery,Shipped
103433,CUST1363,2025-09-10,Ahmedabad,Sports,Male,51,Premium,5,1599,0,7995.0,Debit Card,Cancelled
103434,CUST1448,2026-04-13,Chennai,Mobiles,Male,55,New,3,5999,15,15297.45,UPI,Cancelled
103435,CUST1481,2025-11-18,Ahmedabad,Groceries,Female,46,Regular,4,1999,20,6396.8,UPI,Returned
103436,CUST1224,2025-11-16,Ahmedabad,Books,Male,38,New,1,199,10,179.1,Debit Card,Shipped
103437,CUST1445,2026-08-07,Hyderabad,Home & Kitchen,Female,53,Premium,1,799,10,719.1,Cash on Delivery,Returned
103438,CUST1217,2026-03-12,Pune,Books,Female,43,New,1,3999,15,3399.15,Cash on Delivery,Cancelled
103439,CUST1091,2025-03-25,Kolkata,Books,Male,42,New,2,299,0,598.0,Credit Card,Returned
103440,CUST1024,2025-11-15,Vijayawada,Books,Female,55,Regular,3,299,20,717.6,UPI,Cancelled
103441,CUST1383,2026-09-14,Chennai,Sports,Male,35,Premium,2,1299,15,2208.3,Credit Card,Returned
103442,CUST1458,2026-04-10,Mumbai,Sports,Female,47,New,5,1299,0,6495.0,Cash on Delivery,Cancelled
103443,CUST1078,2026-07-28,Vijayawada,Home & Kitchen,Female,53,Regular,3,499,10,1347.3,Cash on Delivery,Returned
103444,CUST1504,2026-08-30,Pune,Home & Kitchen,Male,48,Premium,1,299,25,224.25,Credit Card,Cancelled
103445,CUST1215,2026-07-31,Ahmedabad,Beauty,Female,34,Premium,4,1299,5,4936.2,Net Banking,Delivered
103446,CUST1530,2025-05-26,Pune,Books,Male,46,New,1,799,25,599.25,UPI,Cancelled
103447,CUST1085,2025-04-02,Vijayawada,Books,Male,44,Premium,3,3999,25,8997.75,Debit Card,Returned
103448,CUST1071,2025-11-24,Chennai,Mobiles,Female,33,Regular,2,2499,10,4498.2,Credit Card,Cancelled
103449,CUST1445,2026-03-04,Vijayawada,Electronics,Female,21,Premium,1,999,5,949.05,Debit Card,Shipped
103450,CUST1270,2025-01-23,Mumbai,Clothing,Male,51,Premium,4,799,5,3036.2,Cash on Delivery,Returned
103451,CUST1184,2025-07-13,Mumbai,Sports,Male,31,Premium,4,499,20,1596.8,Net Banking,Delivered
103452,CUST1493,2025-10-21,Guntur,Beauty,Male,33,New,1,3999,0,3999.0,Credit Card,Delivered
103453,CUST1089,2026-06-01,Kolkata,Books,Male,44,Premium,3,999,10,2697.3,Cash on Delivery,Delivered
103454,CUST1204,2025-07-05,Guntur,Groceries,Female,53,Premium,1,5999,20,4799.2,UPI,Shipped
103455,CUST1426,2025-03-10,Delhi,Beauty,Female,47,Regular,1,3999,5,3799.05,Cash on Delivery,Shipped
103456,CUST1319,2026-03-03,Pune,Sports,Female,39,Premium,3,1999,15,5097.45,UPI,Shipped
103457,CUST1339,2025-09-14,Bengaluru,Groceries,Female,25,New,5,299,20,1196.0,UPI,Shipped
103458,CUST1323,2026-01-26,Pune,Groceries,Male,21,Premium,5,799,20,3196.0,Net Banking,Shipped
103459,CUST1085,2025-07-16,Chennai,Sports,Male,37,Premium,2,799,25,1198.5,Net Banking,Cancelled
103460,CUST1147,2025-12-11,Mumbai,Books,Male,45,New,1,1999,0,1999.0,Cash on Delivery,Delivered
103461,CUST1109,2026-01-30,Pune,Clothing,Female,37,Premium,4,999,25,2997.0,Cash on Delivery,Returned
103462,CUST1576,2025-06-10,Chennai,Books,Male,47,Premium,1,1599,10,1439.1,Net Banking,Returned
103463,CUST1289,2025-09-13,Hyderabad,Beauty,Female,48,New,1,499,20,399.2,Debit Card,Shipped
103464,CUST1370,2025-02-04,Kolkata,Groceries,Female,47,New,2,799,25,1198.5,Credit Card,Cancelled
103465,CUST1544,2026-07-14,Kolkata,Clothing,Female,40,New,2,2499,10,4498.2,Cash on Delivery,Cancelled
103466,CUST1322,2026-08-20,Mumbai,Books,Female,45,Regular,1,3999,10,3599.1,Debit Card,Shipped
103467,CUST1265,2025-09-01,Guntur,Sports,Male,37,New,5,199,0,995.0,Net Banking,Returned
103468,CUST1262,2026-05-23,Delhi,Electronics,Male,50,Premium,5,1299,10,5845.5,Cash on Delivery,Returned
103469,CUST1309,2026-09-06,Mumbai,Mobiles,Male,32,Regular,3,199,0,597.0,Cash on Delivery,Shipped
103470,CUST1029,2025-12-18,Hyderabad,Books,Male,47,Regular,1,499,20,399.2,UPI,Returned
103471,CUST1255,2025-09-05,Guntur,Beauty,Male,32,Premium,3,1599,0,4797.0,Debit Card,Delivered
103472,CUST1090,2026-05-15,Mumbai,Books,Female,48,Regular,5,3999,5,18995.25,Credit Card,Returned
103473,CUST1515,2025-12-20,Chennai,Home & Kitchen,Female,49,Premium,3,5999,5,17097.15,Net Banking,Cancelled
103474,CUST1434,2025-04-03,Mumbai,Clothing,Female,40,Premium,3,5999,0,17997.0,Cash on Delivery,Delivered
103475,CUST1427,2025-11-29,Guntur,Beauty,Female,53,Premium,3,1599,25,3597.75,Debit Card,Delivered
103476,CUST1245,2026-08-03,Mumbai,Books,Female,18,Regular,2,1599,25,2398.5,Net Banking,Cancelled
103477,CUST1074,2025-11-18,Chennai,Groceries,Female,44,New,1,1599,0,1599.0,Credit Card,Shipped
103478,CUST1153,2025-09-25,Pune,Beauty,Female,22,Premium,3,299,20,717.6,Credit Card,Delivered
103479,CUST1320,2025-05-29,Kolkata,Beauty,Female,53,Regular,4,3999,15,13596.6,Net Banking,Returned
103480,CUST1419,2026-08-08,Chennai,Clothing,Female,32,New,5,5999,20,23996.0,Debit Card,Shipped
103481,CUST1210,2026-05-22,Mumbai,Home & Kitchen,Male,40,Premium,1,999,25,749.25,UPI,Returned
103482,CUST1124,2025-09-14,Vijayawada,Mobiles,Female,43,Premium,2,799,0,1598.0,UPI,Delivered
103483,CUST1093,2026-05-15,Ahmedabad,Beauty,Male,47,Premium,4,799,0,3196.0,UPI,Cancelled
103484,CUST1431,2025-12-21,Vijayawada,Home & Kitchen,Male,18,Regular,2,1599,0,3198.0,Credit Card,Cancelled
103485,CUST1362,2026-03-04,Delhi,Mobiles,Female,43,Premium,4,799,25,2397.0,Debit Card,Shipped
103486,CUST1002,2026-09-15,Bengaluru,Electronics,Male,31,Premium,5,999,0,4995.0,Credit Card,Returned
103487,CUST1316,2025-07-28,Kolkata,Home & Kitchen,Female,37,Premium,1,799,5,759.05,Cash on Delivery,Shipped
103488,CUST1235,2025-11-29,Pune,Beauty,Male,25,Premium,2,5999,25,8998.5,Net Banking,Shipped
103489,CUST1440,2025-01-14,Ahmedabad,Sports,Female,26,Premium,2,2499,0,4998.0,UPI,Cancelled
103490,CUST1168,2025-07-24,Kolkata,Clothing,Female,49,Premium,1,299,0,299.0,UPI,Shipped
103491,CUST1235,2026-02-05,Mumbai,Books,Female,29,Premium,4,1599,15,5436.6,UPI,Shipped
103492,CUST1528,2025-06-12,Bengaluru,Sports,Male,30,New,4,1299,20,4156.8,Cash on Delivery,Delivered
103493,CUST1231,2025-06-27,Delhi,Sports,Male,40,Premium,5,999,0,4995.0,Credit Card,Delivered
103494,CUST1352,2025-07-25,Vijayawada,Mobiles,Female,44,Regular,2,999,25,1498.5,UPI,Cancelled
103495,CUST1413,2025-02-18,Kolkata,Mobiles,Male,47,New,2,199,10,358.2,Credit Card,Returned
103496,CUST1300,2025-12-04,Kolkata,Clothing,Female,28,Premium,2,999,20,1598.4,Net Banking,Shipped
103497,CUST1076,2026-06-04,Pune,Clothing,Female,55,Regular,5,499,0,2495.0,Cash on Delivery,Returned
103498,CUST1252,2026-02-28,Mumbai,Clothing,Female,40,Regular,3,3999,0,11997.0,Cash on Delivery,Cancelled
103499,CUST1397,2025-05-21,Guntur,Sports,Female,54,Premium,5,499,5,2370.25,UPI,Shipped
103500,CUST1595,2026-07-31,Bengaluru,Groceries,Female,38,Regular,3,2499,10,6747.3,Cash on Delivery,Returned
103501,CUST1549,2026-02-09,Mumbai,Sports,Female,19,Premium,1,799,20,639.2,UPI,Delivered
103502,CUST1410,2026-01-12,Delhi,Groceries,Male,31,Premium,5,1299,25,4871.25,Debit Card,Shipped
103503,CUST1292,2026-01-28,Guntur,Home & Kitchen,Female,19,Regular,1,299,20,239.2,Cash on Delivery,Delivered
103504,CUST1420,2026-07-30,Hyderabad,Mobiles,Male,46,New,3,5999,5,17097.15,UPI,Shipped
103505,CUST1220,2025-01-30,Kolkata,Clothing,Male,28,New,2,5999,25,8998.5,Net Banking,Returned
103506,CUST1454,2026-02-10,Vijayawada,Electronics,Male,46,New,4,1599,5,6076.2,Debit Card,Cancelled
103507,CUST1431,2026-05-31,Delhi,Electronics,Female,24,Premium,2,1599,10,2878.2,UPI,Cancelled
103508,CUST1199,2026-02-20,Ahmedabad,Beauty,Female,48,New,3,1999,10,5397.3,Debit Card,Cancelled
103509,CUST1250,2026-02-05,Guntur,Beauty,Female,18,Premium,4,799,20,2556.8,Debit Card,Cancelled
103510,CUST1508,2026-03-12,Chennai,Electronics,Female,51,Premium,5,5999,20,23996.0,Cash on Delivery,Delivered
103511,CUST1097,2025-03-01,Vijayawada,Home & Kitchen,Female,44,New,2,1299,5,2468.1,Debit Card,Cancelled
103512,CUST1034,2026-05-23,Ahmedabad,Sports,Male,37,New,5,199,25,746.25,UPI,Cancelled
103513,CUST1479,2026-01-31,Hyderabad,Electronics,Male,22,Premium,1,1299,20,1039.2,UPI,Delivered
103514,CUST1328,2026-04-07,Bengaluru,Beauty,Female,32,Premium,2,2499,20,3998.4,Debit Card,Returned
103515,CUST1238,2025-10-17,Ahmedabad,Electronics,Female,24,New,2,1599,20,2558.4,UPI,Cancelled
103516,CUST1537,2026-08-13,Chennai,Home & Kitchen,Male,30,New,4,1999,0,7996.0,Debit Card,Cancelled
103517,CUST1180,2025-05-09,Pune,Clothing,Male,23,Premium,5,5999,10,26995.5,UPI,Shipped
103518,CUST1015,2025-12-28,Ahmedabad,Books,Male,54,Regular,5,999,25,3746.25,UPI,Shipped
103519,CUST1038,2025-11-18,Chennai,Home & Kitchen,Male,53,Premium,5,1999,20,7996.0,Cash on Delivery,Returned
103520,CUST1397,2026-04-25,Vijayawada,Sports,Male,30,Regular,4,1599,0,6396.0,UPI,Shipped
103521,CUST1224,2026-08-01,Kolkata,Mobiles,Female,36,Premium,5,1999,20,7996.0,Credit Card,Delivered
103522,CUST1418,2026-06-25,Chennai,Home & Kitchen,Male,46,Premium,1,2499,5,2374.05,UPI,Shipped
103523,CUST1171,2026-01-30,Hyderabad,Mobiles,Male,40,Regular,4,799,20,2556.8,Net Banking,Delivered
103524,CUST1229,2026-07-19,Guntur,Clothing,Female,50,Regular,3,299,5,852.15,UPI,Cancelled
103525,CUST1506,2026-03-25,Guntur,Home & Kitchen,Male,20,New,4,1599,15,5436.6,UPI,Shipped
103526,CUST1277,2026-06-28,Hyderabad,Sports,Male,33,Premium,4,1299,15,4416.6,UPI,Shipped
103527,CUST1501,2026-03-04,Kolkata,Mobiles,Male,28,Regular,1,1599,15,1359.15,Net Banking,Returned
103528,CUST1477,2025-06-29,Guntur,Groceries,Female,36,Premium,4,1299,10,4676.4,Cash on Delivery,Returned
103529,CUST1317,2025-09-22,Pune,Groceries,Female,40,New,3,299,25,672.75,Debit Card,Returned
103530,CUST1545,2025-11-04,Vijayawada,Sports,Male,44,Premium,3,5999,20,14397.6,Net Banking,Delivered
103531,CUST1106,2025-04-26,Guntur,Sports,Female,48,New,5,1299,0,6495.0,Credit Card,Cancelled
103532,CUST1294,2025-03-18,Mumbai,Mobiles,Male,41,New,3,1999,15,5097.45,Cash on Delivery,Delivered
103533,CUST1215,2026-09-16,Guntur,Groceries,Female,45,Regular,5,799,20,3196.0,UPI,Shipped
103534,CUST1053,2026-05-12,Chennai,Books,Female,42,New,3,2499,15,6372.45,Credit Card,Shipped
103535,CUST1308,2026-07-08,Ahmedabad,Sports,Male,35,Regular,5,499,5,2370.25,Cash on Delivery,Delivered
103536,CUST1482,2025-12-14,Kolkata,Home & Kitchen,Female,30,Premium,1,1299,10,1169.1,Net Banking,Delivered
103537,CUST1149,2025-07-27,Delhi,Clothing,Female,25,Premium,2,999,25,1498.5,Net Banking,Returned
103538,CUST1594,2025-06-14,Delhi,Books,Female,44,Premium,5,5999,15,25495.75,Credit Card,Shipped
103539,CUST1570,2026-04-26,Pune,Books,Female,53,Regular,1,799,25,599.25,Credit Card,Returned
103540,CUST1126,2026-06-24,Ahmedabad,Home & Kitchen,Male,54,Regular,1,3999,5,3799.05,UPI,Shipped
103541,CUST1001,2025-08-17,Mumbai,Home & Kitchen,Female,33,Premium,2,2499,25,3748.5,Net Banking,Cancelled
103542,CUST1350,2025-04-08,Pune,Books,Male,52,Premium,5,1299,10,5845.5,Credit Card,Cancelled
103543,CUST1268,2026-07-06,Hyderabad,Electronics,Male,40,Regular,5,799,0,3995.0,Credit Card,Delivered
103544,CUST1442,2025-07-27,Delhi,Groceries,Female,37,Premium,2,2499,5,4748.1,UPI,Cancelled
103545,CUST1369,2026-04-03,Delhi,Clothing,Female,50,Premium,5,2499,15,10620.75,Cash on Delivery,Shipped
103546,CUST1376,2025-04-05,Hyderabad,Beauty,Male,52,Regular,2,499,25,748.5,Net Banking,Cancelled
103547,CUST1306,2026-01-31,Delhi,Beauty,Male,51,Premium,3,5999,5,17097.15,Credit Card,Shipped
103548,CUST1558,2025-01-21,Delhi,Home & Kitchen,Female,43,Regular,5,499,10,2245.5,Credit Card,Returned
103549,CUST1250,2025-08-03,Hyderabad,Books,Female,20,New,1,1599,5,1519.05,Cash on Delivery,Shipped
103550,CUST1242,2026-02-08,Chennai,Beauty,Female,21,Premium,2,2499,0,4998.0,Debit Card,Returned
103551,CUST1093,2025-10-16,Mumbai,Groceries,Female,32,Premium,5,299,25,1121.25,UPI,Shipped
103552,CUST1422,2025-04-08,Chennai,Beauty,Female,29,New,1,299,15,254.15,Net Banking,Cancelled
103553,CUST1298,2026-01-07,Hyderabad,Sports,Female,42,New,3,999,0,2997.0,Credit Card,Cancelled
103554,CUST1524,2025-03-19,Bengaluru,Beauty,Male,20,Regular,1,5999,0,5999.0,Cash on Delivery,Delivered
103555,CUST1304,2025-03-03,Mumbai,Electronics,Male,46,Regular,2,1599,0,3198.0,Net Banking,Cancelled
103556,CUST1109,2025-07-24,Mumbai,Home & Kitchen,Female,35,New,5,5999,20,23996.0,UPI,Returned
103557,CUST1295,2026-02-03,Pune,Mobiles,Male,27,New,4,2499,20,7996.8,Cash on Delivery,Cancelled
103558,CUST1157,2025-02-27,Chennai,Groceries,Female,35,Premium,2,5999,10,10798.2,Debit Card,Delivered
103559,CUST1016,2026-04-17,Delhi,Home & Kitchen,Female,19,New,1,299,25,224.25,Credit Card,Delivered
103560,CUST1456,2025-12-21,Guntur,Books,Female,32,New,1,1599,15,1359.15,Credit Card,Delivered
103561,CUST1589,2026-05-27,Pune,Sports,Female,22,New,1,999,15,849.15,Net Banking,Shipped
103562,CUST1006,2025-10-27,Vijayawada,Clothing,Female,29,New,5,499,5,2370.25,Net Banking,Cancelled
103563,CUST1561,2025-05-23,Hyderabad,Clothing,Male,44,Premium,1,1999,15,1699.15,Cash on Delivery,Shipped
103564,CUST1489,2025-12-09,Chennai,Home & Kitchen,Female,22,New,1,1299,0,1299.0,Net Banking,Cancelled
103565,CUST1173,2025-09-02,Pune,Electronics,Male,49,Regular,1,799,25,599.25,Net Banking,Returned
103566,CUST1518,2025-06-05,Bengaluru,Books,Male,32,Regular,2,2499,5,4748.1,Cash on Delivery,Cancelled
103567,CUST1273,2025-09-21,Vijayawada,Sports,Male,30,New,2,3999,20,6398.4,UPI,Returned
103568,CUST1422,2025-09-18,Chennai,Home & Kitchen,Male,50,Regular,1,999,20,799.2,UPI,Cancelled
103569,CUST1508,2025-02-28,Guntur,Sports,Male,38,New,3,5999,20,14397.6,Net Banking,Shipped
103570,CUST1108,2025-08-05,Hyderabad,Electronics,Female,34,Regular,4,1999,5,7596.2,Debit Card,Returned
103571,CUST1074,2026-08-10,Delhi,Clothing,Female,34,Premium,2,3999,0,7998.0,UPI,Delivered
103572,CUST1541,2025-07-25,Kolkata,Books,Female,39,Premium,3,1299,15,3312.45,Cash on Delivery,Shipped
103573,CUST1388,2026-05-06,Mumbai,Beauty,Male,46,New,3,999,20,2397.6,Credit Card,Returned
103574,CUST1270,2026-01-23,Guntur,Home & Kitchen,Male,53,New,1,999,15,849.15,Net Banking,Delivered
103575,CUST1216,2025-07-17,Kolkata,Home & Kitchen,Female,26,Premium,4,2499,20,7996.8,Net Banking,Cancelled
103576,CUST1253,2025-01-05,Pune,Clothing,Female,19,New,3,799,20,1917.6,Cash on Delivery,Cancelled
103577,CUST1441,2026-05-10,Mumbai,Books,Male,31,Premium,4,1299,5,4936.2,UPI,Returned
103578,CUST1072,2025-07-21,Delhi,Sports,Male,34,Premium,4,1999,20,6396.8,Net Banking,Delivered
103579,CUST1395,2025-09-12,Bengaluru,Home & Kitchen,Male,32,New,3,799,15,2037.45,Credit Card,Cancelled
103580,CUST1407,2025-09-04,Hyderabad,Sports,Male,29,Premium,5,1299,5,6170.25,Net Banking,Returned
103581,CUST1087,2025-08-31,Bengaluru,Mobiles,Female,47,Regular,3,199,0,597.0,Debit Card,Returned
103582,CUST1283,2025-07-26,Ahmedabad,Electronics,Female,47,Premium,4,1999,0,7996.0,UPI,Cancelled
103583,CUST1491,2026-01-09,Delhi,Groceries,Female,24,New,4,1299,20,4156.8,Credit Card,Cancelled
103584,CUST1412,2025-01-22,Kolkata,Clothing,Male,51,Premium,3,1999,5,5697.15,UPI,Cancelled
103585,CUST1285,2025-04-23,Chennai,Electronics,Female,28,New,4,1299,15,4416.6,Net Banking,Returned
103586,CUST1435,2026-04-10,Ahmedabad,Clothing,Female,38,Premium,1,5999,25,4499.25,Cash on Delivery,Shipped
103587,CUST1072,2025-08-26,Guntur,Electronics,Female,52,Regular,4,799,10,2876.4,Cash on Delivery,Returned
103588,CUST1336,2026-04-06,Delhi,Home & Kitchen,Male,53,New,1,499,15,424.15,Net Banking,Delivered
103589,CUST1547,2025-06-20,Kolkata,Sports,Male,34,Premium,4,2499,20,7996.8,Net Banking,Delivered
103590,CUST1300,2026-02-19,Guntur,Sports,Female,41,New,1,5999,20,4799.2,Cash on Delivery,Shipped
103591,CUST1427,2025-03-05,Chennai,Clothing,Female,41,Premium,3,799,15,2037.45,Cash on Delivery,Returned
103592,CUST1262,2025-01-23,Bengaluru,Clothing,Female,37,New,4,299,15,1016.6,UPI,Delivered
103593,CUST1421,2025-10-06,Hyderabad,Home & Kitchen,Male,25,New,1,1999,10,1799.1,Cash on Delivery,Cancelled
103594,CUST1163,2025-02-11,Ahmedabad,Beauty,Male,29,Premium,4,3999,15,13596.6,Net Banking,Cancelled
103595,CUST1274,2025-11-09,Bengaluru,Mobiles,Male,41,New,2,1999,5,3798.1,Net Banking,Returned
103596,CUST1330,2025-07-19,Bengaluru,Mobiles,Female,50,Regular,4,1599,25,4797.0,Net Banking,Shipped
103597,CUST1331,2026-05-11,Chennai,Home & Kitchen,Female,55,New,1,199,25,149.25,Cash on Delivery,Returned
103598,CUST1200,2026-04-16,Mumbai,Electronics,Male,48,Regular,1,2499,10,2249.1,Credit Card,Delivered
103599,CUST1387,2025-09-21,Hyderabad,Electronics,Female,25,New,1,499,10,449.1,UPI,Returned
103600,CUST1152,2026-02-11,Delhi,Electronics,Female,25,New,4,1999,10,7196.4,Cash on Delivery,Returned
103601,CUST1334,2025-04-16,Hyderabad,Beauty,Female,29,Premium,4,1599,5,6076.2,Cash on Delivery,Shipped
103602,CUST1302,2026-08-07,Chennai,Clothing,Female,44,Regular,5,199,25,746.25,Cash on Delivery,Shipped
103603,CUST1357,2025-06-21,Bengaluru,Groceries,Male,43,Premium,4,199,5,756.2,Credit Card,Delivered
103604,CUST1280,2025-11-23,Delhi,Home & Kitchen,Female,44,New,5,999,15,4245.75,Debit Card,Returned
103605,CUST1046,2026-04-24,Chennai,Beauty,Male,43,Premium,5,499,25,1871.25,UPI,Cancelled
103606,CUST1403,2025-12-26,Guntur,Groceries,Female,19,Premium,1,5999,5,5699.05,Net Banking,Returned
103607,CUST1057,2025-08-20,Mumbai,Beauty,Female,45,Regular,1,499,5,474.05,Debit Card,Cancelled
103608,CUST1184,2025-01-05,Bengaluru,Home & Kitchen,Male,44,Premium,3,799,25,1797.75,Debit Card,Shipped
103609,CUST1445,2025-12-09,Guntur,Mobiles,Male,41,Premium,2,499,20,798.4,UPI,Shipped
103610,CUST1230,2026-06-16,Vijayawada,Clothing,Male,42,Regular,1,1299,15,1104.15,Net Banking,Returned
103611,CUST1137,2025-10-31,Mumbai,Clothing,Female,25,New,3,1299,10,3507.3,Cash on Delivery,Delivered
103612,CUST1373,2025-12-23,Vijayawada,Sports,Male,53,Regular,3,1999,0,5997.0,Net Banking,Returned
103613,CUST1196,2025-10-01,Pune,Beauty,Male,38,Premium,3,299,5,852.15,Cash on Delivery,Shipped
103614,CUST1026,2026-02-13,Hyderabad,Beauty,Male,39,Premium,2,1299,15,2208.3,Debit Card,Delivered
103615,CUST1458,2026-01-10,Pune,Clothing,Male,48,Premium,1,1999,20,1599.2,Debit Card,Cancelled
103616,CUST1203,2025-08-12,Bengaluru,Books,Female,51,Premium,1,499,15,424.15,UPI,Delivered
103617,CUST1203,2026-05-20,Bengaluru,Beauty,Male,43,Regular,4,499,0,1996.0,Cash on Delivery,Delivered
103618,CUST1255,2025-11-24,Vijayawada,Home & Kitchen,Male,34,Regular,2,1599,10,2878.2,UPI,Delivered
103619,CUST1111,2025-01-03,Vijayawada,Mobiles,Male,53,Premium,1,999,20,799.2,Debit Card,Delivered
103620,CUST1253,2026-07-23,Delhi,Books,Male,26,Regular,5,5999,10,26995.5,Net Banking,Delivered
103621,CUST1015,2026-05-15,Kolkata,Electronics,Female,50,Premium,5,799,0,3995.0,Net Banking,Delivered
103622,CUST1124,2025-12-04,Bengaluru,Electronics,Male,31,Regular,5,199,20,796.0,UPI,Cancelled
103623,CUST1050,2025-02-04,Pune,Beauty,Male,39,Premium,5,299,25,1121.25,Net Banking,Returned
103624,CUST1189,2026-08-29,Guntur,Groceries,Male,24,Regular,5,199,25,746.25,Cash on Delivery,Cancelled
103625,CUST1077,2026-03-05,Vijayawada,Books,Female,46,Regular,1,499,25,374.25,Debit Card,Shipped
103626,CUST1356,2026-06-02,Ahmedabad,Groceries,Female,28,New,1,499,25,374.25,Cash on Delivery,Cancelled
103627,CUST1329,2026-06-06,Ahmedabad,Clothing,Male,42,New,5,999,20,3996.0,Net Banking,Shipped
103628,CUST1266,2025-01-01,Mumbai,Sports,Female,40,Regular,2,799,0,1598.0,UPI,Returned
103629,CUST1099,2026-02-05,Chennai,Electronics,Female,54,Premium,3,1999,20,4797.6,Debit Card,Delivered
103630,CUST1406,2025-11-07,Bengaluru,Clothing,Female,35,Regular,2,2499,20,3998.4,UPI,Returned
103631,CUST1134,2025-05-28,Vijayawada,Groceries,Male,48,New,5,1299,5,6170.25,Debit Card,Returned
103632,CUST1424,2026-01-30,Guntur,Groceries,Female,41,Regular,3,299,5,852.15,Debit Card,Cancelled
103633,CUST1014,2026-07-12,Pune,Groceries,Male,37,New,4,299,20,956.8,Net Banking,Shipped
103634,CUST1145,2026-01-13,Delhi,Sports,Male,55,New,3,5999,10,16197.3,UPI,Returned
103635,CUST1201,2026-09-19,Vijayawada,Sports,Female,27,Regular,4,1299,15,4416.6,Cash on Delivery,Shipped
103636,CUST1242,2025-05-23,Guntur,Home & Kitchen,Female,39,New,2,1599,20,2558.4,Debit Card,Delivered
103637,CUST1353,2026-06-30,Pune,Mobiles,Male,28,New,2,3999,25,5998.5,Net Banking,Delivered
103638,CUST1028,2025-04-01,Mumbai,Home & Kitchen,Female,41,New,4,1999,0,7996.0,Credit Card,Returned
103639,CUST1229,2026-08-09,Pune,Groceries,Female,24,Premium,3,999,15,2547.45,Debit Card,Shipped
103640,CUST1245,2025-03-16,Guntur,Beauty,Female,47,Premium,1,799,5,759.05,UPI,Returned
103641,CUST1494,2026-03-09,Vijayawada,Electronics,Male,23,Premium,4,999,15,3396.6,UPI,Cancelled
103642,CUST1257,2025-01-02,Chennai,Mobiles,Male,43,New,5,799,20,3196.0,UPI,Returned
103643,CUST1228,2026-04-26,Chennai,Books,Male,26,Regular,4,3999,10,14396.4,Credit Card,Shipped
103644,CUST1132,2026-09-23,Pune,Mobiles,Female,46,New,2,499,10,898.2,Cash on Delivery,Returned
103645,CUST1348,2025-09-16,Hyderabad,Home & Kitchen,Male,51,Premium,3,1999,25,4497.75,Debit Card,Shipped
103646,CUST1317,2025-04-06,Mumbai,Electronics,Male,42,New,1,999,20,799.2,Net Banking,Shipped
103647,CUST1556,2026-08-20,Kolkata,Books,Male,19,Premium,4,2499,15,8496.6,Debit Card,Returned
103648,CUST1378,2025-12-06,Kolkata,Books,Female,48,New,5,2499,5,11870.25,Cash on Delivery,Shipped
103649,CUST1248,2026-08-27,Vijayawada,Electronics,Male,38,Regular,2,2499,10,4498.2,Cash on Delivery,Delivered
103650,CUST1422,2026-03-06,Delhi,Mobiles,Male,51,Premium,4,3999,10,14396.4,Net Banking,Returned
103651,CUST1588,2025-08-09,Pune,Books,Female,55,New,4,299,5,1136.2,UPI,Delivered
103652,CUST1236,2026-07-28,Pune,Electronics,Male,35,Regular,3,1999,5,5697.15,Credit Card,Returned
103653,CUST1411,2026-05-15,Chennai,Beauty,Female,36,Premium,5,1599,5,7595.25,Net Banking,Returned
103654,CUST1491,2026-04-21,Kolkata,Home & Kitchen,Male,19,New,5,299,25,1121.25,Net Banking,Delivered
103655,CUST1262,2025-01-24,Vijayawada,Beauty,Female,21,Regular,1,299,25,224.25,Credit Card,Cancelled
103656,CUST1349,2025-03-29,Guntur,Books,Male,54,Premium,3,1999,10,5397.3,Cash on Delivery,Returned
103657,CUST1009,2025-04-11,Hyderabad,Books,Female,50,Premium,1,5999,20,4799.2,Cash on Delivery,Shipped
103658,CUST1496,2025-10-07,Bengaluru,Beauty,Female,40,Premium,2,5999,5,11398.1,Credit Card,Cancelled
103659,CUST1118,2026-06-13,Delhi,Clothing,Female,27,Premium,2,199,10,358.2,Debit Card,Delivered
103660,CUST1241,2025-07-04,Pune,Groceries,Female,47,Regular,2,999,5,1898.1,Cash on Delivery,Returned
103661,CUST1134,2026-05-25,Mumbai,Sports,Female,38,New,4,799,10,2876.4,Credit Card,Delivered
103662,CUST1449,2025-01-10,Ahmedabad,Clothing,Female,18,Regular,3,5999,20,14397.6,Cash on Delivery,Delivered
103663,CUST1088,2025-07-06,Ahmedabad,Electronics,Female,34,Regular,5,199,15,845.75,Cash on Delivery,Returned
103664,CUST1486,2026-09-11,Vijayawada,Clothing,Female,25,New,4,5999,10,21596.4,Debit Card,Shipped
103665,CUST1251,2026-01-13,Hyderabad,Groceries,Male,40,New,4,1599,20,5116.8,Cash on Delivery,Cancelled
103666,CUST1457,2025-05-28,Mumbai,Mobiles,Male,38,Premium,3,1299,20,3117.6,UPI,Returned
103667,CUST1512,2026-07-28,Vijayawada,Groceries,Female,47,Regular,1,199,25,149.25,Debit Card,Returned
103668,CUST1091,2025-03-15,Bengaluru,Groceries,Female,33,New,2,5999,15,10198.3,Net Banking,Returned
103669,CUST1306,2025-06-30,Bengaluru,Groceries,Male,55,Regular,4,1299,15,4416.6,UPI,Cancelled
103670,CUST1064,2026-02-07,Mumbai,Groceries,Female,27,Premium,4,799,0,3196.0,UPI,Delivered
103671,CUST1058,2026-01-03,Delhi,Mobiles,Male,37,Premium,1,1599,10,1439.1,UPI,Delivered
103672,CUST1488,2025-07-29,Chennai,Beauty,Female,28,Regular,3,799,25,1797.75,Credit Card,Cancelled
103673,CUST1472,2026-08-18,Delhi,Electronics,Female,41,Regular,5,1599,15,6795.75,Net Banking,Delivered
103674,CUST1394,2026-05-01,Ahmedabad,Clothing,Female,36,Premium,1,499,25,374.25,Net Banking,Shipped
103675,CUST1131,2026-05-05,Ahmedabad,Groceries,Male,24,New,1,199,25,149.25,Credit Card,Returned
103676,CUST1269,2026-06-06,Mumbai,Electronics,Male,22,New,5,799,15,3395.75,Cash on Delivery,Cancelled
103677,CUST1086,2025-03-19,Vijayawada,Clothing,Female,29,Premium,3,1999,15,5097.45,Debit Card,Delivered
103678,CUST1485,2026-08-28,Mumbai,Sports,Female,53,Premium,3,1599,0,4797.0,Credit Card,Shipped
103679,CUST1560,2025-08-14,Pune,Mobiles,Male,45,New,3,1299,5,3702.15,UPI,Shipped
103680,CUST1229,2025-06-01,Chennai,Sports,Male,52,Regular,5,499,20,1996.0,Net Banking,Returned
103681,CUST1420,2025-04-17,Bengaluru,Mobiles,Male,44,Premium,3,799,10,2157.3,Debit Card,Returned
103682,CUST1369,2025-09-30,Pune,Electronics,Female,27,Premium,4,999,25,2997.0,Credit Card,Delivered
103683,CUST1051,2025-01-11,Kolkata,Electronics,Female,38,Regular,1,2499,10,2249.1,Debit Card,Cancelled
103684,CUST1013,2025-01-27,Pune,Electronics,Male,18,Premium,3,2499,0,7497.0,Net Banking,Returned
103685,CUST1260,2026-05-14,Delhi,Beauty,Male,55,New,5,1999,10,8995.5,Cash on Delivery,Returned
103686,CUST1303,2026-01-21,Mumbai,Sports,Male,32,New,2,1599,25,2398.5,Debit Card,Returned
103687,CUST1235,2026-03-30,Chennai,Mobiles,Male,27,Premium,3,3999,15,10197.45,Cash on Delivery,Shipped
103688,CUST1354,2026-05-30,Hyderabad,Home & Kitchen,Male,49,Regular,1,3999,0,3999.0,Credit Card,Returned
103689,CUST1331,2025-09-08,Vijayawada,Clothing,Female,18,Regular,3,1299,0,3897.0,UPI,Cancelled
103690,CUST1490,2026-04-30,Ahmedabad,Beauty,Male,22,Regular,2,1599,0,3198.0,Debit Card,Returned
103691,CUST1017,2026-04-07,Ahmedabad,Sports,Male,53,New,2,1599,15,2718.3,Cash on Delivery,Cancelled
103692,CUST1374,2026-05-12,Chennai,Mobiles,Female,51,Regular,2,1599,15,2718.3,Debit Card,Cancelled
103693,CUST1116,2026-01-06,Ahmedabad,Books,Female,34,Premium,4,299,5,1136.2,Net Banking,Returned
103694,CUST1328,2025-03-08,Vijayawada,Sports,Female,34,Regular,4,799,20,2556.8,Cash on Delivery,Returned
103695,CUST1162,2025-10-12,Guntur,Home & Kitchen,Male,50,Regular,2,1999,25,2998.5,Net Banking,Returned
103696,CUST1084,2026-04-01,Kolkata,Mobiles,Female,41,Regular,3,1599,0,4797.0,Net Banking,Shipped
103697,CUST1030,2025-05-10,Hyderabad,Sports,Male,38,Regular,2,3999,0,7998.0,Debit Card,Delivered
103698,CUST1564,2026-03-25,Pune,Books,Male,38,Premium,2,1599,10,2878.2,Net Banking,Delivered
103699,CUST1190,2026-08-09,Bengaluru,Beauty,Male,48,New,2,999,10,1798.2,Credit Card,Shipped
103700,CUST1417,2026-09-17,Pune,Groceries,Male,41,New,2,799,0,1598.0,Debit Card,Returned
103701,CUST1021,2025-11-18,Ahmedabad,Beauty,Male,50,New,5,5999,20,23996.0,UPI,Returned
103702,CUST1501,2025-01-01,Pune,Mobiles,Male,48,New,5,1999,20,7996.0,Cash on Delivery,Returned
103703,CUST1467,2025-09-11,Chennai,Groceries,Female,42,Regular,1,3999,15,3399.15,UPI,Returned
103704,CUST1344,2026-08-07,Hyderabad,Electronics,Female,35,Regular,4,2499,10,8996.4,UPI,Returned
103705,CUST1028,2025-05-24,Guntur,Electronics,Female,32,Premium,5,1599,5,7595.25,Credit Card,Shipped
103706,CUST1530,2026-02-19,Vijayawada,Sports,Female,42,New,3,499,15,1272.45,UPI,Cancelled
103707,CUST1512,2025-11-08,Guntur,Clothing,Female,46,Regular,1,1299,15,1104.15,Credit Card,Returned
103708,CUST1567,2025-06-18,Guntur,Mobiles,Male,50,Premium,3,5999,10,16197.3,Net Banking,Cancelled
103709,CUST1323,2025-01-08,Chennai,Electronics,Female,30,Premium,4,1299,25,3897.0,Cash on Delivery,Cancelled
103710,CUST1223,2026-05-04,Ahmedabad,Sports,Male,47,Premium,2,1599,20,2558.4,UPI,Cancelled
103711,CUST1426,2025-03-26,Delhi,Home & Kitchen,Male,26,Premium,2,199,15,338.3,UPI,Cancelled
103712,CUST1461,2026-02-02,Hyderabad,Home & Kitchen,Female,51,Regular,5,799,20,3196.0,Credit Card,Returned
103713,CUST1296,2026-08-06,Ahmedabad,Home & Kitchen,Female,23,New,5,499,0,2495.0,Cash on Delivery,Delivered
103714,CUST1197,2026-05-06,Ahmedabad,Electronics,Female,51,New,2,199,15,338.3,UPI,Returned
103715,CUST1210,2026-07-27,Mumbai,Clothing,Female,46,New,3,5999,20,14397.6,Credit Card,Returned
103716,CUST1048,2026-03-12,Mumbai,Mobiles,Female,41,Regular,3,5999,15,15297.45,Net Banking,Cancelled
103717,CUST1103,2026-04-05,Hyderabad,Sports,Female,48,Premium,2,1299,10,2338.2,Credit Card,Cancelled
103718,CUST1337,2025-01-13,Kolkata,Clothing,Male,52,Regular,3,199,5,567.15,Debit Card,Returned
103719,CUST1516,2025-06-04,Bengaluru,Sports,Female,27,New,2,1299,15,2208.3,Net Banking,Delivered
103720,CUST1294,2025-06-06,Guntur,Sports,Male,47,Premium,3,299,0,897.0,Debit Card,Shipped
103721,CUST1536,2025-04-30,Guntur,Beauty,Male,23,Regular,4,1599,0,6396.0,Debit Card,Returned
103722,CUST1292,2026-03-24,Hyderabad,Books,Female,40,New,1,799,25,599.25,UPI,Delivered
103723,CUST1035,2025-11-16,Kolkata,Home & Kitchen,Male,48,New,3,2499,10,6747.3,Cash on Delivery,Delivered
103724,CUST1248,2026-01-29,Pune,Beauty,Female,50,New,3,3999,10,10797.3,Credit Card,Returned
103725,CUST1300,2025-08-05,Delhi,Home & Kitchen,Male,37,Regular,5,799,15,3395.75,Debit Card,Delivered
103726,CUST1227,2026-05-12,Chennai,Sports,Male,36,Premium,1,2499,25,1874.25,Credit Card,Cancelled
103727,CUST1417,2025-10-06,Mumbai,Groceries,Male,20,Premium,5,5999,25,22496.25,UPI,Cancelled
103728,CUST1562,2026-01-01,Hyderabad,Books,Female,49,Premium,2,3999,25,5998.5,Credit Card,Cancelled
103729,CUST1590,2025-04-17,Mumbai,Clothing,Female,21,Premium,3,199,25,447.75,Net Banking,Returned
103730,CUST1514,2025-08-04,Guntur,Beauty,Female,52,Premium,1,1999,0,1999.0,UPI,Shipped
103731,CUST1302,2025-01-19,Mumbai,Clothing,Male,53,New,2,5999,20,9598.4,Debit Card,Delivered
103732,CUST1268,2025-04-14,Mumbai,Beauty,Male,41,Regular,4,999,10,3596.4,Credit Card,Delivered
103733,CUST1111,2025-06-08,Vijayawada,Mobiles,Female,55,Premium,3,799,15,2037.45,Cash on Delivery,Returned
103734,CUST1511,2025-06-26,Ahmedabad,Books,Female,35,Regular,2,3999,10,7198.2,UPI,Delivered
103735,CUST1123,2026-08-01,Delhi,Groceries,Male,23,Regular,5,3999,15,16995.75,Cash on Delivery,Delivered
103736,CUST1392,2026-03-11,Guntur,Books,Female,46,New,1,999,5,949.05,Cash on Delivery,Cancelled
103737,CUST1379,2025-02-07,Vijayawada,Beauty,Female,36,Regular,3,999,0,2997.0,Net Banking,Shipped
103738,CUST1378,2026-09-06,Bengaluru,Clothing,Male,32,Premium,4,3999,10,14396.4,Cash on Delivery,Delivered
103739,CUST1439,2025-09-18,Vijayawada,Electronics,Male,53,New,5,2499,15,10620.75,Cash on Delivery,Shipped
103740,CUST1169,2026-09-01,Bengaluru,Home & Kitchen,Female,44,New,4,1299,25,3897.0,Cash on Delivery,Cancelled
103741,CUST1277,2025-05-04,Hyderabad,Home & Kitchen,Female,25,New,3,1599,10,4317.3,Debit Card,Shipped
103742,CUST1350,2025-10-17,Mumbai,Clothing,Male,27,Regular,2,1299,10,2338.2,Credit Card,Delivered
103743,CUST1369,2025-08-01,Pune,Clothing,Male,54,Premium,5,999,0,4995.0,Debit Card,Cancelled
103744,CUST1348,2025-05-16,Hyderabad,Sports,Female,52,Premium,3,499,15,1272.45,UPI,Cancelled
103745,CUST1161,2026-06-23,Delhi,Clothing,Male,43,New,2,199,15,338.3,Credit Card,Cancelled
103746,CUST1217,2025-02-03,Delhi,Clothing,Male,27,Regular,2,5999,20,9598.4,Cash on Delivery,Shipped
103747,CUST1420,2026-04-08,Vijayawada,Mobiles,Female,45,Regular,2,799,5,1518.1,Debit Card,Returned
103748,CUST1127,2026-09-22,Ahmedabad,Books,Female,52,Regular,3,2499,20,5997.6,Cash on Delivery,Cancelled
103749,CUST1275,2026-08-21,Ahmedabad,Groceries,Male,30,Regular,2,3999,10,7198.2,Cash on Delivery,Cancelled
103750,CUST1517,2026-05-22,Bengaluru,Electronics,Female,32,Regular,2,1599,15,2718.3,Cash on Delivery,Returned
103751,CUST1196,2026-05-29,Guntur,Beauty,Male,31,New,2,499,0,998.0,Cash on Delivery,Returned
103752,CUST1310,2026-09-04,Hyderabad,Groceries,Male,30,New,1,1299,5,1234.05,UPI,Cancelled
103753,CUST1408,2025-04-09,Mumbai,Books,Male,28,New,5,199,0,995.0,Cash on Delivery,Shipped
103754,CUST1228,2026-07-05,Kolkata,Sports,Male,22,New,1,299,20,239.2,Debit Card,Cancelled
103755,CUST1097,2025-09-04,Pune,Mobiles,Male,34,New,5,1999,20,7996.0,Debit Card,Delivered
103756,CUST1513,2025-01-23,Mumbai,Home & Kitchen,Male,42,Regular,4,1599,0,6396.0,UPI,Cancelled
103757,CUST1179,2026-02-11,Vijayawada,Books,Female,53,Premium,1,499,15,424.15,Net Banking,Shipped
103758,CUST1564,2025-05-29,Vijayawada,Beauty,Male,33,Regular,3,299,25,672.75,UPI,Returned
103759,CUST1297,2025-05-09,Hyderabad,Clothing,Female,48,Premium,1,199,20,159.2,Net Banking,Returned
103760,CUST1537,2025-01-19,Guntur,Electronics,Female,40,New,4,499,25,1497.0,Cash on Delivery,Returned
103761,CUST1220,2026-03-05,Mumbai,Clothing,Female,53,Premium,3,199,20,477.6,Credit Card,Delivered
103762,CUST1483,2025-10-25,Chennai,Electronics,Female,23,Regular,1,1999,5,1899.05,Credit Card,Delivered
103763,CUST1159,2025-07-19,Hyderabad,Electronics,Female,43,New,5,199,20,796.0,Cash on Delivery,Delivered
103764,CUST1292,2026-05-09,Delhi,Books,Female,46,Premium,1,5999,5,5699.05,Net Banking,Shipped
103765,CUST1234,2025-03-06,Kolkata,Clothing,Female,29,New,2,499,15,848.3,Net Banking,Shipped
103766,CUST1179,2025-06-27,Pune,Books,Male,25,Regular,2,3999,15,6798.3,Net Banking,Shipped
103767,CUST1299,2026-07-18,Chennai,Clothing,Female,37,Regular,3,1999,10,5397.3,Net Banking,Cancelled
103768,CUST1487,2026-04-11,Ahmedabad,Home & Kitchen,Female,45,New,5,199,0,995.0,Cash on Delivery,Returned
103769,CUST1359,2026-09-06,Pune,Sports,Male,35,Regular,5,799,15,3395.75,Net Banking,Shipped
103770,CUST1014,2026-07-07,Delhi,Mobiles,Male,55,New,4,1299,0,5196.0,Credit Card,Delivered
103771,CUST1080,2026-03-31,Chennai,Sports,Male,36,New,2,299,25,448.5,Credit Card,Shipped
103772,CUST1595,2025-04-23,Mumbai,Books,Male,25,New,3,5999,15,15297.45,UPI,Cancelled
103773,CUST1205,2026-02-20,Chennai,Sports,Male,18,Regular,1,299,20,239.2,Credit Card,Shipped
103774,CUST1213,2026-01-28,Guntur,Beauty,Female,26,Regular,1,5999,20,4799.2,Cash on Delivery,Shipped
103775,CUST1300,2025-08-25,Hyderabad,Home & Kitchen,Male,24,New,1,1599,0,1599.0,UPI,Returned
103776,CUST1597,2025-03-29,Bengaluru,Sports,Female,34,New,4,299,20,956.8,Debit Card,Delivered
103777,CUST1568,2026-09-11,Guntur,Electronics,Male,39,Regular,5,1299,0,6495.0,Cash on Delivery,Shipped
103778,CUST1374,2026-01-02,Ahmedabad,Sports,Male,48,Regular,2,1599,5,3038.1,Credit Card,Cancelled
103779,CUST1029,2025-07-06,Vijayawada,Home & Kitchen,Female,48,New,3,299,5,852.15,UPI,Returned
103780,CUST1173,2026-03-01,Bengaluru,Home & Kitchen,Male,41,Regular,3,1599,0,4797.0,Cash on Delivery,Returned
103781,CUST1594,2025-10-22,Hyderabad,Sports,Female,23,Regular,1,5999,10,5399.1,Debit Card,Shipped
103782,CUST1506,2025-06-04,Pune,Home & Kitchen,Female,25,Regular,2,1999,25,2998.5,Net Banking,Returned
103783,CUST1119,2026-06-20,Mumbai,Groceries,Male,48,New,5,2499,20,9996.0,Debit Card,Delivered
103784,CUST1270,2025-04-06,Guntur,Home & Kitchen,Female,50,Regular,1,999,5,949.05,Debit Card,Cancelled
103785,CUST1209,2026-03-03,Delhi,Clothing,Female,34,New,4,799,0,3196.0,Net Banking,Delivered
103786,CUST1318,2026-02-24,Pune,Electronics,Female,48,Premium,4,3999,10,14396.4,UPI,Shipped
103787,CUST1093,2025-09-18,Delhi,Beauty,Male,47,New,1,299,25,224.25,Cash on Delivery,Delivered
103788,CUST1129,2025-07-31,Delhi,Groceries,Male,23,Premium,1,299,0,299.0,Net Banking,Delivered
103789,CUST1326,2026-04-11,Delhi,Beauty,Female,45,Regular,2,199,5,378.1,UPI,Delivered
103790,CUST1325,2025-03-07,Bengaluru,Home & Kitchen,Female,21,Premium,5,299,25,1121.25,Cash on Delivery,Shipped
103791,CUST1287,2025-10-25,Chennai,Books,Male,37,Premium,1,299,15,254.15,UPI,Delivered
103792,CUST1406,2025-09-17,Mumbai,Home & Kitchen,Female,51,New,4,1299,10,4676.4,Credit Card,Shipped
103793,CUST1076,2025-03-05,Guntur,Beauty,Female,43,New,4,999,5,3796.2,Credit Card,Cancelled
103794,CUST1244,2025-04-11,Bengaluru,Beauty,Female,38,New,3,3999,5,11397.15,UPI,Returned
103795,CUST1193,2025-10-21,Chennai,Clothing,Female,35,Premium,4,999,10,3596.4,Debit Card,Delivered
103796,CUST1295,2026-03-17,Guntur,Clothing,Male,48,Premium,1,1299,25,974.25,UPI,Shipped
103797,CUST1108,2025-10-25,Hyderabad,Mobiles,Male,48,Premium,4,799,25,2397.0,Cash on Delivery,Cancelled
103798,CUST1571,2026-04-09,Kolkata,Groceries,Male,35,New,4,199,0,796.0,Debit Card,Cancelled
103799,CUST1247,2025-10-18,Chennai,Books,Male,41,Premium,4,999,15,3396.6,Net Banking,Returned
103800,CUST1036,2025-09-12,Guntur,Beauty,Female,27,Regular,4,3999,15,13596.6,Credit Card,Delivered
103801,CUST1005,2026-05-11,Ahmedabad,Groceries,Female,19,New,3,199,10,537.3,UPI,Cancelled
103802,CUST1459,2026-02-12,Bengaluru,Electronics,Female,28,Premium,5,3999,25,14996.25,UPI,Cancelled
103803,CUST1495,2025-12-29,Ahmedabad,Home & Kitchen,Male,51,Regular,1,3999,10,3599.1,Cash on Delivery,Shipped
103804,CUST1407,2026-02-04,Chennai,Home & Kitchen,Female,22,Regular,4,2499,0,9996.0,UPI,Delivered
103805,CUST1391,2026-09-04,Vijayawada,Mobiles,Male,50,Premium,3,999,0,2997.0,UPI,Returned
103806,CUST1154,2026-05-30,Guntur,Mobiles,Female,26,Premium,2,299,0,598.0,Credit Card,Shipped
103807,CUST1338,2025-08-03,Mumbai,Mobiles,Female,26,Regular,2,299,5,568.1,UPI,Shipped
103808,CUST1435,2026-06-16,Vijayawada,Mobiles,Male,34,New,3,1599,0,4797.0,Credit Card,Cancelled
103809,CUST1507,2025-06-28,Chennai,Home & Kitchen,Male,38,Premium,4,5999,25,17997.0,Cash on Delivery,Shipped
103810,CUST1317,2026-05-17,Vijayawada,Electronics,Female,29,New,3,499,0,1497.0,Cash on Delivery,Shipped
103811,CUST1521,2026-05-08,Delhi,Clothing,Female,27,Regular,3,299,10,807.3,UPI,Cancelled
103812,CUST1232,2026-08-04,Hyderabad,Sports,Female,53,Regular,2,5999,10,10798.2,Cash on Delivery,Shipped
103813,CUST1501,2026-02-09,Chennai,Mobiles,Female,47,New,3,5999,5,17097.15,Credit Card,Delivered
103814,CUST1153,2026-03-09,Guntur,Groceries,Female,24,New,1,499,20,399.2,UPI,Shipped
103815,CUST1487,2025-08-01,Pune,Groceries,Female,20,New,1,299,0,299.0,Debit Card,Returned
103816,CUST1107,2026-08-14,Vijayawada,Groceries,Male,26,New,3,2499,10,6747.3,Credit Card,Shipped
103817,CUST1537,2025-02-04,Pune,Mobiles,Male,54,Regular,5,1999,5,9495.25,Credit Card,Delivered
103818,CUST1362,2025-09-12,Kolkata,Mobiles,Male,48,Premium,4,199,20,636.8,Credit Card,Delivered
103819,CUST1568,2025-08-19,Vijayawada,Home & Kitchen,Female,21,Premium,1,1599,25,1199.25,UPI,Shipped
103820,CUST1238,2026-04-03,Guntur,Mobiles,Female,35,Premium,1,1299,0,1299.0,Net Banking,Shipped
103821,CUST1285,2026-07-08,Delhi,Groceries,Male,24,New,1,799,15,679.15,Credit Card,Returned
103822,CUST1406,2025-03-04,Vijayawada,Books,Female,38,Regular,3,3999,10,10797.3,UPI,Returned
103823,CUST1239,2026-05-15,Pune,Sports,Male,31,Regular,1,199,10,179.1,Net Banking,Delivered
103824,CUST1569,2025-05-08,Vijayawada,Groceries,Female,21,New,5,199,25,746.25,Net Banking,Cancelled
103825,CUST1170,2026-05-19,Pune,Mobiles,Female,32,Regular,4,3999,20,12796.8,UPI,Cancelled
103826,CUST1241,2026-03-13,Chennai,Electronics,Female,19,Regular,3,299,10,807.3,Cash on Delivery,Returned
103827,CUST1412,2026-05-21,Chennai,Groceries,Male,24,Premium,1,5999,25,4499.25,UPI,Returned
103828,CUST1346,2025-04-06,Chennai,Electronics,Male,49,New,1,3999,10,3599.1,UPI,Shipped
103829,CUST1505,2025-09-19,Ahmedabad,Clothing,Female,18,New,1,799,15,679.15,Cash on Delivery,Shipped
103830,CUST1595,2025-01-29,Vijayawada,Electronics,Male,36,Regular,4,299,20,956.8,Net Banking,Shipped
103831,CUST1401,2025-02-16,Vijayawada,Books,Female,37,New,4,499,0,1996.0,Debit Card,Returned
103832,CUST1151,2026-07-27,Pune,Sports,Male,45,Regular,3,1999,5,5697.15,Credit Card,Delivered
103833,CUST1123,2025-12-10,Vijayawada,Electronics,Female,28,Premium,2,1599,15,2718.3,UPI,Cancelled
103834,CUST1024,2026-05-04,Chennai,Sports,Female,18,Premium,5,5999,20,23996.0,UPI,Returned
103835,CUST1446,2026-07-07,Pune,Mobiles,Male,46,Regular,3,999,10,2697.3,Debit Card,Shipped
103836,CUST1371,2025-02-04,Guntur,Sports,Female,44,Regular,3,999,0,2997.0,Debit Card,Delivered
103837,CUST1404,2026-08-01,Delhi,Sports,Male,20,New,2,199,0,398.0,UPI,Shipped
103838,CUST1358,2025-09-21,Kolkata,Electronics,Female,48,New,1,999,0,999.0,Net Banking,Delivered
103839,CUST1317,2025-09-18,Kolkata,Books,Male,21,New,3,1599,10,4317.3,UPI,Cancelled
103840,CUST1423,2025-02-08,Bengaluru,Sports,Female,47,Regular,1,999,25,749.25,Net Banking,Shipped
103841,CUST1175,2025-10-30,Pune,Beauty,Male,36,Premium,5,1999,10,8995.5,Net Banking,Shipped
103842,CUST1324,2025-10-16,Delhi,Beauty,Male,23,New,4,1599,5,6076.2,Net Banking,Delivered
103843,CUST1082,2026-04-27,Guntur,Clothing,Male,24,Regular,5,1299,25,4871.25,Debit Card,Shipped
103844,CUST1121,2026-01-17,Pune,Sports,Male,37,New,1,2499,25,1874.25,UPI,Cancelled
103845,CUST1263,2025-01-23,Guntur,Beauty,Female,48,Regular,4,299,15,1016.6,Cash on Delivery,Shipped
103846,CUST1254,2025-04-14,Guntur,Mobiles,Female,48,New,1,799,5,759.05,Credit Card,Cancelled
103847,CUST1523,2025-11-11,Bengaluru,Books,Female,42,Premium,4,299,15,1016.6,Cash on Delivery,Cancelled
103848,CUST1258,2026-01-10,Bengaluru,Clothing,Male,29,Premium,5,3999,5,18995.25,UPI,Delivered
103849,CUST1279,2025-09-05,Bengaluru,Mobiles,Male,55,Regular,4,5999,5,22796.2,Debit Card,Delivered
103850,CUST1314,2025-09-30,Hyderabad,Electronics,Female,42,Regular,3,2499,20,5997.6,Net Banking,Cancelled
103851,CUST1297,2026-02-19,Kolkata,Mobiles,Male,48,New,2,3999,5,7598.1,Cash on Delivery,Returned
103852,CUST1482,2026-05-04,Chennai,Mobiles,Male,38,New,4,999,20,3196.8,Debit Card,Shipped
103853,CUST1551,2025-12-26,Delhi,Clothing,Female,26,Premium,1,3999,0,3999.0,Net Banking,Returned
103854,CUST1443,2025-11-10,Mumbai,Beauty,Male,23,Premium,4,1599,15,5436.6,UPI,Shipped
103855,CUST1130,2026-01-09,Pune,Groceries,Male,46,Regular,2,1599,10,2878.2,Net Banking,Returned
103856,CUST1459,2025-01-16,Pune,Clothing,Male,41,Premium,5,1299,15,5520.75,Cash on Delivery,Shipped
103857,CUST1311,2026-08-29,Bengaluru,Mobiles,Female,48,New,4,1999,0,7996.0,Debit Card,Delivered
103858,CUST1139,2025-12-30,Pune,Electronics,Male,41,Regular,4,1999,0,7996.0,Debit Card,Cancelled
103859,CUST1552,2025-10-16,Pune,Mobiles,Female,26,Regular,1,5999,20,4799.2,Cash on Delivery,Shipped
103860,CUST1563,2026-05-18,Bengaluru,Sports,Female,39,Premium,3,999,25,2247.75,Cash on Delivery,Returned
103861,CUST1279,2026-02-24,Vijayawada,Electronics,Female,19,Premium,2,799,10,1438.2,Debit Card,Shipped
103862,CUST1482,2025-01-11,Vijayawada,Home & Kitchen,Female,42,Premium,4,499,15,1696.6,Debit Card,Returned
103863,CUST1162,2025-03-03,Mumbai,Beauty,Male,33,Regular,5,3999,10,17995.5,Cash on Delivery,Delivered
103864,CUST1314,2025-07-11,Bengaluru,Home & Kitchen,Female,30,Premium,4,1599,25,4797.0,Debit Card,Delivered
103865,CUST1106,2025-02-27,Mumbai,Sports,Male,48,Regular,4,3999,15,13596.6,Cash on Delivery,Cancelled
103866,CUST1431,2025-05-23,Bengaluru,Clothing,Male,42,New,3,1999,0,5997.0,Cash on Delivery,Cancelled
103867,CUST1181,2025-01-23,Pune,Electronics,Male,42,Premium,4,499,10,1796.4,UPI,Cancelled
103868,CUST1064,2026-03-14,Delhi,Home & Kitchen,Male,21,Regular,5,1999,20,7996.0,UPI,Delivered
103869,CUST1316,2026-06-21,Ahmedabad,Electronics,Male,31,Regular,1,799,5,759.05,Debit Card,Shipped
103870,CUST1180,2025-07-02,Bengaluru,Books,Male,53,New,4,3999,25,11997.0,UPI,Returned
103871,CUST1121,2026-08-15,Guntur,Home & Kitchen,Female,44,Regular,3,3999,20,9597.6,UPI,Shipped
103872,CUST1567,2025-03-11,Delhi,Clothing,Female,45,Regular,1,2499,5,2374.05,Net Banking,Cancelled
103873,CUST1029,2025-04-09,Chennai,Groceries,Male,41,Premium,1,5999,5,5699.05,Cash on Delivery,Returned
103874,CUST1223,2026-03-20,Ahmedabad,Books,Male,53,Premium,5,999,5,4745.25,Credit Card,Returned
103875,CUST1513,2026-01-01,Bengaluru,Beauty,Male,48,Premium,3,499,20,1197.6,Cash on Delivery,Shipped
103876,CUST1055,2025-11-10,Chennai,Electronics,Male,46,Regular,5,5999,10,26995.5,Credit Card,Delivered
103877,CUST1411,2026-04-10,Vijayawada,Sports,Male,39,Regular,5,799,0,3995.0,Credit Card,Shipped
103878,CUST1150,2026-03-11,Bengaluru,Books,Male,47,New,4,3999,20,12796.8,Cash on Delivery,Returned
103879,CUST1523,2026-05-15,Kolkata,Books,Male,28,Premium,5,799,25,2996.25,Cash on Delivery,Returned
103880,CUST1264,2025-06-19,Delhi,Beauty,Male,21,Regular,5,1999,15,8495.75,UPI,Returned
103881,CUST1391,2026-01-24,Pune,Home & Kitchen,Female,24,Premium,2,3999,15,6798.3,Debit Card,Returned
103882,CUST1052,2025-08-14,Vijayawada,Electronics,Female,19,Regular,1,5999,20,4799.2,UPI,Delivered
103883,CUST1138,2026-04-17,Ahmedabad,Books,Male,33,Regular,1,3999,0,3999.0,UPI,Shipped
103884,CUST1103,2026-03-09,Bengaluru,Beauty,Male,40,Regular,3,1999,20,4797.6,UPI,Delivered
103885,CUST1065,2026-08-20,Guntur,Electronics,Male,38,Premium,2,1299,5,2468.1,Debit Card,Cancelled
103886,CUST1225,2026-02-10,Delhi,Electronics,Male,22,Premium,4,799,0,3196.0,Cash on Delivery,Cancelled
103887,CUST1369,2026-08-04,Mumbai,Electronics,Female,32,New,2,299,15,508.3,Credit Card,Delivered
103888,CUST1242,2026-04-01,Ahmedabad,Mobiles,Male,23,New,2,1999,5,3798.1,UPI,Cancelled
103889,CUST1079,2026-08-03,Kolkata,Home & Kitchen,Male,34,New,2,1599,5,3038.1,UPI,Returned
103890,CUST1343,2025-03-21,Bengaluru,Beauty,Female,21,New,2,2499,15,4248.3,Debit Card,Delivered
103891,CUST1043,2025-10-05,Bengaluru,Mobiles,Male,22,Premium,2,1299,20,2078.4,UPI,Delivered
103892,CUST1324,2025-11-07,Chennai,Clothing,Male,54,Regular,3,199,0,597.0,Net Banking,Returned
103893,CUST1196,2025-03-01,Bengaluru,Mobiles,Female,45,Regular,2,1999,15,3398.3,UPI,Cancelled
103894,CUST1154,2025-09-20,Pune,Mobiles,Female,18,Regular,5,1299,15,5520.75,Credit Card,Shipped
103895,CUST1397,2025-11-14,Ahmedabad,Books,Female,25,Premium,4,999,0,3996.0,Cash on Delivery,Cancelled
103896,CUST1511,2025-09-22,Delhi,Clothing,Male,37,Premium,1,2499,5,2374.05,Net Banking,Delivered
103897,CUST1022,2026-01-27,Guntur,Mobiles,Female,40,Regular,1,1299,20,1039.2,UPI,Shipped
103898,CUST1334,2026-02-16,Hyderabad,Books,Female,36,New,4,2499,15,8496.6,Debit Card,Cancelled
103899,CUST1415,2025-05-21,Delhi,Electronics,Male,40,New,5,999,5,4745.25,UPI,Cancelled
103900,CUST1525,2025-05-07,Mumbai,Home & Kitchen,Female,50,Regular,2,1999,25,2998.5,Net Banking,Returned
103901,CUST1065,2025-02-14,Mumbai,Clothing,Female,27,New,3,499,10,1347.3,Cash on Delivery,Returned
103902,CUST1011,2026-07-06,Hyderabad,Beauty,Male,34,New,1,1999,25,1499.25,Cash on Delivery,Cancelled
103903,CUST1232,2026-08-14,Ahmedabad,Mobiles,Female,44,Premium,4,499,25,1497.0,UPI,Delivered
103904,CUST1086,2025-11-17,Pune,Electronics,Male,49,Regular,3,299,15,762.45,UPI,Delivered
103905,CUST1550,2026-04-14,Hyderabad,Electronics,Female,48,Premium,3,299,25,672.75,Debit Card,Shipped
103906,CUST1468,2026-06-04,Mumbai,Clothing,Female,48,Regular,3,1299,10,3507.3,UPI,Returned
103907,CUST1095,2026-03-15,Ahmedabad,Home & Kitchen,Male,53,New,4,499,25,1497.0,Debit Card,Delivered
103908,CUST1155,2025-09-23,Guntur,Sports,Male,46,New,2,199,25,298.5,Debit Card,Returned
103909,CUST1475,2026-07-02,Bengaluru,Electronics,Male,28,Premium,2,799,15,1358.3,UPI,Cancelled
103910,CUST1477,2026-08-31,Mumbai,Electronics,Male,29,Premium,5,999,10,4495.5,Credit Card,Cancelled
103911,CUST1222,2026-02-19,Mumbai,Clothing,Male,53,Premium,2,199,20,318.4,UPI,Shipped
103912,CUST1072,2026-01-02,Mumbai,Home & Kitchen,Male,43,Premium,4,5999,0,23996.0,Credit Card,Returned
103913,CUST1361,2025-03-05,Ahmedabad,Clothing,Female,25,Regular,2,1299,10,2338.2,Cash on Delivery,Returned
103914,CUST1587,2025-03-20,Mumbai,Sports,Female,30,Regular,4,1599,5,6076.2,UPI,Shipped
103915,CUST1500,2026-01-04,Chennai,Home & Kitchen,Male,27,New,2,1599,20,2558.4,Debit Card,Cancelled
103916,CUST1397,2026-01-04,Ahmedabad,Books,Male,46,Premium,1,2499,0,2499.0,Cash on Delivery,Shipped
103917,CUST1205,2026-07-27,Bengaluru,Clothing,Male,21,Premium,4,299,20,956.8,UPI,Returned
103918,CUST1528,2026-02-03,Bengaluru,Groceries,Male,19,New,3,2499,10,6747.3,Debit Card,Returned
103919,CUST1425,2025-03-05,Hyderabad,Mobiles,Male,42,Regular,2,1299,25,1948.5,Net Banking,Shipped
103920,CUST1292,2026-04-27,Bengaluru,Mobiles,Male,38,Premium,3,3999,0,11997.0,Net Banking,Shipped
103921,CUST1130,2025-03-01,Delhi,Electronics,Male,47,Regular,3,1999,0,5997.0,Debit Card,Cancelled
103922,CUST1049,2025-04-27,Pune,Electronics,Male,52,Regular,2,199,25,298.5,Cash on Delivery,Cancelled
103923,CUST1521,2025-11-02,Hyderabad,Books,Male,49,Regular,4,799,20,2556.8,UPI,Returned
103924,CUST1334,2025-06-13,Hyderabad,Mobiles,Male,40,Regular,5,499,20,1996.0,Credit Card,Shipped
103925,CUST1370,2025-01-14,Guntur,Sports,Female,21,New,3,499,20,1197.6,Credit Card,Cancelled
103926,CUST1095,2025-06-10,Delhi,Mobiles,Female,18,Premium,3,1999,0,5997.0,Debit Card,Delivered
103927,CUST1274,2025-08-02,Guntur,Electronics,Female,23,Regular,5,299,20,1196.0,UPI,Shipped
103928,CUST1043,2025-01-23,Bengaluru,Sports,Male,39,Regular,1,1999,10,1799.1,Net Banking,Shipped
103929,CUST1149,2025-08-10,Mumbai,Books,Female,32,Premium,2,1999,15,3398.3,Cash on Delivery,Shipped
103930,CUST1379,2025-02-13,Vijayawada,Groceries,Male,42,New,5,499,25,1871.25,Debit Card,Returned
103931,CUST1083,2025-07-23,Vijayawada,Books,Male,31,Regular,4,199,15,676.6,Credit Card,Cancelled
103932,CUST1321,2026-09-23,Kolkata,Clothing,Male,45,Regular,1,499,25,374.25,Net Banking,Cancelled
103933,CUST1438,2025-07-14,Pune,Groceries,Male,37,Premium,4,999,5,3796.2,Debit Card,Cancelled
103934,CUST1377,2026-01-17,Hyderabad,Sports,Male,36,Regular,4,2499,0,9996.0,Credit Card,Delivered
103935,CUST1593,2026-07-01,Delhi,Beauty,Male,33,Premium,4,3999,20,12796.8,UPI,Shipped
103936,CUST1216,2025-07-23,Chennai,Groceries,Male,24,Premium,1,999,5,949.05,Net Banking,Returned
103937,CUST1158,2025-01-05,Delhi,Electronics,Female,18,New,2,1299,0,2598.0,Debit Card,Shipped
103938,CUST1528,2026-07-14,Bengaluru,Mobiles,Male,49,Premium,4,1599,15,5436.6,Credit Card,Returned
103939,CUST1489,2025-02-13,Kolkata,Beauty,Female,30,Regular,2,1999,10,3598.2,Net Banking,Delivered
103940,CUST1543,2026-01-01,Hyderabad,Home & Kitchen,Male,30,New,2,1999,5,3798.1,Net Banking,Returned
103941,CUST1556,2025-01-31,Vijayawada,Books,Female,49,New,1,3999,20,3199.2,Cash on Delivery,Cancelled
103942,CUST1107,2025-04-12,Hyderabad,Beauty,Male,43,Regular,5,1599,5,7595.25,Net Banking,Shipped
103943,CUST1588,2026-06-02,Mumbai,Electronics,Male,42,Regular,1,1599,20,1279.2,Net Banking,Delivered
103944,CUST1320,2025-06-13,Vijayawada,Sports,Male,52,Premium,4,3999,0,15996.0,Debit Card,Returned
103945,CUST1560,2025-11-27,Guntur,Mobiles,Male,28,Premium,5,199,15,845.75,Debit Card,Delivered
103946,CUST1454,2026-09-18,Hyderabad,Groceries,Male,20,Premium,5,1999,20,7996.0,UPI,Shipped
103947,CUST1560,2025-09-28,Pune,Books,Female,51,Regular,5,199,20,796.0,Net Banking,Delivered
103948,CUST1262,2025-10-06,Mumbai,Sports,Female,47,Premium,5,799,5,3795.25,Credit Card,Returned
103949,CUST1072,2025-03-03,Kolkata,Electronics,Female,45,Premium,2,299,5,568.1,Cash on Delivery,Cancelled
103950,CUST1592,2025-02-27,Delhi,Books,Male,19,Premium,3,5999,20,14397.6,Cash on Delivery,Delivered
103951,CUST1343,2025-08-05,Chennai,Mobiles,Male,26,Regular,4,2499,5,9496.2,Net Banking,Returned
103952,CUST1328,2025-01-24,Delhi,Clothing,Male,46,New,3,299,10,807.3,UPI,Cancelled
103953,CUST1347,2025-06-21,Mumbai,Home & Kitchen,Female,48,Premium,1,1999,25,1499.25,Net Banking,Cancelled
103954,CUST1509,2025-09-16,Kolkata,Home & Kitchen,Female,32,Premium,2,799,0,1598.0,UPI,Cancelled
103955,CUST1033,2026-05-05,Kolkata,Books,Male,46,Premium,4,1599,5,6076.2,Debit Card,Returned
103956,CUST1453,2025-09-17,Delhi,Books,Female,42,New,1,299,10,269.1,UPI,Returned
103957,CUST1129,2026-06-08,Pune,Sports,Female,27,Regular,3,1599,10,4317.3,Debit Card,Returned
103958,CUST1183,2026-02-16,Ahmedabad,Electronics,Female,28,New,4,499,20,1596.8,Cash on Delivery,Returned
103959,CUST1025,2026-09-23,Guntur,Sports,Female,24,New,3,199,15,507.45,Net Banking,Shipped
103960,CUST1551,2026-03-25,Kolkata,Groceries,Male,26,New,2,2499,15,4248.3,Net Banking,Returned
103961,CUST1259,2025-05-22,Mumbai,Beauty,Male,54,Regular,2,1299,25,1948.5,Cash on Delivery,Delivered
103962,CUST1382,2025-03-03,Delhi,Books,Male,53,Regular,2,1299,15,2208.3,Credit Card,Returned
103963,CUST1421,2025-03-23,Vijayawada,Mobiles,Male,41,New,3,3999,5,11397.15,Cash on Delivery,Delivered
103964,CUST1423,2025-02-23,Bengaluru,Beauty,Male,55,Regular,1,499,15,424.15,UPI,Cancelled
103965,CUST1007,2026-09-12,Hyderabad,Clothing,Female,43,Regular,1,3999,0,3999.0,Net Banking,Cancelled
103966,CUST1255,2025-11-13,Hyderabad,Electronics,Male,48,Premium,3,999,25,2247.75,Debit Card,Returned
103967,CUST1161,2025-05-14,Hyderabad,Sports,Male,26,Regular,4,999,25,2997.0,Net Banking,Returned
103968,CUST1162,2025-07-22,Guntur,Beauty,Female,41,Regular,1,1999,5,1899.05,Net Banking,Delivered
103969,CUST1545,2025-02-16,Mumbai,Clothing,Male,49,New,4,199,25,597.0,Credit Card,Cancelled
103970,CUST1023,2025-01-01,Mumbai,Books,Male,27,Regular,2,1299,0,2598.0,Cash on Delivery,Cancelled
103971,CUST1314,2025-09-09,Mumbai,Sports,Male,45,Premium,3,3999,25,8997.75,Debit Card,Delivered
103972,CUST1503,2025-11-24,Bengaluru,Clothing,Male,44,New,2,999,15,1698.3,Credit Card,Cancelled
103973,CUST1563,2026-08-10,Kolkata,Mobiles,Female,40,Premium,3,799,25,1797.75,Net Banking,Returned
103974,CUST1267,2025-11-21,Guntur,Sports,Female,28,Premium,5,499,0,2495.0,Credit Card,Shipped
103975,CUST1237,2025-02-20,Hyderabad,Groceries,Male,49,Regular,1,1599,10,1439.1,Debit Card,Cancelled
103976,CUST1149,2025-10-22,Ahmedabad,Books,Female,47,Premium,2,799,25,1198.5,Cash on Delivery,Returned
103977,CUST1466,2025-10-17,Vijayawada,Books,Female,35,Premium,1,999,15,849.15,Cash on Delivery,Shipped
103978,CUST1106,2026-06-07,Ahmedabad,Electronics,Female,46,Premium,2,5999,10,10798.2,UPI,Delivered
103979,CUST1573,2025-02-02,Bengaluru,Books,Male,50,New,5,3999,15,16995.75,Net Banking,Shipped
103980,CUST1135,2025-03-09,Guntur,Home & Kitchen,Male,45,Regular,4,5999,10,21596.4,Net Banking,Cancelled
103981,CUST1292,2026-09-11,Kolkata,Clothing,Male,39,Premium,4,199,5,756.2,Debit Card,Returned
103982,CUST1371,2026-08-01,Kolkata,Books,Male,34,Premium,5,3999,0,19995.0,Debit Card,Returned
103983,CUST1229,2025-12-25,Bengaluru,Groceries,Female,35,New,1,5999,5,5699.05,Cash on Delivery,Delivered
103984,CUST1222,2026-06-11,Guntur,Groceries,Female,36,New,1,1599,25,1199.25,Debit Card,Returned
103985,CUST1022,2026-07-07,Delhi,Groceries,Male,27,Premium,3,1299,20,3117.6,Credit Card,Delivered
103986,CUST1316,2025-04-14,Vijayawada,Clothing,Male,38,Regular,1,499,15,424.15,Debit Card,Returned
103987,CUST1476,2026-07-21,Delhi,Electronics,Female,21,Regular,5,3999,5,18995.25,UPI,Returned
103988,CUST1021,2025-01-26,Mumbai,Home & Kitchen,Female,31,New,5,1299,25,4871.25,Cash on Delivery,Returned
103989,CUST1134,2025-07-03,Mumbai,Sports,Female,27,New,3,5999,5,17097.15,Cash on Delivery,Delivered
103990,CUST1526,2025-09-19,Ahmedabad,Groceries,Female,51,Regular,4,199,15,676.6,Cash on Delivery,Cancelled
103991,CUST1446,2025-06-16,Chennai,Beauty,Male,51,Regular,2,3999,20,6398.4,Debit Card,Cancelled
103992,CUST1559,2025-10-02,Chennai,Sports,Female,54,New,1,5999,20,4799.2,Net Banking,Shipped
103993,CUST1104,2026-02-14,Mumbai,Sports,Male,38,Premium,2,3999,0,7998.0,Net Banking,Cancelled
103994,CUST1557,2025-06-19,Delhi,Clothing,Female,39,Premium,4,999,15,3396.6,Credit Card,Shipped
103995,CUST1588,2025-07-29,Chennai,Clothing,Male,37,Regular,1,5999,15,5099.15,Debit Card,Returned
103996,CUST1098,2025-03-07,Delhi,Beauty,Female,21,New,5,1599,25,5996.25,UPI,Delivered
103997,CUST1542,2025-01-21,Mumbai,Books,Female,51,Premium,1,499,15,424.15,Cash on Delivery,Delivered
103998,CUST1129,2025-01-06,Pune,Groceries,Male,44,New,3,299,25,672.75,UPI,Delivered
103999,CUST1214,2025-12-05,Vijayawada,Mobiles,Male,49,Regular,2,1999,15,3398.3,Cash on Delivery,Shipped
104000,CUST1488,2025-07-03,Pune,Groceries,Male,22,Premium,4,2499,25,7497.0,Debit Card,Shipped
104001,CUST1138,2025-09-24,Hyderabad,Mobiles,Female,46,Premium,2,2499,15,4248.3,Credit Card,Delivered
104002,CUST1275,2025-11-14,Guntur,Beauty,Female,38,Premium,3,999,25,2247.75,Net Banking,Returned
104003,CUST1567,2025-06-30,Bengaluru,Electronics,Male,49,Regular,3,5999,5,17097.15,UPI,Cancelled
104004,CUST1424,2026-04-07,Kolkata,Sports,Male,46,New,2,5999,25,8998.5,Debit Card,Delivered
104005,CUST1122,2026-07-09,Hyderabad,Groceries,Male,52,Regular,2,1299,0,2598.0,Cash on Delivery,Shipped
104006,CUST1108,2025-01-20,Bengaluru,Books,Female,44,Regular,4,1299,20,4156.8,UPI,Returned
104007,CUST1010,2026-02-17,Guntur,Sports,Male,35,New,4,5999,15,20396.6,Debit Card,Delivered
104008,CUST1381,2025-03-25,Pune,Mobiles,Female,37,Regular,1,499,15,424.15,Debit Card,Returned
104009,CUST1143,2026-02-09,Ahmedabad,Mobiles,Female,37,New,3,1999,5,5697.15,UPI,Cancelled
104010,CUST1022,2025-01-03,Vijayawada,Groceries,Male,21,Premium,4,2499,10,8996.4,Debit Card,Returned
104011,CUST1497,2025-07-10,Hyderabad,Beauty,Male,42,Regular,1,999,25,749.25,Credit Card,Returned
104012,CUST1304,2025-08-14,Vijayawada,Electronics,Female,51,New,1,1299,5,1234.05,Cash on Delivery,Shipped
104013,CUST1387,2026-08-16,Guntur,Sports,Male,48,New,2,199,20,318.4,UPI,Returned
104014,CUST1056,2026-02-12,Chennai,Beauty,Female,21,Regular,1,1599,20,1279.2,Net Banking,Delivered
104015,CUST1588,2025-10-03,Delhi,Mobiles,Female,30,New,1,299,15,254.15,Net Banking,Cancelled
104016,CUST1397,2026-02-27,Hyderabad,Mobiles,Female,44,New,4,199,20,636.8,Credit Card,Shipped
104017,CUST1526,2026-09-12,Delhi,Books,Female,46,Premium,5,799,0,3995.0,Net Banking,Shipped
104018,CUST1413,2025-09-20,Kolkata,Beauty,Female,29,Regular,2,1999,10,3598.2,Debit Card,Shipped
104019,CUST1451,2025-08-28,Guntur,Sports,Female,49,Regular,1,199,20,159.2,Net Banking,Cancelled
104020,CUST1394,2025-01-17,Delhi,Home & Kitchen,Male,22,Regular,1,799,5,759.05,Cash on Delivery,Returned
104021,CUST1549,2026-06-19,Vijayawada,Home & Kitchen,Female,43,Regular,1,999,0,999.0,Net Banking,Delivered
104022,CUST1334,2025-09-03,Hyderabad,Books,Male,31,Premium,4,299,15,1016.6,UPI,Cancelled
104023,CUST1481,2026-08-07,Kolkata,Clothing,Male,25,Premium,4,5999,5,22796.2,Net Banking,Delivered
104024,CUST1077,2026-01-09,Chennai,Beauty,Male,19,Regular,1,2499,25,1874.25,Cash on Delivery,Delivered
104025,CUST1269,2025-11-08,Hyderabad,Sports,Male,39,New,4,999,10,3596.4,Net Banking,Shipped
104026,CUST1579,2025-09-19,Guntur,Clothing,Male,45,Premium,2,1999,20,3198.4,Net Banking,Delivered
104027,CUST1052,2025-01-22,Mumbai,Clothing,Female,37,New,5,2499,15,10620.75,Cash on Delivery,Returned
104028,CUST1478,2026-02-03,Vijayawada,Books,Male,18,Regular,1,299,15,254.15,Cash on Delivery,Delivered
104029,CUST1532,2026-07-25,Pune,Home & Kitchen,Female,18,Regular,1,1299,25,974.25,Net Banking,Returned
104030,CUST1496,2026-05-12,Vijayawada,Books,Male,20,New,5,1299,25,4871.25,UPI,Shipped
104031,CUST1533,2025-03-27,Mumbai,Clothing,Female,40,Premium,3,299,25,672.75,Net Banking,Returned
104032,CUST1312,2025-07-02,Delhi,Beauty,Female,24,Premium,2,5999,10,10798.2,Debit Card,Cancelled
104033,CUST1078,2026-06-03,Ahmedabad,Electronics,Male,18,New,2,499,10,898.2,Cash on Delivery,Shipped
104034,CUST1149,2025-08-06,Delhi,Mobiles,Female,21,Premium,3,3999,5,11397.15,Debit Card,Cancelled
104035,CUST1241,2025-06-19,Ahmedabad,Sports,Female,34,New,4,2499,5,9496.2,Debit Card,Cancelled
104036,CUST1536,2026-07-06,Hyderabad,Clothing,Male,38,Premium,2,299,5,568.1,Debit Card,Returned
104037,CUST1380,2026-02-20,Guntur,Groceries,Female,41,New,5,999,0,4995.0,Credit Card,Shipped
104038,CUST1221,2026-04-27,Ahmedabad,Mobiles,Male,25,Regular,3,199,20,477.6,Debit Card,Shipped
104039,CUST1226,2025-11-24,Vijayawada,Books,Male,34,Premium,2,5999,25,8998.5,Credit Card,Delivered
104040,CUST1495,2025-07-29,Ahmedabad,Beauty,Female,45,New,5,1299,25,4871.25,Net Banking,Delivered
104041,CUST1020,2026-05-18,Hyderabad,Beauty,Female,38,Regular,2,799,10,1438.2,Net Banking,Delivered
104042,CUST1300,2025-11-09,Hyderabad,Mobiles,Male,51,Regular,5,499,20,1996.0,Credit Card,Cancelled
104043,CUST1185,2025-12-22,Ahmedabad,Groceries,Female,19,Regular,5,1999,25,7496.25,Credit Card,Cancelled
104044,CUST1020,2026-06-03,Kolkata,Electronics,Female,40,Premium,4,799,15,2716.6,Credit Card,Shipped
104045,CUST1085,2026-03-05,Mumbai,Mobiles,Female,19,New,2,799,25,1198.5,UPI,Cancelled
104046,CUST1026,2025-07-22,Chennai,Books,Male,36,Regular,2,5999,15,10198.3,Cash on Delivery,Cancelled
104047,CUST1432,2026-01-24,Chennai,Mobiles,Male,33,Regular,5,2499,25,9371.25,Net Banking,Returned
104048,CUST1341,2025-01-09,Chennai,Home & Kitchen,Male,29,Premium,5,199,25,746.25,Credit Card,Shipped
104049,CUST1373,2026-09-19,Chennai,Mobiles,Female,35,Regular,4,1299,15,4416.6,Debit Card,Delivered
104050,CUST1174,2025-06-12,Vijayawada,Electronics,Male,35,Regular,3,1599,5,4557.15,Debit Card,Cancelled
104051,CUST1396,2025-05-15,Guntur,Groceries,Male,46,New,5,3999,25,14996.25,Net Banking,Returned
104052,CUST1208,2025-02-15,Ahmedabad,Books,Female,22,New,4,3999,20,12796.8,Cash on Delivery,Shipped
104053,CUST1073,2026-06-16,Mumbai,Home & Kitchen,Female,18,Regular,2,3999,5,7598.1,Credit Card,Returned
104054,CUST1059,2026-06-04,Chennai,Beauty,Male,18,Regular,3,1999,0,5997.0,Cash on Delivery,Cancelled
104055,CUST1036,2026-03-02,Ahmedabad,Beauty,Female,22,New,2,1299,25,1948.5,Credit Card,Cancelled
104056,CUST1597,2025-06-22,Hyderabad,Beauty,Male,51,New,5,2499,20,9996.0,UPI,Delivered
104057,CUST1179,2026-04-17,Chennai,Beauty,Male,33,Regular,1,999,20,799.2,Net Banking,Delivered
104058,CUST1518,2026-06-04,Bengaluru,Books,Female,31,Regular,3,2499,25,5622.75,Credit Card,Delivered
104059,CUST1507,2025-07-23,Delhi,Beauty,Male,53,New,2,1599,25,2398.5,UPI,Delivered
104060,CUST1525,2026-06-01,Bengaluru,Groceries,Male,55,Regular,1,999,5,949.05,Net Banking,Returned
104061,CUST1268,2025-12-04,Vijayawada,Clothing,Male,53,New,4,2499,25,7497.0,UPI,Returned
104062,CUST1094,2025-10-13,Chennai,Clothing,Male,28,Regular,4,499,20,1596.8,Debit Card,Returned
104063,CUST1059,2025-11-13,Vijayawada,Groceries,Male,26,New,4,199,5,756.2,Cash on Delivery,Delivered
104064,CUST1251,2026-04-04,Vijayawada,Mobiles,Female,51,Premium,1,999,5,949.05,Net Banking,Delivered
104065,CUST1171,2025-03-23,Hyderabad,Beauty,Male,19,Regular,5,1299,20,5196.0,UPI,Returned
104066,CUST1406,2025-12-19,Guntur,Clothing,Male,54,Regular,2,1999,5,3798.1,Credit Card,Delivered
104067,CUST1186,2025-02-13,Pune,Clothing,Male,43,Premium,1,299,15,254.15,Credit Card,Shipped
104068,CUST1077,2025-07-19,Chennai,Mobiles,Male,29,New,5,5999,0,29995.0,Net Banking,Delivered
104069,CUST1284,2026-09-04,Mumbai,Beauty,Male,33,Regular,3,199,0,597.0,UPI,Returned
104070,CUST1038,2026-05-23,Bengaluru,Sports,Male,54,Premium,2,1999,5,3798.1,UPI,Returned
104071,CUST1212,2025-07-29,Pune,Electronics,Male,43,Premium,3,799,5,2277.15,Credit Card,Returned
104072,CUST1320,2025-05-16,Ahmedabad,Books,Female,25,Regular,3,299,0,897.0,Credit Card,Delivered
104073,CUST1212,2026-01-07,Chennai,Home & Kitchen,Male,55,Regular,1,1299,0,1299.0,Cash on Delivery,Shipped
104074,CUST1001,2025-02-26,Delhi,Books,Male,30,Regular,5,499,10,2245.5,Net Banking,Returned
104075,CUST1577,2026-03-01,Hyderabad,Groceries,Female,32,Premium,3,799,5,2277.15,Net Banking,Cancelled
104076,CUST1104,2026-05-08,Ahmedabad,Sports,Male,18,New,3,799,5,2277.15,Net Banking,Cancelled
104077,CUST1387,2025-04-15,Delhi,Sports,Male,23,Premium,4,499,25,1497.0,Debit Card,Returned
104078,CUST1275,2026-06-16,Mumbai,Sports,Male,19,New,2,5999,0,11998.0,Net Banking,Cancelled
104079,CUST1298,2026-01-15,Mumbai,Books,Male,21,New,3,2499,25,5622.75,Net Banking,Delivered
104080,CUST1174,2026-09-05,Hyderabad,Clothing,Female,40,New,1,499,5,474.05,Net Banking,Delivered
104081,CUST1499,2026-02-20,Pune,Electronics,Female,39,New,1,3999,0,3999.0,Net Banking,Shipped
104082,CUST1363,2026-02-04,Hyderabad,Books,Female,24,Regular,4,1999,25,5997.0,Credit Card,Shipped
104083,CUST1442,2026-06-12,Pune,Beauty,Female,28,New,3,799,25,1797.75,Credit Card,Delivered
104084,CUST1031,2025-09-21,Chennai,Beauty,Female,32,Regular,5,1999,0,9995.0,Cash on Delivery,Returned
104085,CUST1147,2025-10-30,Delhi,Clothing,Female,36,Regular,1,999,10,899.1,Credit Card,Delivered
104086,CUST1364,2025-10-31,Hyderabad,Electronics,Male,27,Premium,3,3999,10,10797.3,Net Banking,Delivered
104087,CUST1482,2026-03-13,Chennai,Sports,Female,34,New,5,1299,10,5845.5,Cash on Delivery,Shipped
104088,CUST1096,2026-08-31,Hyderabad,Electronics,Male,34,Regular,3,799,15,2037.45,UPI,Delivered
104089,CUST1453,2025-09-28,Hyderabad,Home & Kitchen,Male,44,New,4,5999,10,21596.4,Cash on Delivery,Cancelled
104090,CUST1014,2025-04-26,Vijayawada,Home & Kitchen,Female,28,Regular,4,199,15,676.6,Debit Card,Shipped
104091,CUST1096,2025-03-24,Delhi,Beauty,Male,29,Premium,2,999,25,1498.5,UPI,Cancelled
104092,CUST1273,2025-11-03,Hyderabad,Clothing,Female,33,Regular,1,1999,10,1799.1,Net Banking,Delivered
104093,CUST1169,2025-12-26,Kolkata,Clothing,Female,30,Premium,5,999,20,3996.0,Credit Card,Shipped
104094,CUST1106,2026-09-18,Hyderabad,Home & Kitchen,Female,40,Regular,4,3999,25,11997.0,UPI,Shipped
104095,CUST1285,2025-03-04,Mumbai,Mobiles,Female,34,Regular,4,999,15,3396.6,Net Banking,Cancelled
104096,CUST1569,2026-01-27,Bengaluru,Sports,Male,22,Premium,2,1299,0,2598.0,Debit Card,Shipped
104097,CUST1365,2026-08-11,Delhi,Electronics,Male,50,Regular,5,3999,5,18995.25,UPI,Delivered
104098,CUST1343,2025-05-28,Guntur,Books,Male,51,Premium,5,1299,25,4871.25,Credit Card,Cancelled
104099,CUST1191,2025-12-08,Kolkata,Beauty,Female,54,New,2,199,5,378.1,Net Banking,Delivered
104100,CUST1191,2026-07-31,Kolkata,Groceries,Male,39,New,5,199,10,895.5,UPI,Returned
104101,CUST1555,2026-05-16,Chennai,Electronics,Male,53,Premium,2,199,25,298.5,Debit Card,Delivered
104102,CUST1476,2025-04-18,Mumbai,Home & Kitchen,Male,55,Premium,4,5999,15,20396.6,UPI,Delivered
104103,CUST1593,2025-12-03,Delhi,Electronics,Female,49,Regular,1,1999,0,1999.0,Debit Card,Cancelled
104104,CUST1120,2025-10-12,Bengaluru,Groceries,Female,45,Regular,1,1599,20,1279.2,Credit Card,Cancelled
104105,CUST1382,2025-09-09,Mumbai,Mobiles,Female,38,Premium,1,5999,10,5399.1,Cash on Delivery,Shipped
104106,CUST1419,2026-07-31,Chennai,Home & Kitchen,Female,31,New,4,499,25,1497.0,Debit Card,Shipped
104107,CUST1081,2026-05-16,Ahmedabad,Electronics,Female,44,Regular,1,799,25,599.25,Debit Card,Delivered
104108,CUST1316,2025-09-29,Chennai,Electronics,Female,43,Premium,1,5999,5,5699.05,Credit Card,Shipped
104109,CUST1561,2026-08-15,Guntur,Beauty,Male,40,Premium,5,1999,15,8495.75,UPI,Delivered
104110,CUST1275,2026-04-28,Vijayawada,Groceries,Female,33,Regular,1,499,25,374.25,Debit Card,Shipped
104111,CUST1069,2026-04-19,Chennai,Clothing,Female,30,Regular,2,2499,0,4998.0,UPI,Shipped
104112,CUST1576,2025-12-19,Vijayawada,Beauty,Male,22,New,4,299,15,1016.6,Debit Card,Returned
104113,CUST1210,2026-01-26,Bengaluru,Mobiles,Female,32,Premium,2,199,15,338.3,Debit Card,Cancelled
104114,CUST1428,2025-05-04,Bengaluru,Mobiles,Male,22,Premium,3,1299,10,3507.3,UPI,Returned
104115,CUST1181,2026-06-09,Mumbai,Beauty,Male,48,Premium,5,1299,20,5196.0,UPI,Delivered
104116,CUST1229,2026-07-13,Kolkata,Groceries,Male,25,Regular,5,3999,10,17995.5,Net Banking,Cancelled
104117,CUST1383,2026-05-01,Mumbai,Electronics,Male,34,New,5,299,15,1270.75,Net Banking,Delivered
104118,CUST1190,2025-05-13,Kolkata,Home & Kitchen,Female,22,Regular,3,999,15,2547.45,Credit Card,Cancelled
104119,CUST1223,2026-01-22,Mumbai,Groceries,Male,34,Premium,1,2499,15,2124.15,Credit Card,Delivered
104120,CUST1137,2026-06-13,Vijayawada,Groceries,Male,37,Regular,1,799,15,679.15,UPI,Shipped
104121,CUST1582,2025-01-04,Guntur,Clothing,Female,36,Regular,5,799,10,3595.5,Cash on Delivery,Cancelled
104122,CUST1575,2026-08-18,Mumbai,Clothing,Male,32,Premium,2,1999,5,3798.1,Cash on Delivery,Shipped
104123,CUST1572,2025-06-15,Guntur,Sports,Female,31,Premium,4,2499,0,9996.0,Net Banking,Shipped
104124,CUST1035,2026-01-09,Vijayawada,Clothing,Male,43,Regular,5,2499,5,11870.25,UPI,Returned
104125,CUST1319,2025-02-22,Guntur,Mobiles,Female,43,New,2,799,20,1278.4,Credit Card,Returned
104126,CUST1164,2025-11-14,Mumbai,Books,Male,18,Regular,5,199,15,845.75,UPI,Shipped
104127,CUST1550,2026-08-25,Guntur,Home & Kitchen,Male,46,Premium,1,1599,15,1359.15,Credit Card,Cancelled
104128,CUST1159,2026-08-04,Vijayawada,Mobiles,Male,35,Regular,2,199,20,318.4,Net Banking,Cancelled
104129,CUST1432,2025-09-13,Ahmedabad,Home & Kitchen,Male,29,New,5,1299,5,6170.25,Cash on Delivery,Shipped
104130,CUST1088,2025-11-04,Pune,Beauty,Male,32,New,5,1599,0,7995.0,Cash on Delivery,Returned
104131,CUST1590,2026-07-20,Bengaluru,Beauty,Female,20,New,1,299,25,224.25,Debit Card,Delivered
104132,CUST1302,2025-06-04,Delhi,Clothing,Male,20,Premium,5,199,10,895.5,Credit Card,Returned
104133,CUST1315,2025-05-12,Kolkata,Sports,Female,29,New,3,2499,15,6372.45,Cash on Delivery,Returned
104134,CUST1463,2025-03-13,Delhi,Beauty,Male,44,New,4,799,5,3036.2,Net Banking,Cancelled
104135,CUST1583,2025-03-09,Ahmedabad,Electronics,Female,41,Regular,2,1599,20,2558.4,Debit Card,Delivered
104136,CUST1225,2026-02-27,Mumbai,Beauty,Male,33,Regular,5,2499,10,11245.5,Debit Card,Returned
104137,CUST1227,2025-03-29,Pune,Mobiles,Female,48,Premium,5,999,10,4495.5,Cash on Delivery,Cancelled
104138,CUST1348,2026-07-31,Kolkata,Groceries,Female,22,Premium,2,3999,10,7198.2,Net Banking,Shipped
104139,CUST1580,2026-03-27,Vijayawada,Groceries,Female,20,Regular,3,999,20,2397.6,Credit Card,Cancelled
104140,CUST1360,2025-10-01,Mumbai,Mobiles,Male,27,New,3,199,5,567.15,Cash on Delivery,Shipped
104141,CUST1074,2025-12-07,Mumbai,Clothing,Male,32,Regular,5,2499,20,9996.0,Cash on Delivery,Shipped
104142,CUST1229,2025-06-15,Kolkata,Electronics,Female,31,Regular,5,999,0,4995.0,Debit Card,Delivered
104143,CUST1010,2025-06-10,Kolkata,Beauty,Female,38,New,4,3999,20,12796.8,UPI,Returned
104144,CUST1004,2025-04-15,Delhi,Groceries,Male,23,New,5,3999,15,16995.75,Credit Card,Cancelled
104145,CUST1376,2025-02-03,Ahmedabad,Books,Male,40,New,2,5999,15,10198.3,UPI,Returned
104146,CUST1328,2026-01-18,Delhi,Books,Female,31,Premium,4,1299,10,4676.4,Credit Card,Delivered
104147,CUST1004,2025-01-12,Pune,Beauty,Male,39,Regular,4,5999,25,17997.0,Cash on Delivery,Shipped
104148,CUST1586,2026-06-20,Mumbai,Electronics,Male,45,Regular,3,299,0,897.0,UPI,Returned
104149,CUST1452,2025-03-10,Mumbai,Beauty,Male,28,Regular,3,799,0,2397.0,Debit Card,Cancelled
104150,CUST1094,2026-01-21,Kolkata,Clothing,Female,31,New,5,1999,25,7496.25,Cash on Delivery,Returned
104151,CUST1270,2025-12-03,Mumbai,Electronics,Female,53,New,4,1299,10,4676.4,Debit Card,Shipped
104152,CUST1242,2026-03-04,Kolkata,Home & Kitchen,Female,55,Regular,1,1299,5,1234.05,Net Banking,Returned
104153,CUST1119,2026-01-22,Kolkata,Mobiles,Female,51,Premium,1,2499,25,1874.25,UPI,Cancelled
104154,CUST1198,2025-04-21,Mumbai,Groceries,Female,51,Regular,3,5999,0,17997.0,Debit Card,Cancelled
104155,CUST1578,2025-04-18,Chennai,Mobiles,Male,28,New,2,1599,0,3198.0,Net Banking,Shipped
104156,CUST1299,2025-01-23,Bengaluru,Groceries,Male,28,New,5,5999,25,22496.25,Credit Card,Cancelled
104157,CUST1032,2025-11-28,Hyderabad,Mobiles,Male,39,Regular,3,1999,20,4797.6,Cash on Delivery,Returned
104158,CUST1215,2025-05-15,Mumbai,Sports,Female,51,New,2,199,15,338.3,Cash on Delivery,Delivered
104159,CUST1102,2026-01-15,Chennai,Beauty,Female,47,Regular,1,199,10,179.1,Cash on Delivery,Returned
104160,CUST1207,2026-09-13,Vijayawada,Home & Kitchen,Female,42,Regular,3,3999,25,8997.75,Credit Card,Returned
104161,CUST1322,2025-03-23,Pune,Mobiles,Male,26,New,5,1599,15,6795.75,Net Banking,Cancelled
104162,CUST1168,2025-12-09,Kolkata,Books,Female,31,Premium,3,5999,0,17997.0,Net Banking,Shipped
104163,CUST1586,2026-01-22,Bengaluru,Clothing,Male,42,Regular,5,1999,15,8495.75,Cash on Delivery,Cancelled
104164,CUST1598,2026-07-14,Mumbai,Electronics,Female,51,Regular,5,1599,20,6396.0,Credit Card,Delivered
104165,CUST1246,2025-11-01,Pune,Electronics,Female,21,Premium,1,2499,25,1874.25,Debit Card,Cancelled
104166,CUST1470,2025-09-24,Hyderabad,Mobiles,Male,41,Regular,4,999,5,3796.2,Debit Card,Cancelled
104167,CUST1066,2025-06-04,Hyderabad,Sports,Female,47,Premium,4,2499,15,8496.6,Credit Card,Returned
104168,CUST1093,2025-10-11,Ahmedabad,Groceries,Male,34,Regular,1,1999,10,1799.1,UPI,Shipped
104169,CUST1032,2026-04-05,Chennai,Sports,Female,51,Premium,5,499,20,1996.0,Net Banking,Delivered
104170,CUST1382,2025-01-20,Kolkata,Mobiles,Female,47,New,5,5999,25,22496.25,Cash on Delivery,Cancelled
104171,CUST1221,2025-01-31,Ahmedabad,Home & Kitchen,Female,43,Regular,1,799,20,639.2,Net Banking,Returned
104172,CUST1491,2025-11-08,Delhi,Clothing,Female,29,Regular,4,799,0,3196.0,Cash on Delivery,Returned
104173,CUST1239,2026-06-25,Chennai,Beauty,Male,52,New,4,299,15,1016.6,Credit Card,Delivered
104174,CUST1311,2025-07-22,Ahmedabad,Beauty,Female,19,Premium,2,1599,5,3038.1,Debit Card,Returned
104175,CUST1499,2026-02-11,Delhi,Electronics,Female,32,Regular,3,999,20,2397.6,Debit Card,Cancelled
104176,CUST1345,2025-09-12,Bengaluru,Clothing,Male,24,Premium,3,3999,25,8997.75,Cash on Delivery,Returned
104177,CUST1033,2025-06-24,Guntur,Home & Kitchen,Male,34,Premium,1,2499,25,1874.25,Credit Card,Delivered
104178,CUST1364,2025-01-25,Chennai,Beauty,Female,19,Regular,5,499,0,2495.0,Debit Card,Returned
104179,CUST1041,2026-06-22,Hyderabad,Clothing,Male,31,New,4,3999,15,13596.6,UPI,Cancelled
104180,CUST1126,2025-05-17,Pune,Mobiles,Female,50,Premium,3,199,10,537.3,Debit Card,Shipped
104181,CUST1096,2026-04-19,Vijayawada,Mobiles,Female,54,Premium,4,2499,15,8496.6,Credit Card,Shipped
104182,CUST1319,2025-08-20,Vijayawada,Electronics,Male,53,Regular,2,1299,15,2208.3,Debit Card,Cancelled
104183,CUST1425,2026-04-04,Vijayawada,Sports,Male,44,Regular,4,1599,0,6396.0,UPI,Delivered
104184,CUST1065,2025-08-07,Delhi,Groceries,Male,44,Regular,1,2499,10,2249.1,Credit Card,Shipped
104185,CUST1371,2025-09-19,Bengaluru,Beauty,Male,26,Premium,4,1299,25,3897.0,UPI,Shipped
104186,CUST1178,2026-07-09,Mumbai,Books,Female,21,New,3,1599,15,4077.45,Net Banking,Shipped
104187,CUST1216,2026-06-07,Pune,Groceries,Female,34,New,5,299,10,1345.5,Debit Card,Returned
104188,CUST1003,2025-05-09,Delhi,Clothing,Male,50,Regular,5,5999,15,25495.75,Cash on Delivery,Cancelled
104189,CUST1475,2025-03-16,Bengaluru,Clothing,Female,19,Regular,2,999,0,1998.0,Net Banking,Shipped
104190,CUST1323,2025-09-24,Bengaluru,Beauty,Female,22,New,1,1299,25,974.25,UPI,Returned
104191,CUST1358,2025-01-24,Ahmedabad,Mobiles,Male,46,New,4,299,0,1196.0,Debit Card,Shipped
104192,CUST1548,2025-01-02,Bengaluru,Beauty,Female,32,Premium,2,299,10,538.2,Debit Card,Cancelled
104193,CUST1329,2025-05-11,Bengaluru,Electronics,Male,55,New,5,199,25,746.25,Credit Card,Delivered
104194,CUST1574,2026-08-12,Delhi,Groceries,Male,39,Premium,3,199,15,507.45,Credit Card,Delivered
104195,CUST1215,2025-02-08,Vijayawada,Home & Kitchen,Female,27,New,2,999,25,1498.5,Debit Card,Cancelled
104196,CUST1518,2026-01-12,Bengaluru,Mobiles,Female,42,Regular,3,1599,5,4557.15,Cash on Delivery,Shipped
104197,CUST1595,2025-08-23,Bengaluru,Groceries,Male,19,Premium,5,799,20,3196.0,Debit Card,Delivered
104198,CUST1456,2026-07-07,Kolkata,Mobiles,Male,51,New,5,2499,10,11245.5,Net Banking,Cancelled
104199,CUST1457,2026-05-09,Kolkata,Groceries,Male,22,Premium,2,2499,5,4748.1,Net Banking,Returned
104200,CUST1300,2026-01-06,Mumbai,Electronics,Female,36,Regular,5,5999,20,23996.0,Cash on Delivery,Shipped
104201,CUST1004,2025-11-24,Chennai,Home & Kitchen,Female,24,Premium,4,5999,15,20396.6,Net Banking,Returned
104202,CUST1055,2026-01-01,Ahmedabad,Electronics,Male,20,Regular,5,1999,10,8995.5,Debit Card,Shipped
104203,CUST1049,2025-02-16,Delhi,Books,Male,55,New,3,1599,20,3837.6,Cash on Delivery,Cancelled
104204,CUST1195,2026-06-30,Ahmedabad,Home & Kitchen,Male,27,Regular,3,1999,15,5097.45,Debit Card,Cancelled
104205,CUST1104,2025-01-14,Ahmedabad,Mobiles,Male,52,Premium,4,799,25,2397.0,Net Banking,Delivered
104206,CUST1201,2025-05-04,Mumbai,Mobiles,Male,22,Premium,1,499,0,499.0,Cash on Delivery,Cancelled
104207,CUST1402,2025-05-09,Mumbai,Beauty,Female,48,New,4,299,25,897.0,UPI,Returned
104208,CUST1454,2026-08-10,Pune,Beauty,Female,26,Premium,2,1299,5,2468.1,UPI,Shipped
104209,CUST1006,2025-04-19,Guntur,Beauty,Male,51,New,2,199,25,298.5,Credit Card,Delivered
104210,CUST1061,2025-12-05,Delhi,Books,Male,42,Regular,2,3999,0,7998.0,Debit Card,Shipped
104211,CUST1304,2025-02-08,Vijayawada,Groceries,Male,43,Regular,5,1599,0,7995.0,Credit Card,Shipped
104212,CUST1259,2025-05-14,Bengaluru,Mobiles,Male,20,Regular,3,1599,25,3597.75,UPI,Returned
104213,CUST1243,2025-03-04,Delhi,Mobiles,Male,22,Regular,4,1999,25,5997.0,UPI,Delivered
104214,CUST1027,2025-02-10,Kolkata,Books,Female,52,Premium,1,1999,5,1899.05,UPI,Delivered
104215,CUST1354,2025-04-08,Mumbai,Books,Female,45,Premium,4,199,25,597.0,Debit Card,Cancelled
104216,CUST1022,2026-04-11,Chennai,Groceries,Female,47,Premium,3,1999,20,4797.6,Debit Card,Cancelled
104217,CUST1598,2026-05-16,Ahmedabad,Groceries,Female,51,Regular,5,299,0,1495.0,Net Banking,Returned
104218,CUST1551,2025-11-19,Hyderabad,Books,Female,31,New,2,799,0,1598.0,Debit Card,Shipped
104219,CUST1179,2025-01-26,Hyderabad,Mobiles,Male,18,New,3,3999,20,9597.6,Credit Card,Returned
104220,CUST1458,2026-04-25,Pune,Groceries,Female,36,Premium,3,1299,10,3507.3,UPI,Returned
104221,CUST1083,2025-08-04,Guntur,Mobiles,Male,30,New,5,499,10,2245.5,Credit Card,Cancelled
104222,CUST1180,2026-06-04,Mumbai,Groceries,Male,19,Premium,2,299,15,508.3,UPI,Cancelled
104223,CUST1528,2026-07-21,Mumbai,Clothing,Male,28,Regular,1,2499,25,1874.25,Net Banking,Delivered
104224,CUST1408,2025-11-06,Pune,Mobiles,Female,26,New,3,799,0,2397.0,UPI,Shipped
104225,CUST1109,2026-04-01,Hyderabad,Clothing,Female,44,Regular,1,1599,20,1279.2,Credit Card,Cancelled
104226,CUST1429,2025-05-12,Delhi,Groceries,Female,25,New,1,1299,5,1234.05,UPI,Returned
104227,CUST1539,2025-01-07,Mumbai,Books,Female,37,New,4,2499,15,8496.6,Debit Card,Returned
104228,CUST1438,2025-08-29,Kolkata,Sports,Male,47,Regular,3,3999,10,10797.3,Credit Card,Cancelled
104229,CUST1389,2025-06-26,Kolkata,Mobiles,Female,32,Premium,3,1999,15,5097.45,Net Banking,Cancelled
104230,CUST1035,2025-04-01,Chennai,Home & Kitchen,Male,48,Premium,4,5999,15,20396.6,UPI,Delivered
104231,CUST1064,2025-09-29,Delhi,Clothing,Female,24,Premium,1,3999,10,3599.1,Net Banking,Returned
104232,CUST1315,2025-08-16,Delhi,Mobiles,Male,39,Premium,2,799,0,1598.0,Net Banking,Returned
104233,CUST1353,2025-03-19,Chennai,Groceries,Female,23,Regular,1,1299,25,974.25,Credit Card,Delivered
104234,CUST1522,2026-03-21,Guntur,Sports,Female,43,New,2,2499,25,3748.5,Credit Card,Delivered
104235,CUST1086,2026-08-13,Kolkata,Groceries,Female,30,Regular,5,199,10,895.5,Net Banking,Shipped
104236,CUST1541,2026-02-22,Hyderabad,Mobiles,Female,33,Regular,2,1299,15,2208.3,Cash on Delivery,Shipped
104237,CUST1435,2025-10-29,Delhi,Beauty,Male,24,Premium,3,299,25,672.75,Cash on Delivery,Cancelled
104238,CUST1293,2025-09-05,Delhi,Books,Male,30,New,1,3999,15,3399.15,Cash on Delivery,Shipped
104239,CUST1177,2025-11-06,Ahmedabad,Sports,Male,44,Premium,5,1999,0,9995.0,Credit Card,Delivered
104240,CUST1539,2026-07-24,Vijayawada,Beauty,Male,46,Regular,3,1299,10,3507.3,Credit Card,Shipped
104241,CUST1099,2025-04-15,Vijayawada,Mobiles,Female,43,New,2,1299,20,2078.4,Debit Card,Delivered
104242,CUST1259,2025-09-20,Bengaluru,Mobiles,Female,39,Premium,1,3999,15,3399.15,Credit Card,Shipped
104243,CUST1529,2025-11-07,Pune,Clothing,Female,55,New,4,3999,15,13596.6,UPI,Returned
104244,CUST1254,2026-01-15,Pune,Home & Kitchen,Female,38,Regular,1,1999,0,1999.0,Cash on Delivery,Delivered
104245,CUST1363,2025-12-01,Delhi,Books,Female,51,New,1,5999,0,5999.0,Cash on Delivery,Returned
104246,CUST1531,2026-03-06,Bengaluru,Clothing,Male,52,Premium,3,2499,15,6372.45,Credit Card,Delivered
104247,CUST1508,2025-07-03,Kolkata,Groceries,Male,40,Premium,4,1599,0,6396.0,Debit Card,Shipped
104248,CUST1294,2025-05-11,Kolkata,Clothing,Female,18,Premium,3,1299,5,3702.15,Credit Card,Cancelled
104249,CUST1435,2025-09-12,Pune,Books,Female,24,Regular,3,299,15,762.45,UPI,Delivered
104250,CUST1103,2026-08-16,Bengaluru,Mobiles,Male,54,Premium,1,199,25,149.25,UPI,Shipped
104251,CUST1321,2026-08-14,Kolkata,Books,Female,53,Premium,5,5999,5,28495.25,UPI,Delivered
104252,CUST1139,2025-05-18,Delhi,Mobiles,Male,38,Regular,4,1999,0,7996.0,Net Banking,Cancelled
104253,CUST1099,2025-07-19,Delhi,Books,Female,49,Premium,5,199,20,796.0,Debit Card,Delivered
104254,CUST1030,2026-06-23,Kolkata,Home & Kitchen,Male,54,Premium,1,5999,5,5699.05,UPI,Returned
104255,CUST1399,2025-09-25,Pune,Books,Male,27,Premium,1,3999,20,3199.2,Net Banking,Shipped
104256,CUST1130,2026-04-21,Mumbai,Sports,Female,26,Premium,4,999,10,3596.4,UPI,Shipped
104257,CUST1430,2025-09-01,Vijayawada,Beauty,Male,18,Premium,5,1599,10,7195.5,UPI,Cancelled
104258,CUST1124,2026-08-17,Kolkata,Electronics,Male,33,New,5,199,25,746.25,UPI,Cancelled
104259,CUST1560,2025-07-19,Mumbai,Mobiles,Male,27,New,4,2499,5,9496.2,Credit Card,Delivered
104260,CUST1065,2026-04-11,Mumbai,Home & Kitchen,Male,31,Premium,1,199,20,159.2,Net Banking,Returned
104261,CUST1376,2026-01-23,Bengaluru,Clothing,Female,22,Premium,4,499,0,1996.0,Net Banking,Delivered
104262,CUST1466,2026-04-02,Vijayawada,Home & Kitchen,Female,27,Premium,1,5999,5,5699.05,Net Banking,Returned
104263,CUST1314,2025-08-10,Ahmedabad,Home & Kitchen,Female,30,Premium,3,2499,5,7122.15,Net Banking,Returned
104264,CUST1091,2025-10-03,Hyderabad,Home & Kitchen,Male,33,Regular,5,1299,10,5845.5,Debit Card,Cancelled
104265,CUST1227,2026-04-12,Bengaluru,Beauty,Male,51,Premium,2,2499,25,3748.5,UPI,Returned
104266,CUST1329,2025-03-25,Kolkata,Mobiles,Female,31,New,5,199,10,895.5,Credit Card,Returned
104267,CUST1059,2025-03-30,Ahmedabad,Books,Male,45,Regular,3,3999,20,9597.6,Net Banking,Cancelled
104268,CUST1521,2025-06-10,Ahmedabad,Clothing,Female,39,Regular,1,499,15,424.15,Net Banking,Delivered
104269,CUST1485,2025-03-14,Vijayawada,Books,Female,51,Regular,5,3999,0,19995.0,Net Banking,Returned
104270,CUST1046,2025-10-04,Ahmedabad,Home & Kitchen,Female,29,Premium,5,999,0,4995.0,Net Banking,Returned
104271,CUST1190,2025-12-21,Hyderabad,Electronics,Male,40,Regular,5,199,15,845.75,UPI,Delivered
104272,CUST1330,2026-08-07,Delhi,Sports,Male,26,Regular,4,999,5,3796.2,Debit Card,Cancelled
104273,CUST1561,2026-03-08,Bengaluru,Beauty,Male,18,New,5,199,25,746.25,Debit Card,Delivered
104274,CUST1280,2025-05-11,Vijayawada,Books,Female,48,Premium,2,1599,5,3038.1,UPI,Delivered
104275,CUST1041,2025-05-19,Mumbai,Mobiles,Male,37,Premium,3,299,20,717.6,Debit Card,Returned
104276,CUST1497,2025-02-21,Vijayawada,Books,Female,49,Regular,5,1299,15,5520.75,Cash on Delivery,Returned
104277,CUST1218,2025-09-06,Pune,Mobiles,Male,52,Premium,1,5999,20,4799.2,UPI,Delivered
104278,CUST1274,2025-02-28,Delhi,Books,Male,50,New,1,1599,5,1519.05,Debit Card,Shipped
104279,CUST1016,2025-02-16,Pune,Mobiles,Female,47,New,2,499,5,948.1,Credit Card,Returned
104280,CUST1388,2026-07-23,Pune,Mobiles,Female,40,Regular,2,2499,15,4248.3,Credit Card,Cancelled
104281,CUST1394,2026-06-06,Kolkata,Sports,Male,45,Regular,4,2499,10,8996.4,Debit Card,Returned
104282,CUST1318,2026-06-22,Kolkata,Mobiles,Male,32,New,2,5999,15,10198.3,UPI,Delivered
104283,CUST1415,2025-06-29,Bengaluru,Sports,Male,33,Regular,3,1299,10,3507.3,Cash on Delivery,Cancelled
104284,CUST1521,2025-05-20,Bengaluru,Books,Female,18,Regular,5,999,25,3746.25,UPI,Cancelled
104285,CUST1395,2026-01-16,Chennai,Groceries,Female,20,Regular,1,1299,25,974.25,Net Banking,Cancelled
104286,CUST1404,2025-04-19,Guntur,Groceries,Female,41,Premium,1,2499,0,2499.0,Net Banking,Cancelled
104287,CUST1183,2025-11-30,Ahmedabad,Clothing,Male,33,Premium,5,999,5,4745.25,Credit Card,Cancelled
104288,CUST1472,2025-03-20,Delhi,Clothing,Male,51,New,5,5999,20,23996.0,UPI,Returned
104289,CUST1389,2026-03-29,Hyderabad,Books,Male,55,Premium,4,999,5,3796.2,Debit Card,Shipped
104290,CUST1426,2026-03-26,Ahmedabad,Books,Female,34,Premium,1,999,5,949.05,Credit Card,Cancelled
104291,CUST1597,2026-05-07,Chennai,Beauty,Male,43,Premium,4,2499,20,7996.8,UPI,Returned
104292,CUST1324,2026-04-16,Kolkata,Electronics,Female,30,New,4,999,25,2997.0,Net Banking,Returned
104293,CUST1458,2025-11-22,Ahmedabad,Electronics,Male,38,New,2,299,25,448.5,UPI,Shipped
104294,CUST1502,2026-03-06,Bengaluru,Electronics,Male,52,Regular,1,1299,10,1169.1,Debit Card,Cancelled
104295,CUST1329,2026-07-05,Pune,Clothing,Male,44,Premium,4,1599,20,5116.8,UPI,Shipped
104296,CUST1462,2025-02-05,Chennai,Clothing,Male,40,Premium,4,2499,5,9496.2,Debit Card,Delivered
104297,CUST1597,2025-06-25,Vijayawada,Groceries,Male,41,Premium,2,999,10,1798.2,Net Banking,Delivered
104298,CUST1512,2025-07-05,Guntur,Clothing,Female,29,Premium,3,1299,10,3507.3,Cash on Delivery,Cancelled
104299,CUST1129,2025-08-01,Kolkata,Beauty,Male,26,Regular,3,299,10,807.3,UPI,Shipped
104300,CUST1035,2025-07-30,Vijayawada,Clothing,Male,42,New,1,1999,10,1799.1,Cash on Delivery,Returned
104301,CUST1213,2025-08-26,Bengaluru,Beauty,Male,29,Premium,3,999,5,2847.15,Cash on Delivery,Shipped
104302,CUST1076,2025-09-09,Mumbai,Home & Kitchen,Female,20,New,3,1599,10,4317.3,Debit Card,Shipped
104303,CUST1234,2025-04-07,Pune,Clothing,Female,26,Premium,3,299,10,807.3,Credit Card,Returned
104304,CUST1320,2026-06-04,Kolkata,Sports,Male,42,New,3,199,10,537.3,Credit Card,Shipped
104305,CUST1158,2025-12-08,Vijayawada,Books,Male,38,Premium,3,5999,15,15297.45,Debit Card,Shipped
104306,CUST1232,2025-02-16,Ahmedabad,Electronics,Male,35,Regular,4,299,0,1196.0,Net Banking,Shipped
104307,CUST1202,2026-04-30,Bengaluru,Electronics,Female,20,Regular,3,5999,5,17097.15,Cash on Delivery,Shipped
104308,CUST1412,2025-08-13,Chennai,Sports,Male,51,New,3,1299,10,3507.3,Net Banking,Cancelled
104309,CUST1305,2025-08-03,Kolkata,Beauty,Male,20,Regular,5,3999,15,16995.75,Debit Card,Returned
104310,CUST1472,2025-08-02,Ahmedabad,Home & Kitchen,Female,42,New,2,2499,0,4998.0,Net Banking,Cancelled
104311,CUST1380,2025-01-11,Hyderabad,Clothing,Female,38,New,3,999,15,2547.45,Debit Card,Returned
104312,CUST1040,2026-02-06,Mumbai,Sports,Female,55,Regular,3,1299,20,3117.6,Credit Card,Shipped
104313,CUST1044,2025-07-26,Bengaluru,Groceries,Male,21,Regular,2,999,5,1898.1,Credit Card,Delivered
104314,CUST1578,2026-08-11,Delhi,Clothing,Male,42,New,1,199,15,169.15,Debit Card,Delivered
104315,CUST1158,2025-04-04,Kolkata,Beauty,Male,26,New,3,499,0,1497.0,Credit Card,Shipped
104316,CUST1277,2026-07-22,Hyderabad,Home & Kitchen,Female,39,Regular,4,5999,0,23996.0,Credit Card,Shipped
104317,CUST1295,2025-09-25,Chennai,Electronics,Male,32,Premium,5,499,5,2370.25,Credit Card,Delivered
104318,CUST1133,2025-01-16,Delhi,Home & Kitchen,Male,34,Premium,1,299,5,284.05,Credit Card,Cancelled
104319,CUST1099,2025-03-04,Chennai,Sports,Male,28,Premium,5,1999,20,7996.0,Debit Card,Returned
104320,CUST1288,2025-04-30,Kolkata,Books,Female,49,Regular,4,1599,5,6076.2,Debit Card,Delivered
104321,CUST1594,2026-07-05,Pune,Groceries,Female,22,Regular,5,1999,15,8495.75,UPI,Shipped
104322,CUST1056,2025-01-01,Mumbai,Groceries,Male,42,New,4,199,20,636.8,Credit Card,Returned
104323,CUST1482,2025-07-12,Vijayawada,Beauty,Male,49,Premium,1,1299,15,1104.15,Credit Card,Returned
104324,CUST1329,2025-07-11,Ahmedabad,Mobiles,Female,47,New,5,499,10,2245.5,Net Banking,Shipped
104325,CUST1066,2025-11-04,Bengaluru,Beauty,Male,28,New,2,2499,5,4748.1,Credit Card,Shipped
104326,CUST1085,2026-06-27,Chennai,Sports,Male,28,New,2,799,20,1278.4,Debit Card,Delivered
104327,CUST1029,2026-01-30,Ahmedabad,Books,Male,24,Regular,2,1999,25,2998.5,Debit Card,Delivered
104328,CUST1190,2025-06-25,Ahmedabad,Home & Kitchen,Female,41,Regular,3,1299,5,3702.15,Cash on Delivery,Delivered
104329,CUST1233,2026-06-19,Pune,Electronics,Female,44,New,5,799,20,3196.0,Net Banking,Shipped
104330,CUST1361,2025-07-21,Chennai,Sports,Male,31,Premium,4,999,0,3996.0,Net Banking,Returned
104331,CUST1082,2026-06-05,Ahmedabad,Electronics,Female,33,New,5,1299,20,5196.0,Net Banking,Cancelled
104332,CUST1585,2025-12-15,Pune,Electronics,Male,40,Regular,5,1999,10,8995.5,Credit Card,Shipped
104333,CUST1494,2025-07-06,Hyderabad,Beauty,Male,53,Regular,2,199,0,398.0,Net Banking,Cancelled
104334,CUST1468,2026-05-31,Bengaluru,Mobiles,Female,28,Premium,3,1599,25,3597.75,Net Banking,Delivered
104335,CUST1376,2025-10-03,Mumbai,Sports,Male,53,Premium,5,799,25,2996.25,Cash on Delivery,Shipped
104336,CUST1177,2025-05-23,Pune,Home & Kitchen,Female,34,Premium,4,5999,0,23996.0,UPI,Delivered
104337,CUST1421,2025-03-05,Vijayawada,Books,Male,27,Regular,3,1299,25,2922.75,Cash on Delivery,Returned
104338,CUST1584,2026-03-07,Bengaluru,Electronics,Female,54,Regular,5,199,25,746.25,Debit Card,Returned
104339,CUST1274,2025-02-06,Vijayawada,Books,Female,30,Premium,2,799,15,1358.3,Credit Card,Delivered
104340,CUST1231,2026-03-17,Vijayawada,Beauty,Male,36,New,3,999,25,2247.75,Debit Card,Delivered
104341,CUST1153,2025-08-01,Bengaluru,Groceries,Male,20,Premium,4,299,10,1076.4,UPI,Cancelled
104342,CUST1031,2026-02-26,Ahmedabad,Sports,Male,22,Premium,5,799,25,2996.25,Credit Card,Shipped
104343,CUST1455,2026-01-08,Bengaluru,Mobiles,Female,21,Regular,2,1599,10,2878.2,Cash on Delivery,Returned
104344,CUST1424,2025-10-25,Chennai,Electronics,Female,19,Regular,3,499,20,1197.6,Net Banking,Delivered
104345,CUST1139,2025-02-10,Bengaluru,Books,Male,41,Regular,1,199,0,199.0,Net Banking,Cancelled
104346,CUST1522,2025-05-12,Delhi,Books,Male,19,Regular,1,299,25,224.25,Debit Card,Delivered
104347,CUST1197,2025-02-25,Guntur,Books,Male,19,Regular,1,1999,5,1899.05,Net Banking,Shipped
104348,CUST1272,2025-01-17,Guntur,Home & Kitchen,Male,21,Regular,4,999,0,3996.0,UPI,Cancelled
104349,CUST1380,2025-07-31,Hyderabad,Groceries,Male,41,Premium,1,199,10,179.1,Net Banking,Returned
104350,CUST1426,2026-07-17,Hyderabad,Beauty,Female,40,Premium,3,199,15,507.45,UPI,Cancelled
104351,CUST1354,2025-04-29,Guntur,Sports,Female,19,Premium,3,2499,5,7122.15,Debit Card,Delivered
104352,CUST1053,2025-09-30,Vijayawada,Clothing,Female,32,Premium,2,1999,15,3398.3,Cash on Delivery,Delivered
104353,CUST1082,2025-04-18,Mumbai,Home & Kitchen,Female,24,Regular,3,299,0,897.0,Credit Card,Cancelled
104354,CUST1403,2025-07-17,Guntur,Beauty,Female,18,Premium,3,299,0,897.0,Debit Card,Returned
104355,CUST1125,2025-07-11,Hyderabad,Mobiles,Male,49,New,3,1299,5,3702.15,Credit Card,Shipped
104356,CUST1033,2025-01-08,Kolkata,Books,Female,29,Regular,4,499,10,1796.4,UPI,Returned
104357,CUST1132,2025-02-05,Pune,Groceries,Male,44,New,5,1599,25,5996.25,UPI,Delivered
104358,CUST1077,2026-08-20,Ahmedabad,Clothing,Female,21,New,5,3999,5,18995.25,Net Banking,Delivered
104359,CUST1114,2025-06-18,Ahmedabad,Home & Kitchen,Male,51,Premium,5,1999,25,7496.25,Cash on Delivery,Cancelled
104360,CUST1154,2025-03-20,Pune,Books,Male,37,Premium,3,3999,10,10797.3,Debit Card,Delivered
104361,CUST1178,2025-06-02,Delhi,Groceries,Female,43,Regular,4,1599,10,5756.4,Debit Card,Delivered
104362,CUST1176,2025-03-27,Ahmedabad,Home & Kitchen,Female,27,Regular,1,1299,0,1299.0,Credit Card,Delivered
104363,CUST1530,2026-03-13,Chennai,Beauty,Female,47,Premium,4,1999,15,6796.6,UPI,Delivered
104364,CUST1138,2026-05-21,Bengaluru,Electronics,Male,40,New,1,2499,25,1874.25,Credit Card,Shipped
104365,CUST1183,2025-04-10,Hyderabad,Home & Kitchen,Male,45,Regular,3,1999,20,4797.6,UPI,Returned
104366,CUST1155,2025-06-17,Ahmedabad,Sports,Male,26,Regular,1,299,15,254.15,Cash on Delivery,Delivered
104367,CUST1114,2026-07-30,Guntur,Electronics,Female,18,Premium,4,3999,15,13596.6,Credit Card,Delivered
104368,CUST1489,2026-08-05,Mumbai,Mobiles,Male,44,New,2,5999,25,8998.5,Net Banking,Returned
104369,CUST1355,2025-08-23,Hyderabad,Beauty,Female,43,Premium,2,799,20,1278.4,Cash on Delivery,Returned
104370,CUST1539,2025-01-09,Hyderabad,Electronics,Female,21,Premium,3,1299,0,3897.0,Net Banking,Delivered
104371,CUST1192,2026-07-16,Pune,Electronics,Male,40,Regular,2,199,15,338.3,Cash on Delivery,Cancelled
104372,CUST1295,2025-11-16,Guntur,Home & Kitchen,Female,31,Regular,1,3999,20,3199.2,UPI,Returned
104373,CUST1185,2025-02-19,Ahmedabad,Electronics,Female,43,New,3,199,25,447.75,Net Banking,Delivered
104374,CUST1550,2026-06-01,Chennai,Beauty,Female,51,Regular,1,999,20,799.2,Net Banking,Delivered
104375,CUST1454,2025-08-31,Bengaluru,Clothing,Male,48,Regular,2,299,15,508.3,Cash on Delivery,Cancelled
104376,CUST1286,2026-01-16,Chennai,Mobiles,Female,30,Premium,1,5999,0,5999.0,UPI,Cancelled
104377,CUST1136,2026-04-02,Vijayawada,Sports,Male,52,New,3,5999,25,13497.75,Net Banking,Returned
104378,CUST1219,2025-02-06,Mumbai,Mobiles,Female,53,Regular,2,3999,0,7998.0,Cash on Delivery,Cancelled
104379,CUST1333,2026-02-10,Guntur,Sports,Male,34,Premium,4,1299,5,4936.2,Cash on Delivery,Cancelled
104380,CUST1002,2025-07-26,Kolkata,Clothing,Male,21,Regular,5,499,15,2120.75,Net Banking,Delivered
104381,CUST1092,2025-01-27,Hyderabad,Clothing,Male,33,Premium,2,1999,20,3198.4,Credit Card,Delivered
104382,CUST1100,2026-05-30,Mumbai,Electronics,Male,54,Regular,2,799,10,1438.2,Debit Card,Returned
104383,CUST1411,2026-06-17,Mumbai,Clothing,Male,49,Regular,5,1299,0,6495.0,Debit Card,Cancelled
104384,CUST1229,2025-09-30,Ahmedabad,Books,Female,22,Regular,5,199,10,895.5,Credit Card,Shipped
104385,CUST1442,2025-06-22,Guntur,Electronics,Female,35,Premium,4,1999,5,7596.2,UPI,Shipped
104386,CUST1310,2026-01-26,Mumbai,Sports,Female,55,New,1,499,20,399.2,UPI,Cancelled
104387,CUST1257,2026-01-28,Ahmedabad,Groceries,Male,55,Regular,5,2499,15,10620.75,Debit Card,Cancelled
104388,CUST1044,2025-07-14,Vijayawada,Groceries,Female,53,Regular,5,299,20,1196.0,Cash on Delivery,Delivered
104389,CUST1230,2025-11-08,Delhi,Groceries,Female,20,Premium,3,999,5,2847.15,UPI,Cancelled
104390,CUST1480,2026-03-25,Ahmedabad,Books,Female,43,New,3,799,25,1797.75,UPI,Shipped
104391,CUST1014,2025-09-19,Vijayawada,Books,Male,49,Premium,2,3999,0,7998.0,Debit Card,Shipped
104392,CUST1081,2025-07-27,Pune,Clothing,Male,25,Regular,3,1599,25,3597.75,Cash on Delivery,Returned
104393,CUST1046,2025-01-05,Guntur,Electronics,Female,45,Regular,5,3999,15,16995.75,Net Banking,Returned
104394,CUST1379,2026-05-30,Mumbai,Sports,Male,54,New,2,999,5,1898.1,Net Banking,Cancelled
104395,CUST1308,2025-09-14,Bengaluru,Sports,Male,32,Premium,1,5999,25,4499.25,Net Banking,Returned
104396,CUST1260,2025-07-18,Mumbai,Beauty,Male,51,New,5,799,25,2996.25,Debit Card,Cancelled
104397,CUST1141,2026-09-14,Ahmedabad,Beauty,Female,32,New,5,1599,0,7995.0,Net Banking,Shipped
104398,CUST1023,2025-03-20,Delhi,Electronics,Female,24,Premium,3,5999,5,17097.15,UPI,Cancelled
104399,CUST1024,2026-06-24,Guntur,Sports,Male,50,Premium,4,2499,15,8496.6,Credit Card,Shipped
104400,CUST1541,2025-10-11,Vijayawada,Books,Female,35,New,3,299,5,852.15,Net Banking,Shipped
104401,CUST1111,2025-07-24,Bengaluru,Mobiles,Female,27,Regular,4,2499,20,7996.8,UPI,Returned
104402,CUST1047,2025-11-12,Chennai,Sports,Male,21,Regular,2,2499,5,4748.1,Net Banking,Returned
104403,CUST1001,2026-04-03,Hyderabad,Sports,Male,38,Regular,4,1299,10,4676.4,Cash on Delivery,Delivered
104404,CUST1223,2025-08-14,Mumbai,Clothing,Female,29,Regular,4,1999,5,7596.2,Cash on Delivery,Cancelled
104405,CUST1230,2025-03-28,Vijayawada,Sports,Female,44,Premium,3,299,15,762.45,UPI,Cancelled
104406,CUST1248,2026-06-05,Mumbai,Books,Female,22,Regular,2,999,25,1498.5,Net Banking,Shipped
104407,CUST1208,2026-04-06,Hyderabad,Beauty,Male,34,Regular,3,1999,15,5097.45,UPI,Delivered
104408,CUST1387,2026-05-20,Bengaluru,Electronics,Male,21,Premium,3,299,20,717.6,Net Banking,Shipped
104409,CUST1208,2025-12-02,Pune,Beauty,Male,46,Premium,4,5999,20,19196.8,Credit Card,Returned
104410,CUST1267,2026-05-05,Hyderabad,Home & Kitchen,Male,37,Regular,4,1599,10,5756.4,UPI,Cancelled
104411,CUST1280,2025-12-19,Hyderabad,Home & Kitchen,Male,44,Regular,1,799,15,679.15,Cash on Delivery,Cancelled
104412,CUST1386,2025-07-05,Delhi,Sports,Female,29,Regular,5,799,25,2996.25,Debit Card,Cancelled
104413,CUST1313,2025-12-16,Ahmedabad,Groceries,Female,41,Premium,3,199,5,567.15,Debit Card,Cancelled
104414,CUST1174,2025-08-31,Vijayawada,Electronics,Female,46,New,4,5999,10,21596.4,Debit Card,Cancelled
104415,CUST1517,2025-09-24,Chennai,Electronics,Male,53,Premium,4,1599,10,5756.4,Cash on Delivery,Returned
104416,CUST1280,2026-09-14,Chennai,Sports,Male,51,Regular,2,1999,0,3998.0,UPI,Cancelled
104417,CUST1273,2026-06-15,Chennai,Electronics,Male,55,Premium,2,999,25,1498.5,Cash on Delivery,Shipped
104418,CUST1181,2026-07-17,Bengaluru,Electronics,Male,34,Premium,3,999,10,2697.3,UPI,Cancelled
104419,CUST1572,2026-03-11,Ahmedabad,Electronics,Female,43,New,5,2499,15,10620.75,Debit Card,Shipped
104420,CUST1477,2026-05-15,Guntur,Clothing,Female,46,Premium,2,999,15,1698.3,Cash on Delivery,Shipped
104421,CUST1417,2026-05-07,Guntur,Beauty,Male,22,Premium,5,299,10,1345.5,Cash on Delivery,Shipped
104422,CUST1541,2026-01-23,Delhi,Groceries,Male,36,New,4,299,5,1136.2,Credit Card,Delivered
104423,CUST1426,2026-08-06,Guntur,Beauty,Male,37,Premium,1,1599,15,1359.15,Cash on Delivery,Returned
104424,CUST1078,2026-05-07,Kolkata,Home & Kitchen,Male,37,Regular,4,499,25,1497.0,Net Banking,Shipped
104425,CUST1566,2025-05-09,Mumbai,Mobiles,Male,47,New,3,1999,15,5097.45,Cash on Delivery,Returned
104426,CUST1585,2025-04-05,Pune,Mobiles,Male,39,Regular,3,2499,25,5622.75,Net Banking,Cancelled
104427,CUST1515,2025-06-26,Hyderabad,Electronics,Male,36,New,2,1299,5,2468.1,Credit Card,Returned
104428,CUST1132,2025-09-02,Bengaluru,Mobiles,Male,22,Regular,3,1299,10,3507.3,Debit Card,Shipped
104429,CUST1580,2025-07-05,Pune,Clothing,Female,23,Premium,1,2499,0,2499.0,UPI,Returned
104430,CUST1438,2025-01-27,Ahmedabad,Groceries,Male,31,New,4,1999,15,6796.6,Cash on Delivery,Cancelled
104431,CUST1198,2025-11-17,Mumbai,Books,Male,40,Regular,2,2499,5,4748.1,UPI,Shipped
104432,CUST1180,2026-01-05,Guntur,Electronics,Male,28,Regular,2,799,25,1198.5,Debit Card,Returned
104433,CUST1300,2026-04-07,Ahmedabad,Sports,Female,48,New,3,3999,0,11997.0,Credit Card,Delivered
104434,CUST1546,2026-05-07,Vijayawada,Sports,Male,29,New,1,1299,15,1104.15,UPI,Cancelled
104435,CUST1398,2025-08-10,Chennai,Beauty,Female,50,Premium,3,999,10,2697.3,Credit Card,Returned
104436,CUST1308,2026-05-28,Bengaluru,Books,Male,19,Premium,4,799,15,2716.6,Cash on Delivery,Shipped
104437,CUST1579,2025-05-16,Vijayawada,Electronics,Female,19,Regular,4,1999,5,7596.2,Credit Card,Cancelled
104438,CUST1079,2025-05-31,Guntur,Home & Kitchen,Female,46,Regular,5,3999,5,18995.25,Credit Card,Cancelled
104439,CUST1495,2025-02-21,Kolkata,Home & Kitchen,Male,54,Premium,4,3999,25,11997.0,Credit Card,Returned
104440,CUST1019,2025-05-18,Chennai,Home & Kitchen,Male,55,Premium,1,299,5,284.05,UPI,Delivered
104441,CUST1377,2026-01-13,Ahmedabad,Sports,Female,49,Regular,1,5999,25,4499.25,UPI,Returned
104442,CUST1526,2026-07-27,Hyderabad,Groceries,Male,37,Premium,1,5999,15,5099.15,UPI,Delivered
104443,CUST1018,2025-12-01,Guntur,Groceries,Male,35,New,3,1599,20,3837.6,Credit Card,Returned
104444,CUST1201,2025-01-01,Vijayawada,Clothing,Male,25,Regular,3,1999,10,5397.3,Debit Card,Cancelled
104445,CUST1486,2025-05-14,Ahmedabad,Clothing,Female,21,Premium,5,299,25,1121.25,UPI,Shipped
104446,CUST1427,2026-01-24,Pune,Home & Kitchen,Male,41,Premium,3,299,15,762.45,Debit Card,Shipped
104447,CUST1077,2026-02-12,Mumbai,Electronics,Male,23,Regular,1,3999,0,3999.0,Credit Card,Returned
104448,CUST1216,2025-01-19,Ahmedabad,Books,Female,30,Premium,5,1599,10,7195.5,Debit Card,Returned
104449,CUST1598,2025-08-01,Mumbai,Electronics,Male,41,New,2,199,0,398.0,Debit Card,Shipped
104450,CUST1353,2025-01-30,Mumbai,Home & Kitchen,Female,53,Premium,3,799,5,2277.15,Net Banking,Delivered
104451,CUST1272,2025-11-04,Mumbai,Books,Female,38,Regular,5,1999,0,9995.0,UPI,Returned
104452,CUST1290,2026-08-07,Hyderabad,Sports,Female,36,New,2,499,25,748.5,UPI,Shipped
104453,CUST1002,2026-01-14,Chennai,Clothing,Female,43,Regular,2,3999,0,7998.0,Cash on Delivery,Delivered
104454,CUST1341,2026-01-04,Kolkata,Beauty,Male,34,Premium,2,299,20,478.4,Credit Card,Cancelled
104455,CUST1528,2025-05-28,Kolkata,Home & Kitchen,Female,52,Premium,5,199,0,995.0,Debit Card,Returned
104456,CUST1558,2026-06-11,Hyderabad,Groceries,Female,19,New,2,3999,25,5998.5,Cash on Delivery,Returned
104457,CUST1378,2025-07-31,Kolkata,Beauty,Female,51,Regular,1,499,0,499.0,Credit Card,Delivered
104458,CUST1565,2026-04-13,Guntur,Groceries,Female,19,Premium,3,2499,15,6372.45,Net Banking,Cancelled
104459,CUST1059,2025-05-01,Guntur,Clothing,Male,42,New,3,199,10,537.3,Cash on Delivery,Delivered
104460,CUST1367,2025-01-03,Bengaluru,Clothing,Male,30,Premium,1,999,20,799.2,Debit Card,Delivered
104461,CUST1334,2025-01-09,Vijayawada,Sports,Female,33,Premium,5,999,25,3746.25,Net Banking,Returned
104462,CUST1081,2025-05-30,Bengaluru,Books,Male,27,Premium,3,1299,15,3312.45,Net Banking,Returned
104463,CUST1196,2025-03-04,Vijayawada,Clothing,Female,27,Premium,1,199,20,159.2,Debit Card,Delivered
104464,CUST1099,2026-05-24,Bengaluru,Groceries,Male,34,Premium,4,299,0,1196.0,UPI,Returned
104465,CUST1079,2025-12-18,Vijayawada,Clothing,Female,44,Premium,2,5999,15,10198.3,Net Banking,Cancelled
104466,CUST1002,2026-06-13,Guntur,Clothing,Male,31,New,1,5999,0,5999.0,UPI,Delivered
104467,CUST1346,2026-03-06,Pune,Beauty,Female,33,New,4,3999,15,13596.6,Credit Card,Shipped
104468,CUST1301,2026-02-02,Chennai,Books,Female,43,New,5,999,0,4995.0,Credit Card,Delivered
104469,CUST1058,2026-05-14,Pune,Groceries,Male,39,Premium,3,5999,20,14397.6,Net Banking,Cancelled
104470,CUST1538,2025-01-08,Guntur,Beauty,Male,43,New,5,999,5,4745.25,Debit Card,Returned
104471,CUST1514,2026-05-19,Delhi,Home & Kitchen,Female,36,New,2,299,0,598.0,UPI,Cancelled
104472,CUST1472,2026-08-20,Ahmedabad,Clothing,Female,39,Regular,1,1299,25,974.25,UPI,Cancelled
104473,CUST1435,2026-08-31,Bengaluru,Groceries,Female,26,New,3,1299,5,3702.15,UPI,Returned
104474,CUST1145,2025-07-23,Bengaluru,Mobiles,Male,54,Premium,2,2499,10,4498.2,UPI,Shipped
104475,CUST1470,2025-01-24,Vijayawada,Beauty,Female,24,Premium,2,3999,0,7998.0,Credit Card,Cancelled
104476,CUST1344,2025-05-30,Delhi,Clothing,Male,24,Regular,1,999,25,749.25,Debit Card,Returned
104477,CUST1224,2025-05-21,Hyderabad,Home & Kitchen,Female,22,New,3,799,0,2397.0,UPI,Delivered
104478,CUST1289,2025-04-29,Mumbai,Books,Female,29,New,1,799,0,799.0,Debit Card,Shipped
104479,CUST1029,2026-04-22,Pune,Sports,Male,26,Regular,4,2499,25,7497.0,Cash on Delivery,Delivered
104480,CUST1314,2025-05-10,Ahmedabad,Mobiles,Female,48,Premium,4,199,25,597.0,Net Banking,Returned
104481,CUST1447,2025-07-08,Bengaluru,Clothing,Male,31,Regular,3,1599,25,3597.75,UPI,Returned
104482,CUST1390,2026-03-21,Delhi,Home & Kitchen,Female,43,New,3,3999,20,9597.6,Credit Card,Returned
104483,CUST1116,2026-06-03,Guntur,Books,Female,38,New,1,199,15,169.15,Debit Card,Shipped
104484,CUST1148,2025-05-12,Delhi,Electronics,Female,27,New,1,299,0,299.0,Debit Card,Shipped
104485,CUST1088,2025-08-30,Bengaluru,Groceries,Male,25,Regular,2,799,20,1278.4,UPI,Returned
104486,CUST1315,2026-02-20,Bengaluru,Beauty,Female,20,Regular,5,5999,15,25495.75,UPI,Delivered
104487,CUST1070,2026-09-11,Guntur,Clothing,Female,49,Premium,5,3999,10,17995.5,Cash on Delivery,Shipped
104488,CUST1507,2025-09-03,Guntur,Sports,Female,51,Regular,5,199,5,945.25,UPI,Shipped
104489,CUST1413,2026-02-16,Vijayawada,Books,Female,50,Premium,3,499,5,1422.15,Debit Card,Returned
104490,CUST1288,2026-08-18,Delhi,Mobiles,Female,19,Premium,2,1999,0,3998.0,UPI,Cancelled
104491,CUST1542,2026-04-16,Bengaluru,Books,Female,21,New,1,299,15,254.15,Credit Card,Returned
104492,CUST1175,2025-09-24,Bengaluru,Books,Male,46,Premium,5,3999,10,17995.5,Credit Card,Returned
104493,CUST1317,2026-02-04,Kolkata,Beauty,Female,25,New,4,199,10,716.4,Net Banking,Delivered
104494,CUST1502,2026-02-21,Delhi,Groceries,Female,46,Regular,1,2499,5,2374.05,Debit Card,Returned
104495,CUST1129,2026-03-25,Delhi,Groceries,Male,24,Premium,5,999,10,4495.5,Net Banking,Delivered
104496,CUST1292,2025-11-22,Guntur,Groceries,Female,35,Premium,4,1999,10,7196.4,Debit Card,Cancelled
104497,CUST1031,2026-03-25,Delhi,Electronics,Female,46,Premium,5,1999,25,7496.25,UPI,Cancelled
104498,CUST1021,2026-01-18,Guntur,Mobiles,Male,24,Regular,3,799,0,2397.0,UPI,Shipped
104499,CUST1180,2026-04-28,Guntur,Home & Kitchen,Female,42,Regular,2,1299,20,2078.4,Credit Card,Cancelled
104500,CUST1167,2025-02-23,Pune,Clothing,Female,48,Regular,3,1299,10,3507.3,Net Banking,Cancelled
104501,CUST1414,2026-03-18,Bengaluru,Home & Kitchen,Female,31,Regular,3,499,25,1122.75,Debit Card,Shipped
104502,CUST1190,2026-06-02,Vijayawada,Electronics,Female,22,New,2,499,0,998.0,Cash on Delivery,Cancelled
104503,CUST1166,2026-08-08,Mumbai,Sports,Male,21,Premium,4,199,15,676.6,UPI,Cancelled
104504,CUST1422,2026-06-10,Delhi,Groceries,Female,28,Regular,4,1599,0,6396.0,UPI,Delivered
104505,CUST1587,2026-08-11,Pune,Beauty,Male,29,New,2,499,0,998.0,Debit Card,Delivered
104506,CUST1582,2026-03-09,Mumbai,Clothing,Female,52,Premium,3,199,15,507.45,Debit Card,Cancelled
104507,CUST1257,2025-12-26,Ahmedabad,Books,Male,24,Premium,2,799,15,1358.3,UPI,Delivered
104508,CUST1385,2025-06-24,Delhi,Beauty,Male,37,New,1,2499,20,1999.2,Cash on Delivery,Shipped
104509,CUST1123,2025-09-08,Delhi,Sports,Male,42,Regular,2,299,10,538.2,Net Banking,Shipped
104510,CUST1536,2026-08-14,Mumbai,Sports,Male,23,Regular,4,199,10,716.4,Credit Card,Cancelled
104511,CUST1048,2025-07-02,Bengaluru,Groceries,Male,20,Regular,2,199,15,338.3,Cash on Delivery,Shipped
104512,CUST1260,2025-06-19,Ahmedabad,Sports,Male,43,Regular,2,2499,15,4248.3,Debit Card,Shipped
104513,CUST1498,2026-07-08,Mumbai,Mobiles,Female,31,Premium,4,199,0,796.0,Net Banking,Delivered
104514,CUST1034,2025-05-01,Pune,Home & Kitchen,Male,31,Premium,1,299,5,284.05,Credit Card,Cancelled
104515,CUST1506,2025-06-18,Pune,Electronics,Female,36,Premium,2,799,15,1358.3,UPI,Returned
104516,CUST1564,2025-09-05,Ahmedabad,Beauty,Female,44,New,2,999,10,1798.2,Debit Card,Delivered
104517,CUST1376,2025-06-23,Pune,Books,Male,47,Premium,4,299,15,1016.6,Credit Card,Shipped
104518,CUST1136,2026-08-26,Guntur,Books,Female,22,Premium,5,1999,0,9995.0,Cash on Delivery,Delivered
104519,CUST1075,2025-11-16,Hyderabad,Home & Kitchen,Female,41,Regular,4,5999,15,20396.6,Debit Card,Delivered
104520,CUST1502,2026-08-25,Delhi,Electronics,Male,44,Regular,1,999,5,949.05,UPI,Cancelled
104521,CUST1173,2025-01-11,Chennai,Mobiles,Male,35,Regular,2,1299,15,2208.3,Debit Card,Cancelled
104522,CUST1366,2026-02-11,Guntur,Clothing,Male,43,Regular,1,999,20,799.2,Cash on Delivery,Shipped
104523,CUST1497,2025-06-30,Ahmedabad,Clothing,Male,22,Regular,2,5999,15,10198.3,Net Banking,Cancelled
104524,CUST1176,2025-04-27,Delhi,Home & Kitchen,Male,43,Premium,2,1299,20,2078.4,Debit Card,Shipped
104525,CUST1357,2025-05-30,Chennai,Books,Male,53,Regular,2,3999,5,7598.1,Debit Card,Returned
104526,CUST1384,2026-02-04,Delhi,Home & Kitchen,Male,34,Regular,1,1999,15,1699.15,Net Banking,Shipped
104527,CUST1600,2026-03-23,Kolkata,Groceries,Male,36,New,4,199,15,676.6,Net Banking,Shipped
104528,CUST1402,2025-07-19,Guntur,Sports,Male,42,Regular,4,2499,5,9496.2,Net Banking,Returned
104529,CUST1023,2026-01-27,Delhi,Sports,Female,39,New,5,199,20,796.0,UPI,Delivered
104530,CUST1374,2025-02-20,Hyderabad,Groceries,Female,19,Regular,2,499,15,848.3,Cash on Delivery,Delivered
104531,CUST1228,2025-06-09,Delhi,Clothing,Female,27,Premium,5,199,5,945.25,UPI,Shipped
104532,CUST1511,2026-04-29,Ahmedabad,Groceries,Male,27,Premium,3,1999,5,5697.15,Cash on Delivery,Cancelled
104533,CUST1511,2026-08-08,Mumbai,Home & Kitchen,Male,33,Regular,3,999,5,2847.15,Net Banking,Shipped
104534,CUST1483,2025-05-25,Vijayawada,Clothing,Female,50,New,3,199,25,447.75,Cash on Delivery,Delivered
104535,CUST1032,2026-05-29,Ahmedabad,Electronics,Female,19,Premium,1,3999,20,3199.2,Credit Card,Shipped
104536,CUST1276,2026-02-08,Bengaluru,Sports,Male,29,Regular,2,1999,5,3798.1,Debit Card,Cancelled
104537,CUST1138,2025-05-20,Delhi,Home & Kitchen,Male,27,New,4,1999,5,7596.2,Debit Card,Cancelled
104538,CUST1099,2025-09-01,Mumbai,Groceries,Male,54,Regular,2,1299,0,2598.0,Debit Card,Cancelled
104539,CUST1347,2025-04-09,Guntur,Beauty,Male,52,Regular,1,5999,15,5099.15,Credit Card,Cancelled
104540,CUST1205,2026-08-31,Ahmedabad,Beauty,Female,18,Premium,3,299,5,852.15,Debit Card,Returned
104541,CUST1416,2025-11-28,Mumbai,Books,Female,22,Premium,2,5999,20,9598.4,UPI,Delivered
104542,CUST1465,2025-08-06,Vijayawada,Groceries,Male,55,Premium,2,5999,0,11998.0,UPI,Cancelled
104543,CUST1421,2026-02-14,Chennai,Beauty,Female,22,Regular,3,1299,0,3897.0,Cash on Delivery,Returned
104544,CUST1595,2026-01-05,Guntur,Beauty,Female,55,Regular,3,3999,20,9597.6,Cash on Delivery,Delivered
104545,CUST1282,2025-07-08,Bengaluru,Sports,Male,36,New,2,799,15,1358.3,Cash on Delivery,Delivered
104546,CUST1159,2025-10-03,Bengaluru,Clothing,Female,27,Regular,2,5999,10,10798.2,Credit Card,Delivered
104547,CUST1280,2026-05-25,Vijayawada,Home & Kitchen,Male,24,New,4,1999,10,7196.4,Debit Card,Shipped
104548,CUST1526,2025-04-21,Guntur,Electronics,Male,34,Regular,5,1999,5,9495.25,Credit Card,Delivered
104549,CUST1181,2026-04-10,Ahmedabad,Sports,Male,53,Regular,3,299,0,897.0,UPI,Shipped
104550,CUST1025,2025-08-29,Bengaluru,Sports,Male,38,New,2,1999,0,3998.0,Credit Card,Cancelled
104551,CUST1302,2026-03-13,Chennai,Clothing,Female,22,Premium,2,5999,25,8998.5,UPI,Returned
104552,CUST1457,2025-08-24,Guntur,Sports,Female,31,New,2,1299,10,2338.2,Net Banking,Shipped
104553,CUST1421,2025-11-28,Kolkata,Home & Kitchen,Male,20,Regular,3,299,15,762.45,Net Banking,Shipped
104554,CUST1565,2026-08-07,Hyderabad,Home & Kitchen,Female,40,Regular,5,999,10,4495.5,UPI,Returned
104555,CUST1527,2026-08-10,Guntur,Beauty,Male,41,Regular,1,3999,25,2999.25,Net Banking,Shipped
104556,CUST1429,2025-04-20,Pune,Clothing,Male,31,Premium,3,1299,5,3702.15,Cash on Delivery,Delivered
104557,CUST1298,2025-08-17,Mumbai,Clothing,Female,24,Regular,4,1999,25,5997.0,UPI,Cancelled
104558,CUST1021,2025-10-07,Delhi,Groceries,Female,48,New,2,799,15,1358.3,Credit Card,Returned
104559,CUST1384,2025-09-23,Chennai,Clothing,Male,24,Regular,4,199,15,676.6,Net Banking,Cancelled
104560,CUST1144,2025-01-01,Ahmedabad,Beauty,Female,27,New,4,3999,15,13596.6,Debit Card,Delivered
104561,CUST1201,2026-07-22,Guntur,Clothing,Female,46,Premium,4,499,20,1596.8,Cash on Delivery,Cancelled
104562,CUST1265,2026-07-26,Hyderabad,Clothing,Male,41,Regular,4,999,15,3396.6,Credit Card,Delivered
104563,CUST1267,2026-04-09,Mumbai,Clothing,Female,25,Regular,3,1299,0,3897.0,Credit Card,Cancelled
104564,CUST1129,2025-02-20,Mumbai,Mobiles,Female,36,Regular,2,3999,15,6798.3,Cash on Delivery,Returned
104565,CUST1092,2026-08-27,Bengaluru,Home & Kitchen,Female,21,Premium,1,3999,10,3599.1,Debit Card,Returned
104566,CUST1058,2025-07-21,Chennai,Sports,Female,28,Premium,4,5999,25,17997.0,Net Banking,Shipped
104567,CUST1438,2025-07-14,Delhi,Groceries,Female,30,Regular,1,799,5,759.05,Net Banking,Cancelled
104568,CUST1478,2026-08-16,Mumbai,Groceries,Female,50,Regular,1,3999,15,3399.15,Net Banking,Shipped
104569,CUST1277,2025-05-26,Chennai,Mobiles,Female,30,Regular,3,5999,25,13497.75,Cash on Delivery,Shipped
104570,CUST1473,2026-05-30,Guntur,Beauty,Female,31,Premium,4,299,0,1196.0,Debit Card,Cancelled
104571,CUST1379,2025-12-22,Hyderabad,Beauty,Female,50,Premium,2,3999,10,7198.2,Credit Card,Cancelled
104572,CUST1588,2026-07-06,Delhi,Home & Kitchen,Female,38,Premium,4,799,0,3196.0,Debit Card,Delivered
104573,CUST1307,2026-04-03,Chennai,Clothing,Female,54,Premium,5,799,25,2996.25,UPI,Cancelled
104574,CUST1318,2025-06-12,Hyderabad,Beauty,Female,42,New,1,1299,10,1169.1,Debit Card,Shipped
104575,CUST1034,2026-07-18,Bengaluru,Electronics,Female,28,Premium,3,1999,10,5397.3,Cash on Delivery,Returned
104576,CUST1473,2025-01-21,Mumbai,Beauty,Male,21,Regular,2,1299,10,2338.2,Cash on Delivery,Returned
104577,CUST1001,2025-11-25,Ahmedabad,Electronics,Female,40,New,1,5999,25,4499.25,Net Banking,Cancelled
104578,CUST1288,2025-01-24,Mumbai,Clothing,Female,20,Regular,4,499,5,1896.2,UPI,Delivered
104579,CUST1578,2026-05-27,Vijayawada,Home & Kitchen,Male,55,New,1,2499,5,2374.05,Debit Card,Delivered
104580,CUST1184,2025-08-04,Ahmedabad,Sports,Male,22,Premium,5,199,0,995.0,UPI,Cancelled
104581,CUST1181,2026-03-28,Ahmedabad,Electronics,Female,41,Regular,3,5999,15,15297.45,Credit Card,Shipped
104582,CUST1029,2026-05-09,Bengaluru,Mobiles,Female,48,Premium,5,799,25,2996.25,Debit Card,Cancelled
104583,CUST1140,2026-01-21,Mumbai,Groceries,Male,31,New,5,999,10,4495.5,Net Banking,Cancelled
104584,CUST1044,2026-03-01,Chennai,Books,Male,21,Premium,3,299,20,717.6,Credit Card,Cancelled
104585,CUST1433,2025-04-02,Hyderabad,Beauty,Female,34,Premium,2,199,0,398.0,UPI,Shipped
104586,CUST1122,2026-01-10,Delhi,Mobiles,Male,31,Regular,5,799,10,3595.5,Credit Card,Delivered
104587,CUST1156,2026-04-10,Guntur,Home & Kitchen,Male,42,Premium,1,2499,25,1874.25,UPI,Returned
104588,CUST1069,2025-07-12,Kolkata,Beauty,Female,51,New,5,499,5,2370.25,UPI,Delivered
104589,CUST1555,2026-07-12,Kolkata,Groceries,Female,54,Premium,1,499,5,474.05,Cash on Delivery,Delivered
104590,CUST1325,2025-05-24,Chennai,Sports,Female,37,Regular,3,1999,20,4797.6,UPI,Delivered
104591,CUST1463,2026-09-13,Vijayawada,Beauty,Male,55,Premium,2,1299,10,2338.2,Cash on Delivery,Shipped
104592,CUST1238,2025-11-10,Kolkata,Books,Male,21,New,1,5999,5,5699.05,UPI,Returned
104593,CUST1329,2025-12-20,Hyderabad,Electronics,Male,30,Premium,5,299,10,1345.5,Debit Card,Returned
104594,CUST1248,2025-05-22,Ahmedabad,Sports,Male,54,Premium,5,1599,20,6396.0,UPI,Delivered
104595,CUST1219,2026-01-28,Kolkata,Home & Kitchen,Female,42,Regular,4,799,5,3036.2,Credit Card,Cancelled
104596,CUST1308,2026-07-08,Ahmedabad,Beauty,Female,51,Premium,1,499,25,374.25,Net Banking,Shipped
104597,CUST1354,2025-08-30,Pune,Home & Kitchen,Male,22,New,5,1299,20,5196.0,UPI,Cancelled
104598,CUST1318,2025-11-14,Delhi,Home & Kitchen,Male,46,Regular,3,999,20,2397.6,UPI,Cancelled
104599,CUST1194,2025-04-18,Vijayawada,Home & Kitchen,Male,46,Regular,5,1999,0,9995.0,Debit Card,Delivered
104600,CUST1543,2025-05-18,Chennai,Clothing,Male,31,New,3,999,25,2247.75,UPI,Cancelled
104601,CUST1499,2025-04-19,Vijayawada,Clothing,Male,27,Premium,1,799,25,599.25,Cash on Delivery,Shipped
104602,CUST1366,2026-09-02,Guntur,Home & Kitchen,Female,31,Regular,3,1999,10,5397.3,UPI,Delivered
104603,CUST1217,2026-05-21,Chennai,Electronics,Male,28,Regular,5,1599,25,5996.25,UPI,Returned
104604,CUST1179,2026-02-01,Guntur,Home & Kitchen,Female,36,Regular,4,1599,20,5116.8,Credit Card,Delivered
104605,CUST1591,2025-08-01,Pune,Home & Kitchen,Female,43,Regular,2,999,10,1798.2,Cash on Delivery,Shipped
104606,CUST1334,2025-03-07,Ahmedabad,Electronics,Female,37,New,5,499,20,1996.0,Debit Card,Returned
104607,CUST1201,2026-01-09,Delhi,Home & Kitchen,Female,44,Regular,2,1999,15,3398.3,Net Banking,Cancelled
104608,CUST1448,2026-07-11,Mumbai,Sports,Female,49,Regular,4,999,15,3396.6,UPI,Cancelled
104609,CUST1054,2025-05-01,Mumbai,Mobiles,Female,35,Regular,5,1599,10,7195.5,UPI,Delivered
104610,CUST1321,2026-01-19,Ahmedabad,Home & Kitchen,Female,44,Premium,5,5999,0,29995.0,Cash on Delivery,Delivered
104611,CUST1387,2025-11-14,Ahmedabad,Mobiles,Female,20,Premium,2,1599,10,2878.2,Net Banking,Delivered
104612,CUST1400,2025-11-03,Chennai,Home & Kitchen,Female,20,Premium,4,1599,0,6396.0,Debit Card,Delivered
104613,CUST1001,2026-03-04,Vijayawada,Electronics,Male,29,Regular,2,1999,10,3598.2,Credit Card,Delivered
104614,CUST1179,2025-07-08,Ahmedabad,Books,Female,42,New,2,2499,0,4998.0,Cash on Delivery,Returned
104615,CUST1524,2025-09-07,Delhi,Books,Female,23,Regular,3,299,10,807.3,UPI,Shipped
104616,CUST1574,2026-09-04,Ahmedabad,Groceries,Female,32,Premium,3,999,10,2697.3,Credit Card,Cancelled
104617,CUST1069,2026-05-28,Mumbai,Sports,Male,40,Premium,3,3999,20,9597.6,Net Banking,Cancelled
104618,CUST1485,2025-05-27,Pune,Clothing,Male,18,Premium,2,2499,25,3748.5,UPI,Delivered
104619,CUST1310,2026-07-16,Ahmedabad,Mobiles,Male,22,New,1,1999,25,1499.25,UPI,Cancelled
104620,CUST1434,2026-09-14,Hyderabad,Clothing,Male,38,Premium,4,799,5,3036.2,UPI,Cancelled
104621,CUST1105,2025-11-26,Ahmedabad,Mobiles,Female,21,New,5,1599,25,5996.25,Debit Card,Returned
104622,CUST1298,2026-01-11,Pune,Books,Male,23,New,5,799,10,3595.5,Debit Card,Shipped
104623,CUST1527,2025-01-18,Vijayawada,Beauty,Female,35,Premium,5,999,0,4995.0,UPI,Returned
104624,CUST1337,2026-07-15,Hyderabad,Sports,Female,25,Regular,4,499,10,1796.4,UPI,Delivered
104625,CUST1459,2026-08-11,Delhi,Electronics,Female,55,Regular,2,1999,10,3598.2,UPI,Returned
104626,CUST1116,2025-04-05,Chennai,Sports,Male,28,Premium,4,3999,10,14396.4,Debit Card,Shipped
104627,CUST1374,2026-01-24,Kolkata,Home & Kitchen,Female,47,Premium,5,1299,10,5845.5,UPI,Returned
104628,CUST1426,2026-08-21,Ahmedabad,Clothing,Female,42,Premium,5,499,5,2370.25,Debit Card,Delivered
104629,CUST1183,2026-03-22,Delhi,Beauty,Male,19,New,1,2499,25,1874.25,Credit Card,Shipped
104630,CUST1028,2025-12-29,Ahmedabad,Books,Female,55,Premium,1,5999,5,5699.05,Cash on Delivery,Delivered
104631,CUST1268,2025-12-09,Ahmedabad,Books,Male,53,Regular,4,799,25,2397.0,Cash on Delivery,Shipped
104632,CUST1525,2025-07-29,Bengaluru,Clothing,Male,52,Premium,4,1299,20,4156.8,Cash on Delivery,Returned
104633,CUST1091,2025-01-03,Guntur,Clothing,Male,32,Regular,1,2499,20,1999.2,Net Banking,Cancelled
104634,CUST1273,2025-06-13,Chennai,Home & Kitchen,Female,23,Premium,2,799,0,1598.0,Cash on Delivery,Delivered
104635,CUST1516,2026-04-22,Delhi,Beauty,Male,33,Premium,1,499,15,424.15,Net Banking,Returned
104636,CUST1177,2025-02-11,Vijayawada,Electronics,Male,29,New,5,299,5,1420.25,Debit Card,Cancelled
104637,CUST1245,2026-06-16,Pune,Clothing,Female,50,Premium,3,5999,25,13497.75,UPI,Returned
104638,CUST1115,2025-09-19,Hyderabad,Books,Male,39,Premium,5,1299,15,5520.75,Net Banking,Delivered
104639,CUST1169,2025-01-16,Vijayawada,Books,Male,49,New,2,2499,10,4498.2,UPI,Shipped
104640,CUST1283,2025-04-08,Chennai,Books,Male,32,New,2,1999,15,3398.3,Debit Card,Returned
104641,CUST1094,2026-08-11,Delhi,Groceries,Male,33,Regular,2,1299,25,1948.5,Net Banking,Delivered
104642,CUST1167,2025-08-27,Hyderabad,Clothing,Female,27,Premium,4,2499,5,9496.2,Cash on Delivery,Returned
104643,CUST1180,2026-07-21,Guntur,Clothing,Female,46,New,3,999,15,2547.45,UPI,Returned
104644,CUST1109,2025-06-18,Vijayawada,Books,Male,47,Premium,1,2499,5,2374.05,Cash on Delivery,Returned
104645,CUST1399,2025-10-19,Vijayawada,Home & Kitchen,Male,33,Premium,3,5999,5,17097.15,Debit Card,Delivered
104646,CUST1263,2025-04-13,Ahmedabad,Beauty,Female,19,Premium,1,799,10,719.1,Credit Card,Delivered
104647,CUST1263,2026-06-24,Pune,Books,Female,46,New,3,2499,20,5997.6,Debit Card,Cancelled
104648,CUST1296,2026-04-23,Delhi,Books,Female,26,Premium,2,5999,0,11998.0,UPI,Returned
104649,CUST1264,2026-01-05,Ahmedabad,Electronics,Female,42,Regular,4,799,20,2556.8,UPI,Cancelled
104650,CUST1372,2025-11-05,Delhi,Books,Male,36,Premium,3,999,15,2547.45,Debit Card,Shipped
104651,CUST1547,2025-11-21,Mumbai,Books,Female,38,New,2,2499,20,3998.4,Net Banking,Shipped
104652,CUST1488,2025-01-26,Kolkata,Books,Male,22,New,3,799,0,2397.0,Net Banking,Delivered
104653,CUST1512,2025-08-18,Pune,Books,Male,31,Regular,4,3999,20,12796.8,Cash on Delivery,Returned
104654,CUST1258,2025-05-16,Vijayawada,Home & Kitchen,Female,25,New,4,299,10,1076.4,Debit Card,Delivered
104655,CUST1282,2025-07-28,Guntur,Home & Kitchen,Female,48,New,5,5999,5,28495.25,Credit Card,Shipped
104656,CUST1305,2026-04-12,Guntur,Mobiles,Female,31,Regular,2,199,15,338.3,UPI,Delivered
104657,CUST1571,2026-03-16,Kolkata,Mobiles,Female,31,New,2,499,5,948.1,Debit Card,Shipped
104658,CUST1543,2025-04-10,Chennai,Mobiles,Female,40,Premium,1,2499,10,2249.1,Net Banking,Shipped
104659,CUST1541,2026-03-02,Ahmedabad,Books,Female,24,Premium,2,499,0,998.0,UPI,Cancelled
104660,CUST1096,2026-06-04,Kolkata,Clothing,Male,35,New,5,3999,20,15996.0,Net Banking,Delivered
104661,CUST1139,2026-05-24,Hyderabad,Beauty,Female,30,New,5,799,10,3595.5,Net Banking,Cancelled
104662,CUST1193,2025-12-14,Bengaluru,Mobiles,Male,46,New,2,999,5,1898.1,UPI,Cancelled
104663,CUST1190,2025-02-21,Bengaluru,Home & Kitchen,Female,30,Premium,5,5999,5,28495.25,UPI,Delivered
104664,CUST1471,2026-09-20,Chennai,Clothing,Female,30,New,1,5999,25,4499.25,Credit Card,Cancelled
104665,CUST1510,2025-08-21,Vijayawada,Books,Female,48,Premium,1,5999,20,4799.2,Credit Card,Delivered
104666,CUST1172,2026-05-13,Pune,Mobiles,Female,22,New,1,499,0,499.0,Credit Card,Cancelled
104667,CUST1184,2025-04-25,Delhi,Home & Kitchen,Female,36,Premium,5,2499,25,9371.25,Net Banking,Cancelled
104668,CUST1585,2025-06-30,Ahmedabad,Clothing,Female,27,Premium,1,1999,15,1699.15,Credit Card,Delivered
104669,CUST1519,2025-04-03,Ahmedabad,Sports,Male,45,Regular,5,1999,15,8495.75,Debit Card,Delivered
104670,CUST1382,2025-04-20,Bengaluru,Books,Male,27,Regular,5,199,0,995.0,Cash on Delivery,Returned
104671,CUST1228,2025-03-02,Guntur,Beauty,Male,39,Regular,1,5999,5,5699.05,Debit Card,Delivered
104672,CUST1396,2025-01-26,Mumbai,Sports,Female,37,New,1,199,5,189.05,Net Banking,Returned
104673,CUST1094,2025-08-31,Kolkata,Books,Female,50,New,5,999,15,4245.75,Cash on Delivery,Shipped
104674,CUST1080,2025-02-18,Kolkata,Home & Kitchen,Male,44,New,2,299,5,568.1,Cash on Delivery,Shipped
104675,CUST1534,2025-12-05,Hyderabad,Groceries,Male,21,New,1,299,5,284.05,Cash on Delivery,Shipped
104676,CUST1038,2025-08-27,Mumbai,Mobiles,Female,53,Premium,4,199,10,716.4,Credit Card,Cancelled
104677,CUST1334,2025-06-13,Bengaluru,Beauty,Female,35,Regular,2,3999,5,7598.1,Cash on Delivery,Shipped
104678,CUST1305,2025-03-20,Pune,Sports,Male,31,Regular,4,3999,0,15996.0,Debit Card,Shipped
104679,CUST1452,2025-12-30,Vijayawada,Books,Female,45,Regular,3,499,5,1422.15,Cash on Delivery,Shipped
104680,CUST1076,2025-06-21,Delhi,Books,Female,55,New,4,1999,15,6796.6,Debit Card,Cancelled
104681,CUST1175,2025-12-10,Hyderabad,Sports,Female,34,New,2,499,10,898.2,Debit Card,Cancelled
104682,CUST1385,2026-09-11,Bengaluru,Groceries,Female,23,Premium,4,2499,0,9996.0,Cash on Delivery,Delivered
104683,CUST1498,2025-07-13,Chennai,Clothing,Male,45,New,3,2499,20,5997.6,UPI,Cancelled
104684,CUST1380,2026-01-25,Vijayawada,Clothing,Male,38,Regular,3,799,20,1917.6,Credit Card,Cancelled
104685,CUST1268,2025-01-05,Chennai,Mobiles,Male,51,Regular,1,1299,0,1299.0,Net Banking,Delivered
104686,CUST1540,2026-06-28,Pune,Sports,Male,45,Regular,5,799,10,3595.5,Debit Card,Cancelled
104687,CUST1460,2026-07-30,Ahmedabad,Mobiles,Female,26,Regular,4,1299,20,4156.8,Debit Card,Shipped
104688,CUST1394,2026-08-18,Kolkata,Home & Kitchen,Female,38,Regular,1,999,5,949.05,Net Banking,Cancelled
104689,CUST1336,2026-08-23,Hyderabad,Mobiles,Female,48,New,4,5999,20,19196.8,Debit Card,Shipped
104690,CUST1543,2025-02-28,Hyderabad,Beauty,Female,51,Premium,5,299,10,1345.5,Net Banking,Cancelled
104691,CUST1228,2026-01-18,Vijayawada,Books,Female,48,New,1,299,20,239.2,Net Banking,Shipped
104692,CUST1450,2026-04-21,Guntur,Electronics,Male,27,Premium,3,499,5,1422.15,Net Banking,Cancelled
104693,CUST1076,2026-09-20,Kolkata,Mobiles,Female,46,New,4,799,10,2876.4,Debit Card,Shipped
104694,CUST1252,2025-07-05,Mumbai,Clothing,Male,19,New,1,3999,25,2999.25,Debit Card,Cancelled
104695,CUST1494,2026-02-22,Vijayawada,Books,Male,21,New,3,299,20,717.6,Cash on Delivery,Returned
104696,CUST1582,2025-12-02,Chennai,Home & Kitchen,Female,20,New,5,199,15,845.75,UPI,Returned
104697,CUST1497,2025-03-21,Hyderabad,Mobiles,Male,51,Regular,2,199,5,378.1,Cash on Delivery,Returned
104698,CUST1488,2026-08-29,Chennai,Mobiles,Male,24,Regular,1,2499,15,2124.15,Net Banking,Shipped
104699,CUST1503,2026-04-04,Bengaluru,Beauty,Male,23,New,3,3999,5,11397.15,UPI,Returned
104700,CUST1053,2026-09-16,Hyderabad,Mobiles,Male,22,Premium,4,1999,10,7196.4,Credit Card,Shipped
104701,CUST1074,2026-01-15,Kolkata,Electronics,Female,24,New,4,1599,25,4797.0,Net Banking,Cancelled
104702,CUST1512,2025-09-07,Hyderabad,Electronics,Male,18,New,4,199,0,796.0,Credit Card,Shipped
104703,CUST1224,2025-04-30,Ahmedabad,Electronics,Female,24,Premium,2,1599,20,2558.4,UPI,Delivered
104704,CUST1388,2025-03-20,Ahmedabad,Groceries,Female,55,New,5,299,25,1121.25,UPI,Returned
104705,CUST1489,2026-04-20,Guntur,Electronics,Male,36,Premium,4,3999,20,12796.8,Debit Card,Delivered
104706,CUST1573,2025-03-25,Vijayawada,Home & Kitchen,Female,25,Premium,4,799,5,3036.2,Cash on Delivery,Cancelled
104707,CUST1396,2025-05-19,Guntur,Beauty,Female,27,New,5,1299,20,5196.0,UPI,Returned
104708,CUST1309,2025-01-21,Ahmedabad,Beauty,Female,38,New,2,1299,10,2338.2,Credit Card,Cancelled
104709,CUST1146,2025-06-10,Pune,Books,Male,39,Premium,1,2499,25,1874.25,Cash on Delivery,Cancelled
104710,CUST1146,2025-12-03,Bengaluru,Home & Kitchen,Female,31,New,1,499,10,449.1,Debit Card,Shipped
104711,CUST1329,2025-08-21,Bengaluru,Mobiles,Female,25,Premium,1,5999,15,5099.15,Credit Card,Shipped
104712,CUST1093,2025-01-03,Chennai,Home & Kitchen,Male,33,New,2,199,15,338.3,Net Banking,Returned
104713,CUST1315,2026-04-06,Kolkata,Home & Kitchen,Male,50,Premium,4,1999,10,7196.4,Cash on Delivery,Delivered
104714,CUST1045,2026-05-26,Bengaluru,Beauty,Male,20,Premium,2,3999,0,7998.0,Net Banking,Returned
104715,CUST1179,2026-03-04,Ahmedabad,Beauty,Male,28,Premium,4,1999,15,6796.6,Net Banking,Returned
104716,CUST1043,2025-11-16,Bengaluru,Mobiles,Male,44,Regular,5,3999,0,19995.0,Net Banking,Cancelled
104717,CUST1272,2025-09-21,Bengaluru,Beauty,Female,47,Regular,3,5999,20,14397.6,UPI,Shipped
104718,CUST1261,2026-04-07,Vijayawada,Mobiles,Male,29,Premium,1,1299,5,1234.05,Cash on Delivery,Shipped
104719,CUST1437,2025-05-30,Pune,Books,Female,26,Regular,2,1999,15,3398.3,Debit Card,Cancelled
104720,CUST1282,2026-03-15,Hyderabad,Groceries,Male,19,New,3,1299,25,2922.75,UPI,Cancelled
104721,CUST1577,2025-08-28,Bengaluru,Sports,Male,53,Premium,4,1599,10,5756.4,Credit Card,Shipped
104722,CUST1251,2025-05-20,Chennai,Sports,Female,44,Premium,2,999,10,1798.2,Credit Card,Shipped
104723,CUST1496,2026-06-21,Pune,Books,Male,18,New,5,1599,10,7195.5,Net Banking,Delivered
104724,CUST1478,2025-04-26,Mumbai,Clothing,Male,41,Premium,2,799,25,1198.5,Cash on Delivery,Returned
104725,CUST1118,2025-01-09,Guntur,Sports,Male,42,New,1,999,0,999.0,Credit Card,Delivered
104726,CUST1165,2025-12-29,Kolkata,Clothing,Male,40,Premium,2,3999,10,7198.2,Cash on Delivery,Returned
104727,CUST1386,2025-12-12,Chennai,Mobiles,Female,19,Regular,1,3999,0,3999.0,Cash on Delivery,Shipped
104728,CUST1571,2025-05-04,Guntur,Electronics,Male,55,Regular,3,299,0,897.0,Debit Card,Shipped
104729,CUST1500,2025-01-16,Chennai,Home & Kitchen,Male,42,Regular,1,499,15,424.15,Cash on Delivery,Cancelled
104730,CUST1194,2025-05-30,Kolkata,Electronics,Male,42,New,4,5999,15,20396.6,Credit Card,Returned
104731,CUST1103,2026-04-01,Guntur,Books,Male,23,Premium,4,799,25,2397.0,UPI,Returned
104732,CUST1488,2025-12-14,Guntur,Books,Male,35,New,2,3999,20,6398.4,Cash on Delivery,Cancelled
104733,CUST1386,2025-05-18,Bengaluru,Beauty,Male,36,New,5,799,0,3995.0,Net Banking,Shipped
104734,CUST1308,2026-06-03,Vijayawada,Sports,Female,21,Regular,1,1599,15,1359.15,Net Banking,Cancelled
104735,CUST1598,2026-05-01,Bengaluru,Mobiles,Female,26,Premium,3,799,20,1917.6,Net Banking,Returned
104736,CUST1470,2025-06-15,Ahmedabad,Home & Kitchen,Male,36,Regular,3,1299,20,3117.6,Debit Card,Cancelled
104737,CUST1022,2025-01-28,Hyderabad,Clothing,Female,55,Premium,3,499,0,1497.0,Cash on Delivery,Delivered
104738,CUST1330,2025-04-23,Bengaluru,Sports,Male,54,Premium,4,1999,20,6396.8,UPI,Cancelled
104739,CUST1394,2026-03-27,Vijayawada,Beauty,Male,31,New,5,2499,15,10620.75,Net Banking,Cancelled
104740,CUST1131,2025-09-05,Pune,Sports,Male,39,Premium,1,199,25,149.25,Credit Card,Cancelled
104741,CUST1224,2026-02-14,Guntur,Home & Kitchen,Female,28,Regular,2,1999,15,3398.3,Debit Card,Returned
104742,CUST1120,2025-02-02,Guntur,Mobiles,Female,25,Regular,1,799,0,799.0,Credit Card,Shipped
104743,CUST1146,2026-01-09,Bengaluru,Home & Kitchen,Male,39,New,5,799,15,3395.75,Debit Card,Returned
104744,CUST1567,2026-08-17,Delhi,Mobiles,Male,47,New,3,999,5,2847.15,Credit Card,Cancelled
104745,CUST1526,2026-09-16,Ahmedabad,Clothing,Male,40,Regular,2,1299,25,1948.5,Net Banking,Shipped
104746,CUST1496,2025-12-05,Chennai,Beauty,Female,30,Premium,4,499,25,1497.0,Credit Card,Delivered
104747,CUST1145,2026-03-17,Kolkata,Beauty,Female,53,Regular,1,499,0,499.0,Credit Card,Returned
104748,CUST1228,2026-05-08,Mumbai,Mobiles,Male,21,Premium,3,299,10,807.3,Net Banking,Returned
104749,CUST1107,2025-12-29,Vijayawada,Sports,Female,51,Regular,1,1599,15,1359.15,Net Banking,Cancelled
104750,CUST1586,2025-10-26,Chennai,Groceries,Male,23,New,1,1599,10,1439.1,Debit Card,Returned
104751,CUST1175,2026-07-09,Mumbai,Home & Kitchen,Male,51,New,3,999,0,2997.0,Cash on Delivery,Delivered
104752,CUST1237,2025-09-09,Pune,Clothing,Female,28,New,4,799,5,3036.2,Net Banking,Delivered
104753,CUST1205,2026-03-14,Hyderabad,Mobiles,Male,50,Regular,3,1599,0,4797.0,UPI,Cancelled
104754,CUST1278,2026-06-08,Bengaluru,Groceries,Male,18,Regular,3,5999,10,16197.3,Debit Card,Cancelled
104755,CUST1125,2026-04-07,Bengaluru,Beauty,Female,24,Premium,4,1999,10,7196.4,Credit Card,Delivered
104756,CUST1376,2026-02-16,Chennai,Groceries,Female,30,New,2,799,5,1518.1,Debit Card,Returned
104757,CUST1414,2025-12-28,Hyderabad,Mobiles,Male,29,Regular,4,2499,15,8496.6,UPI,Returned
104758,CUST1396,2026-01-26,Ahmedabad,Sports,Male,50,Regular,4,1599,0,6396.0,Credit Card,Returned
104759,CUST1420,2025-03-25,Pune,Sports,Male,26,Regular,1,1599,20,1279.2,Debit Card,Returned
104760,CUST1266,2025-10-05,Guntur,Home & Kitchen,Female,18,Premium,1,5999,25,4499.25,Debit Card,Shipped
104761,CUST1528,2026-08-06,Chennai,Sports,Female,21,New,4,2499,10,8996.4,UPI,Delivered
104762,CUST1500,2026-07-20,Guntur,Beauty,Male,51,Premium,2,199,20,318.4,UPI,Shipped
104763,CUST1580,2026-08-19,Guntur,Groceries,Male,52,Regular,2,1999,0,3998.0,Net Banking,Shipped
104764,CUST1100,2025-04-09,Kolkata,Clothing,Female,41,Regular,4,1299,0,5196.0,Cash on Delivery,Delivered
104765,CUST1442,2025-04-16,Delhi,Sports,Male,26,Regular,5,199,20,796.0,Credit Card,Cancelled
104766,CUST1531,2026-09-04,Ahmedabad,Groceries,Male,50,New,1,1299,5,1234.05,Cash on Delivery,Returned
104767,CUST1206,2025-12-12,Guntur,Groceries,Male,47,Regular,1,1999,15,1699.15,Net Banking,Shipped
104768,CUST1501,2025-04-29,Mumbai,Home & Kitchen,Female,39,Premium,2,1299,5,2468.1,Credit Card,Returned
104769,CUST1532,2026-03-10,Vijayawada,Sports,Female,45,Premium,3,299,0,897.0,Debit Card,Delivered
104770,CUST1467,2026-01-28,Vijayawada,Mobiles,Male,39,Regular,2,3999,0,7998.0,Net Banking,Shipped
104771,CUST1200,2026-02-28,Bengaluru,Clothing,Male,39,New,2,2499,0,4998.0,Credit Card,Shipped
104772,CUST1485,2025-10-18,Bengaluru,Beauty,Female,38,Regular,4,199,25,597.0,Debit Card,Cancelled
104773,CUST1260,2026-03-15,Kolkata,Home & Kitchen,Male,50,Regular,3,999,25,2247.75,Credit Card,Shipped
104774,CUST1523,2025-04-19,Kolkata,Mobiles,Female,35,New,2,1299,10,2338.2,Debit Card,Delivered
104775,CUST1213,2025-08-12,Bengaluru,Beauty,Female,21,Premium,1,1299,0,1299.0,Cash on Delivery,Cancelled
104776,CUST1225,2026-03-05,Kolkata,Mobiles,Female,36,Regular,5,3999,15,16995.75,Cash on Delivery,Delivered
104777,CUST1348,2025-08-22,Chennai,Groceries,Female,23,New,3,299,5,852.15,Cash on Delivery,Cancelled
104778,CUST1457,2026-04-15,Mumbai,Beauty,Female,44,New,2,3999,25,5998.5,UPI,Returned
104779,CUST1239,2026-05-26,Chennai,Beauty,Female,49,Regular,1,799,20,639.2,Debit Card,Cancelled
104780,CUST1258,2025-04-08,Chennai,Mobiles,Male,25,Premium,1,5999,20,4799.2,Credit Card,Delivered
104781,CUST1037,2025-01-13,Ahmedabad,Groceries,Female,50,New,2,5999,10,10798.2,Cash on Delivery,Delivered
104782,CUST1139,2026-05-13,Hyderabad,Groceries,Male,18,Regular,2,5999,25,8998.5,Cash on Delivery,Returned
104783,CUST1514,2025-10-16,Bengaluru,Mobiles,Female,47,Premium,4,1299,0,5196.0,Net Banking,Cancelled
104784,CUST1504,2025-12-25,Ahmedabad,Sports,Female,55,Regular,5,5999,25,22496.25,UPI,Delivered
104785,CUST1301,2025-10-27,Mumbai,Clothing,Male,42,Premium,5,299,15,1270.75,Credit Card,Shipped
104786,CUST1552,2026-08-08,Chennai,Home & Kitchen,Female,51,Regular,3,299,0,897.0,Cash on Delivery,Returned
104787,CUST1309,2026-07-10,Vijayawada,Electronics,Male,32,New,5,3999,20,15996.0,Cash on Delivery,Cancelled
104788,CUST1144,2025-03-03,Bengaluru,Clothing,Male,35,New,2,199,10,358.2,UPI,Returned
104789,CUST1222,2026-02-21,Pune,Home & Kitchen,Female,41,Regular,3,299,5,852.15,Cash on Delivery,Delivered
104790,CUST1073,2025-09-12,Hyderabad,Books,Male,55,Regular,5,1599,25,5996.25,UPI,Cancelled
104791,CUST1556,2025-11-21,Delhi,Beauty,Male,27,Premium,2,2499,15,4248.3,Net Banking,Returned
104792,CUST1117,2026-02-26,Chennai,Sports,Female,38,Regular,4,1599,5,6076.2,UPI,Cancelled
104793,CUST1203,2025-08-21,Kolkata,Groceries,Female,53,Premium,1,1299,25,974.25,Net Banking,Cancelled
104794,CUST1033,2025-09-08,Kolkata,Sports,Male,37,New,1,499,0,499.0,UPI,Shipped
104795,CUST1033,2025-10-14,Chennai,Beauty,Female,29,New,1,5999,15,5099.15,Cash on Delivery,Shipped
104796,CUST1153,2025-08-11,Bengaluru,Clothing,Female,46,New,1,799,10,719.1,Net Banking,Returned
104797,CUST1481,2026-02-07,Ahmedabad,Books,Male,29,New,2,299,15,508.3,UPI,Delivered
104798,CUST1555,2026-05-22,Vijayawada,Clothing,Female,23,Regular,2,1999,10,3598.2,Debit Card,Delivered
104799,CUST1083,2026-05-18,Chennai,Home & Kitchen,Female,21,Premium,5,1599,5,7595.25,Debit Card,Returned
104800,CUST1327,2025-03-24,Guntur,Beauty,Female,28,Regular,5,1599,25,5996.25,UPI,Cancelled
104801,CUST1325,2025-12-26,Kolkata,Beauty,Female,28,New,4,199,15,676.6,Cash on Delivery,Cancelled
104802,CUST1475,2026-04-05,Guntur,Home & Kitchen,Male,54,Premium,4,299,25,897.0,Net Banking,Shipped
104803,CUST1490,2026-09-12,Hyderabad,Mobiles,Male,18,New,1,1999,15,1699.15,Credit Card,Returned
104804,CUST1284,2026-08-15,Bengaluru,Sports,Male,46,Premium,4,499,25,1497.0,Debit Card,Shipped
104805,CUST1559,2025-01-01,Delhi,Electronics,Female,36,Regular,1,799,20,639.2,Debit Card,Cancelled
104806,CUST1425,2026-09-04,Kolkata,Books,Female,35,Premium,1,5999,20,4799.2,Credit Card,Shipped
104807,CUST1171,2025-01-08,Mumbai,Beauty,Female,19,Premium,2,3999,5,7598.1,Credit Card,Returned
104808,CUST1377,2026-01-11,Bengaluru,Sports,Female,42,Regular,3,1999,20,4797.6,Credit Card,Delivered
104809,CUST1429,2026-08-17,Bengaluru,Groceries,Male,50,New,2,999,25,1498.5,Credit Card,Shipped
104810,CUST1380,2025-06-03,Hyderabad,Books,Male,26,New,2,1299,15,2208.3,Cash on Delivery,Returned
104811,CUST1004,2025-11-10,Ahmedabad,Books,Female,41,Premium,2,1299,25,1948.5,Cash on Delivery,Shipped
104812,CUST1435,2025-04-11,Mumbai,Home & Kitchen,Male,34,Regular,3,3999,5,11397.15,Cash on Delivery,Returned
104813,CUST1515,2025-01-03,Hyderabad,Mobiles,Male,21,New,2,2499,5,4748.1,Credit Card,Cancelled
104814,CUST1439,2025-11-20,Bengaluru,Clothing,Female,55,New,5,2499,25,9371.25,Net Banking,Returned
104815,CUST1230,2026-09-20,Ahmedabad,Groceries,Male,50,New,4,3999,5,15196.2,Credit Card,Returned
104816,CUST1565,2026-03-16,Mumbai,Home & Kitchen,Female,50,New,5,2499,5,11870.25,Cash on Delivery,Shipped
104817,CUST1388,2026-07-25,Pune,Home & Kitchen,Male,33,Regular,4,2499,0,9996.0,UPI,Returned
104818,CUST1557,2026-09-10,Delhi,Groceries,Female,26,New,5,799,15,3395.75,Net Banking,Delivered
104819,CUST1414,2026-01-21,Hyderabad,Groceries,Male,36,New,5,999,20,3996.0,Net Banking,Cancelled
104820,CUST1158,2025-02-28,Vijayawada,Beauty,Female,29,Premium,5,1599,15,6795.75,UPI,Delivered
104821,CUST1455,2026-04-06,Kolkata,Beauty,Female,32,Premium,4,1999,15,6796.6,Net Banking,Returned
104822,CUST1047,2025-03-19,Pune,Mobiles,Female,45,Premium,5,299,20,1196.0,Net Banking,Shipped
104823,CUST1498,2025-08-11,Bengaluru,Electronics,Female,28,Regular,1,1299,5,1234.05,Credit Card,Returned
104824,CUST1156,2025-05-01,Bengaluru,Mobiles,Female,30,Regular,1,799,5,759.05,Debit Card,Delivered
104825,CUST1114,2026-06-25,Ahmedabad,Beauty,Female,23,New,5,999,20,3996.0,Credit Card,Cancelled
104826,CUST1484,2025-01-22,Vijayawada,Books,Female,43,New,4,799,10,2876.4,Net Banking,Cancelled
104827,CUST1536,2026-05-03,Pune,Electronics,Male,47,New,2,1599,25,2398.5,Net Banking,Cancelled
104828,CUST1364,2025-08-21,Kolkata,Electronics,Male,55,Premium,5,5999,25,22496.25,Net Banking,Returned
104829,CUST1275,2026-03-21,Pune,Electronics,Female,22,Regular,5,499,25,1871.25,Net Banking,Delivered
104830,CUST1229,2025-11-14,Pune,Mobiles,Female,35,New,5,1999,25,7496.25,Debit Card,Cancelled
104831,CUST1579,2025-08-29,Mumbai,Clothing,Male,49,Regular,4,999,20,3196.8,Net Banking,Returned
104832,CUST1145,2026-04-13,Mumbai,Books,Female,23,Regular,2,499,5,948.1,Credit Card,Shipped
104833,CUST1012,2025-02-04,Vijayawada,Mobiles,Female,21,Regular,1,499,15,424.15,Cash on Delivery,Returned
104834,CUST1040,2026-03-24,Pune,Clothing,Female,40,New,5,799,20,3196.0,Net Banking,Returned
104835,CUST1529,2026-09-01,Guntur,Home & Kitchen,Male,49,Regular,1,299,15,254.15,UPI,Delivered
104836,CUST1083,2025-01-26,Pune,Sports,Female,54,New,4,3999,20,12796.8,Net Banking,Shipped
104837,CUST1365,2025-05-28,Mumbai,Sports,Male,31,New,3,999,10,2697.3,Credit Card,Delivered
104838,CUST1287,2025-11-07,Guntur,Groceries,Female,23,Regular,5,3999,10,17995.5,Cash on Delivery,Shipped
104839,CUST1082,2025-08-02,Pune,Beauty,Female,55,New,1,799,20,639.2,Cash on Delivery,Delivered
104840,CUST1067,2025-12-24,Hyderabad,Beauty,Male,44,New,4,3999,10,14396.4,UPI,Shipped
104841,CUST1515,2026-06-16,Guntur,Clothing,Female,30,New,4,999,0,3996.0,Cash on Delivery,Shipped
104842,CUST1322,2026-06-28,Vijayawada,Mobiles,Female,26,Premium,2,299,10,538.2,Net Banking,Shipped
104843,CUST1058,2025-01-08,Pune,Home & Kitchen,Male,50,Regular,2,2499,10,4498.2,UPI,Cancelled
104844,CUST1110,2026-01-28,Ahmedabad,Clothing,Male,44,New,1,2499,5,2374.05,Debit Card,Cancelled
104845,CUST1270,2026-06-25,Ahmedabad,Clothing,Female,35,New,5,1599,10,7195.5,Net Banking,Shipped
104846,CUST1471,2026-07-11,Guntur,Home & Kitchen,Female,21,Premium,4,1299,10,4676.4,Debit Card,Cancelled
104847,CUST1484,2026-06-07,Hyderabad,Sports,Female,42,New,4,999,20,3196.8,Credit Card,Delivered
104848,CUST1599,2025-02-18,Bengaluru,Books,Female,24,Regular,3,1599,0,4797.0,UPI,Delivered
104849,CUST1428,2025-05-22,Mumbai,Sports,Female,45,New,2,1299,0,2598.0,Debit Card,Delivered
104850,CUST1370,2025-12-24,Pune,Mobiles,Female,39,Regular,5,199,20,796.0,Net Banking,Shipped
104851,CUST1099,2026-05-03,Ahmedabad,Books,Female,35,New,5,799,20,3196.0,Cash on Delivery,Shipped
104852,CUST1196,2026-08-04,Pune,Home & Kitchen,Male,54,Premium,5,199,25,746.25,Cash on Delivery,Delivered
104853,CUST1467,2026-08-30,Mumbai,Books,Female,22,Regular,1,199,5,189.05,Credit Card,Cancelled
104854,CUST1077,2025-08-22,Ahmedabad,Electronics,Male,45,Premium,2,299,0,598.0,Cash on Delivery,Shipped
104855,CUST1566,2025-08-29,Guntur,Groceries,Male,18,Premium,4,1999,5,7596.2,Net Banking,Shipped
104856,CUST1256,2025-04-11,Delhi,Electronics,Male,37,Regular,3,1299,5,3702.15,Credit Card,Shipped
104857,CUST1158,2025-07-05,Pune,Beauty,Female,43,Premium,5,1999,10,8995.5,Cash on Delivery,Returned
104858,CUST1568,2026-06-29,Hyderabad,Electronics,Male,41,Premium,1,5999,10,5399.1,Net Banking,Cancelled
104859,CUST1481,2025-08-09,Pune,Electronics,Male,38,Regular,5,299,10,1345.5,Credit Card,Cancelled
104860,CUST1051,2026-04-10,Delhi,Mobiles,Female,24,Regular,5,299,20,1196.0,Net Banking,Delivered
104861,CUST1438,2025-12-22,Mumbai,Clothing,Female,34,New,1,999,10,899.1,Cash on Delivery,Delivered
104862,CUST1425,2025-02-06,Vijayawada,Beauty,Female,45,Premium,1,1599,10,1439.1,Net Banking,Cancelled
104863,CUST1241,2025-10-25,Mumbai,Groceries,Female,49,Regular,3,5999,10,16197.3,Cash on Delivery,Cancelled
104864,CUST1047,2026-09-11,Vijayawada,Groceries,Female,36,New,5,1299,20,5196.0,Credit Card,Delivered
104865,CUST1440,2026-03-15,Bengaluru,Books,Male,51,Premium,2,499,15,848.3,Cash on Delivery,Delivered
104866,CUST1530,2025-11-16,Chennai,Beauty,Male,39,Premium,4,499,20,1596.8,UPI,Cancelled
104867,CUST1370,2025-07-31,Guntur,Groceries,Male,30,Regular,2,299,25,448.5,Cash on Delivery,Delivered
104868,CUST1497,2025-04-22,Kolkata,Books,Female,30,Regular,4,199,5,756.2,Debit Card,Returned
104869,CUST1180,2026-08-15,Chennai,Clothing,Female,42,New,2,1999,5,3798.1,Net Banking,Returned
104870,CUST1535,2026-07-25,Kolkata,Sports,Female,30,New,2,499,10,898.2,Credit Card,Cancelled
104871,CUST1459,2026-05-23,Bengaluru,Mobiles,Female,19,Regular,3,199,20,477.6,Credit Card,Returned
104872,CUST1107,2025-06-05,Delhi,Sports,Female,39,Regular,5,5999,15,25495.75,Cash on Delivery,Delivered
104873,CUST1297,2026-01-30,Bengaluru,Home & Kitchen,Female,25,New,1,2499,5,2374.05,Net Banking,Delivered
104874,CUST1321,2026-09-04,Guntur,Home & Kitchen,Female,24,Regular,3,999,10,2697.3,Credit Card,Returned
104875,CUST1007,2025-08-31,Guntur,Beauty,Male,46,New,3,2499,10,6747.3,Cash on Delivery,Cancelled
104876,CUST1334,2026-09-14,Chennai,Groceries,Female,40,New,1,999,10,899.1,UPI,Delivered
104877,CUST1283,2026-01-04,Mumbai,Clothing,Female,37,New,4,3999,0,15996.0,Debit Card,Returned
104878,CUST1531,2025-08-22,Bengaluru,Electronics,Male,30,Regular,2,1999,15,3398.3,UPI,Returned
104879,CUST1006,2026-06-03,Delhi,Clothing,Female,48,Premium,1,199,20,159.2,UPI,Cancelled
104880,CUST1368,2025-12-20,Guntur,Books,Female,38,Premium,1,999,20,799.2,Credit Card,Returned
104881,CUST1479,2025-08-06,Vijayawada,Beauty,Female,22,Premium,4,2499,0,9996.0,UPI,Cancelled
104882,CUST1392,2025-09-05,Kolkata,Books,Male,47,Premium,5,2499,0,12495.0,Credit Card,Shipped
104883,CUST1467,2025-01-24,Hyderabad,Books,Female,35,Regular,5,3999,0,19995.0,Debit Card,Delivered
104884,CUST1387,2025-08-30,Hyderabad,Books,Female,25,Premium,1,5999,0,5999.0,Net Banking,Delivered
104885,CUST1237,2026-06-08,Chennai,Electronics,Male,29,Regular,1,2499,15,2124.15,Cash on Delivery,Shipped
104886,CUST1212,2025-05-23,Delhi,Groceries,Female,38,New,4,499,5,1896.2,Debit Card,Shipped
104887,CUST1600,2025-05-30,Hyderabad,Books,Female,32,Regular,4,199,10,716.4,Credit Card,Cancelled
104888,CUST1375,2025-05-25,Bengaluru,Groceries,Male,40,New,2,1599,25,2398.5,Net Banking,Returned
104889,CUST1200,2025-07-14,Pune,Beauty,Female,27,Regular,3,1299,0,3897.0,UPI,Returned
104890,CUST1470,2025-03-05,Vijayawada,Mobiles,Female,18,Premium,1,3999,20,3199.2,Debit Card,Delivered
104891,CUST1298,2025-09-22,Guntur,Clothing,Male,30,Regular,2,299,15,508.3,Debit Card,Returned
104892,CUST1370,2025-11-14,Bengaluru,Home & Kitchen,Female,20,New,1,5999,5,5699.05,Cash on Delivery,Shipped
104893,CUST1172,2026-07-07,Chennai,Books,Male,41,Regular,5,5999,5,28495.25,Net Banking,Shipped
104894,CUST1308,2026-07-05,Pune,Home & Kitchen,Male,38,New,5,1299,20,5196.0,Cash on Delivery,Cancelled
104895,CUST1278,2026-05-13,Ahmedabad,Mobiles,Female,40,Regular,3,499,20,1197.6,Debit Card,Cancelled
104896,CUST1342,2025-04-15,Mumbai,Groceries,Male,45,Regular,2,2499,20,3998.4,Cash on Delivery,Returned
104897,CUST1083,2025-12-22,Hyderabad,Clothing,Male,26,Premium,4,199,5,756.2,UPI,Shipped
104898,CUST1216,2025-08-18,Bengaluru,Home & Kitchen,Male,37,Regular,5,1999,10,8995.5,Net Banking,Shipped
104899,CUST1465,2025-12-10,Bengaluru,Groceries,Female,51,New,3,5999,10,16197.3,Net Banking,Shipped
104900,CUST1221,2026-01-06,Hyderabad,Groceries,Female,33,Regular,2,1299,10,2338.2,Credit Card,Delivered
104901,CUST1294,2025-12-27,Mumbai,Beauty,Male,45,Premium,1,1999,5,1899.05,Net Banking,Shipped
104902,CUST1488,2025-09-19,Pune,Beauty,Male,19,Premium,4,299,10,1076.4,UPI,Delivered
104903,CUST1184,2025-02-09,Guntur,Home & Kitchen,Male,55,Regular,2,199,5,378.1,Debit Card,Delivered
104904,CUST1525,2025-07-03,Chennai,Home & Kitchen,Male,27,Premium,1,1599,20,1279.2,Debit Card,Cancelled
104905,CUST1420,2025-04-12,Chennai,Home & Kitchen,Female,26,New,3,499,5,1422.15,Debit Card,Cancelled
104906,CUST1345,2025-11-24,Hyderabad,Books,Female,25,Premium,2,1999,0,3998.0,Cash on Delivery,Returned
104907,CUST1513,2026-07-11,Hyderabad,Clothing,Male,40,Premium,4,1999,20,6396.8,UPI,Shipped
104908,CUST1191,2025-07-02,Chennai,Home & Kitchen,Female,30,Regular,4,2499,10,8996.4,Debit Card,Cancelled
104909,CUST1213,2026-03-01,Chennai,Beauty,Male,23,New,5,5999,0,29995.0,Debit Card,Returned
104910,CUST1181,2025-03-26,Chennai,Clothing,Female,36,Regular,5,1999,5,9495.25,Debit Card,Shipped
104911,CUST1166,2026-04-10,Mumbai,Electronics,Male,31,Regular,5,1999,15,8495.75,Cash on Delivery,Cancelled
104912,CUST1547,2025-01-23,Mumbai,Clothing,Female,18,Regular,5,799,0,3995.0,Net Banking,Returned
104913,CUST1586,2026-05-23,Ahmedabad,Groceries,Male,54,Premium,5,1599,20,6396.0,UPI,Cancelled
104914,CUST1121,2026-07-30,Vijayawada,Groceries,Male,18,New,4,999,15,3396.6,Credit Card,Cancelled
104915,CUST1507,2025-04-04,Pune,Beauty,Male,46,New,3,1299,0,3897.0,Debit Card,Shipped
104916,CUST1134,2025-07-27,Kolkata,Beauty,Female,45,Premium,2,1999,0,3998.0,Cash on Delivery,Cancelled
104917,CUST1092,2026-07-07,Mumbai,Home & Kitchen,Male,21,Premium,3,799,0,2397.0,Cash on Delivery,Cancelled
104918,CUST1473,2025-03-28,Chennai,Beauty,Female,36,Premium,3,3999,10,10797.3,Credit Card,Delivered
104919,CUST1508,2025-01-19,Guntur,Electronics,Male,21,Premium,3,1299,15,3312.45,Credit Card,Returned
104920,CUST1571,2025-12-05,Kolkata,Sports,Female,46,Premium,5,1599,0,7995.0,Credit Card,Cancelled
104921,CUST1165,2026-06-18,Chennai,Clothing,Female,54,Regular,3,799,10,2157.3,Debit Card,Shipped
104922,CUST1562,2025-04-14,Mumbai,Electronics,Female,26,Premium,2,1299,25,1948.5,UPI,Delivered
104923,CUST1049,2026-07-19,Ahmedabad,Clothing,Female,25,Regular,1,5999,10,5399.1,UPI,Cancelled
104924,CUST1358,2025-01-03,Hyderabad,Clothing,Male,35,Regular,3,199,20,477.6,Debit Card,Shipped
104925,CUST1261,2026-09-08,Guntur,Home & Kitchen,Male,44,Regular,4,799,15,2716.6,Cash on Delivery,Shipped
104926,CUST1589,2025-11-24,Vijayawada,Books,Female,31,Premium,3,799,25,1797.75,Cash on Delivery,Delivered
104927,CUST1550,2025-10-24,Guntur,Mobiles,Female,35,New,2,999,0,1998.0,Debit Card,Shipped
104928,CUST1346,2026-08-08,Vijayawada,Mobiles,Female,50,New,4,2499,25,7497.0,UPI,Delivered
104929,CUST1157,2026-07-16,Bengaluru,Beauty,Female,25,Regular,5,299,5,1420.25,Credit Card,Delivered
104930,CUST1009,2026-09-12,Ahmedabad,Mobiles,Male,45,Premium,4,199,5,756.2,Credit Card,Cancelled
104931,CUST1077,2025-04-14,Delhi,Sports,Male,33,New,3,3999,0,11997.0,Cash on Delivery,Delivered
104932,CUST1511,2025-05-19,Ahmedabad,Mobiles,Male,52,Regular,3,799,5,2277.15,UPI,Cancelled
104933,CUST1564,2025-08-30,Delhi,Home & Kitchen,Female,30,Regular,4,1999,10,7196.4,UPI,Returned
104934,CUST1332,2025-05-22,Chennai,Groceries,Male,19,New,1,5999,0,5999.0,Credit Card,Shipped
104935,CUST1279,2025-12-11,Delhi,Books,Male,30,New,4,3999,15,13596.6,UPI,Delivered
104936,CUST1516,2026-01-01,Chennai,Books,Female,28,New,1,3999,15,3399.15,Cash on Delivery,Returned
104937,CUST1218,2025-07-22,Hyderabad,Electronics,Male,37,Premium,1,1299,10,1169.1,Net Banking,Delivered
104938,CUST1351,2025-09-10,Chennai,Beauty,Female,49,New,1,1299,15,1104.15,Credit Card,Returned
104939,CUST1086,2025-11-10,Bengaluru,Sports,Male,29,Premium,4,799,10,2876.4,Credit Card,Shipped
104940,CUST1317,2025-05-23,Kolkata,Sports,Male,46,Premium,3,5999,5,17097.15,Net Banking,Shipped
104941,CUST1449,2025-09-19,Delhi,Sports,Male,32,Regular,5,1599,10,7195.5,Credit Card,Delivered
104942,CUST1397,2026-09-15,Bengaluru,Electronics,Female,36,New,4,199,25,597.0,Credit Card,Shipped
104943,CUST1160,2025-03-20,Bengaluru,Books,Female,50,New,3,999,0,2997.0,UPI,Returned
104944,CUST1202,2025-12-09,Vijayawada,Mobiles,Male,30,Premium,1,299,15,254.15,Debit Card,Delivered
104945,CUST1355,2025-09-16,Vijayawada,Beauty,Female,30,Regular,1,199,25,149.25,Debit Card,Shipped
104946,CUST1416,2026-04-21,Bengaluru,Sports,Female,30,Regular,2,299,5,568.1,Cash on Delivery,Returned
104947,CUST1491,2026-06-06,Bengaluru,Beauty,Female,29,Regular,4,3999,15,13596.6,Net Banking,Returned
104948,CUST1239,2025-07-19,Chennai,Groceries,Male,49,Premium,1,299,25,224.25,Net Banking,Shipped
104949,CUST1428,2025-04-07,Delhi,Clothing,Female,22,Regular,4,199,5,756.2,Net Banking,Cancelled
104950,CUST1316,2025-04-07,Delhi,Sports,Female,25,Regular,5,1299,0,6495.0,UPI,Shipped
104951,CUST1154,2026-07-12,Mumbai,Electronics,Female,50,New,3,3999,10,10797.3,Credit Card,Returned
104952,CUST1315,2026-08-03,Guntur,Electronics,Female,42,New,3,1599,0,4797.0,Debit Card,Shipped
104953,CUST1541,2025-07-14,Ahmedabad,Electronics,Female,20,Regular,2,1299,15,2208.3,Net Banking,Delivered
104954,CUST1495,2025-07-15,Guntur,Clothing,Male,21,New,1,799,10,719.1,Cash on Delivery,Shipped
104955,CUST1372,2025-01-26,Ahmedabad,Sports,Male,26,Premium,2,799,20,1278.4,Credit Card,Delivered
104956,CUST1047,2026-04-21,Chennai,Groceries,Female,53,New,2,499,5,948.1,Credit Card,Shipped
104957,CUST1368,2026-08-14,Guntur,Clothing,Male,33,Premium,5,3999,25,14996.25,Net Banking,Returned
104958,CUST1469,2026-04-26,Ahmedabad,Home & Kitchen,Female,53,Regular,2,2499,25,3748.5,Cash on Delivery,Returned
104959,CUST1008,2026-07-01,Kolkata,Books,Male,26,Premium,2,799,15,1358.3,Cash on Delivery,Returned
104960,CUST1267,2025-12-03,Kolkata,Beauty,Female,47,Regular,1,999,10,899.1,Credit Card,Delivered
104961,CUST1541,2026-02-17,Guntur,Books,Female,54,Premium,2,199,15,338.3,UPI,Returned
104962,CUST1527,2025-05-25,Guntur,Clothing,Male,18,New,1,499,20,399.2,Net Banking,Cancelled
104963,CUST1297,2025-09-01,Guntur,Clothing,Male,46,Premium,2,3999,0,7998.0,Cash on Delivery,Shipped
104964,CUST1002,2025-07-19,Delhi,Books,Female,21,Regular,1,5999,10,5399.1,Debit Card,Shipped
104965,CUST1171,2025-06-24,Ahmedabad,Electronics,Male,51,Regular,4,299,20,956.8,Debit Card,Delivered
104966,CUST1219,2026-02-24,Mumbai,Home & Kitchen,Female,21,Premium,1,5999,15,5099.15,Net Banking,Cancelled
104967,CUST1247,2025-04-28,Kolkata,Clothing,Male,49,New,4,799,5,3036.2,Debit Card,Returned
104968,CUST1488,2025-10-29,Mumbai,Home & Kitchen,Male,44,Premium,1,199,5,189.05,Debit Card,Cancelled
104969,CUST1547,2025-05-06,Chennai,Sports,Male,45,New,3,499,10,1347.3,Debit Card,Returned
104970,CUST1290,2026-06-14,Bengaluru,Beauty,Female,50,Regular,1,299,15,254.15,Cash on Delivery,Delivered
104971,CUST1061,2025-07-14,Guntur,Electronics,Male,24,Regular,2,5999,20,9598.4,Net Banking,Cancelled
104972,CUST1539,2025-05-04,Guntur,Clothing,Male,24,Regular,1,2499,10,2249.1,Cash on Delivery,Delivered
104973,CUST1346,2025-05-15,Ahmedabad,Beauty,Male,50,Premium,2,1299,5,2468.1,UPI,Delivered
104974,CUST1144,2025-10-05,Chennai,Sports,Female,32,New,1,2499,0,2499.0,Cash on Delivery,Returned
104975,CUST1464,2026-01-27,Guntur,Beauty,Male,47,Premium,4,199,5,756.2,Net Banking,Cancelled
104976,CUST1092,2026-04-25,Kolkata,Clothing,Male,52,New,5,5999,15,25495.75,Debit Card,Returned
104977,CUST1013,2026-03-31,Bengaluru,Mobiles,Male,18,Premium,1,1299,0,1299.0,Net Banking,Delivered
104978,CUST1221,2025-07-09,Guntur,Clothing,Female,50,New,5,499,0,2495.0,Debit Card,Delivered
104979,CUST1303,2025-11-05,Bengaluru,Beauty,Female,52,Premium,2,199,10,358.2,Net Banking,Cancelled
104980,CUST1227,2025-05-31,Bengaluru,Electronics,Male,23,Premium,3,3999,15,10197.45,Cash on Delivery,Returned
104981,CUST1284,2026-06-23,Pune,Electronics,Male,34,New,5,799,5,3795.25,Net Banking,Cancelled
104982,CUST1045,2025-04-02,Chennai,Electronics,Female,42,Regular,1,799,25,599.25,UPI,Returned
104983,CUST1412,2025-01-05,Kolkata,Books,Female,37,Premium,4,299,15,1016.6,Net Banking,Shipped
104984,CUST1130,2025-02-01,Kolkata,Books,Male,50,New,5,2499,15,10620.75,Net Banking,Returned
104985,CUST1232,2026-08-11,Bengaluru,Books,Female,21,Regular,4,3999,5,15196.2,Debit Card,Returned
104986,CUST1176,2025-05-26,Guntur,Groceries,Female,30,Premium,3,1999,15,5097.45,Cash on Delivery,Shipped
104987,CUST1008,2025-01-27,Bengaluru,Books,Male,48,Premium,5,299,15,1270.75,Credit Card,Shipped
104988,CUST1450,2025-03-11,Hyderabad,Beauty,Female,51,Regular,5,199,0,995.0,Credit Card,Returned
104989,CUST1569,2025-05-18,Ahmedabad,Groceries,Female,50,Regular,1,2499,10,2249.1,UPI,Cancelled
104990,CUST1468,2026-05-08,Guntur,Home & Kitchen,Female,38,Regular,1,1299,25,974.25,Debit Card,Returned
104991,CUST1324,2025-10-12,Mumbai,Beauty,Female,47,New,1,5999,15,5099.15,Debit Card,Returned
104992,CUST1040,2025-04-25,Delhi,Electronics,Male,51,Premium,1,299,5,284.05,UPI,Cancelled
104993,CUST1584,2026-06-24,Mumbai,Mobiles,Male,44,New,5,799,10,3595.5,Debit Card,Cancelled
104994,CUST1081,2025-05-21,Pune,Electronics,Male,30,Regular,3,1999,15,5097.45,Net Banking,Cancelled
104995,CUST1068,2026-07-03,Kolkata,Beauty,Male,18,Regular,1,2499,15,2124.15,Credit Card,Cancelled
104996,CUST1508,2025-05-29,Kolkata,Sports,Male,26,New,2,3999,20,6398.4,UPI,Delivered
104997,CUST1579,2025-09-04,Chennai,Electronics,Male,35,New,2,3999,20,6398.4,UPI,Shipped
104998,CUST1317,2026-05-17,Ahmedabad,Electronics,Male,37,New,4,1299,20,4156.8,Debit Card,Returned
104999,CUST1461,2025-12-07,Kolkata,Mobiles,Male,20,Premium,1,499,10,449.1,Debit Card,Delivered
105000,CUST1008,2025-05-27,Bengaluru,Beauty,Male,43,Premium,4,3999,20,12796.8,UPI,Delivered
